area_sqft,floors,quality,location_factor,duration_months,cost_inr
1.561474734198568876e+04,2.000000000000000000e+00,3.000000000000000000e+00,9.308895107366188526e-01,2.104622736299685215e+01,3.974984764212535322e+07
9.114241731189815255e+03,1.000000000000000000e+00,1.000000000000000000e+00,1.197756620336371203e+00,2.797186299764955209e+01,2.298097255254584178e+07
1.725679964628081871e+04,6.000000000000000000e+00,3.000000000000000000e+00,1.260116912181687976e+00,1.164676115688998337e+01,7.332519352434223890e+07
1.412893976375165948e+04,6.000000000000000000e+00,2.000000000000000000e+00,8.999816858170847089e-01,1.931371720437999073e+01,3.415485579999166727e+07
2.427040549020401158e+03,7.000000000000000000e+00,3.000000000000000000e+00,8.263149700507496087e-01,2.197590387554799918e+01,7.270933566088035703e+06
1.952707362175306480e+04,8.000000000000000000e+00,2.000000000000000000e+00,1.063752425180803263e+00,2.806696115877696585e+01,5.876386220892643183e+07
1.536611021861284826e+04,4.000000000000000000e+00,1.000000000000000000e+00,1.264414451595462285e+00,3.493361132379322953e+01,4.200420948314630985e+07
1.584964752237290486e+04,7.000000000000000000e+00,3.000000000000000000e+00,1.190467901344485657e+00,3.144826644012874439e+01,5.975369538437570632e+07
3.085404473905589839e+03,6.000000000000000000e+00,2.000000000000000000e+00,1.221129032248754687e+00,2.464555260689850513e+01,1.105750625566849299e+07
9.337487195174002409e+03,3.000000000000000000e+00,2.000000000000000000e+00,1.041703603996021021e+00,2.350922024504427910e+01,2.345178616586171463e+07
7.793481670112076245e+03,7.000000000000000000e+00,2.000000000000000000e+00,9.409673271518419480e-01,2.409560079218012163e+01,1.931698553972327337e+07
1.857924078366287358e+04,1.000000000000000000e+00,2.000000000000000000e+00,1.119067305970765647e+00,2.235535927979321258e+01,5.021220242078386247e+07
1.309098332956489139e+04,5.000000000000000000e+00,2.000000000000000000e+00,9.226194162495181539e-01,7.780886407767706459e+00,3.180935900013813749e+07
1.656157529745410284e+04,8.000000000000000000e+00,1.000000000000000000e+00,1.235737218191039322e+00,2.694889183764615126e+01,4.808397430446942896e+07
9.202235457250224499e+03,6.000000000000000000e+00,1.000000000000000000e+00,9.181798735756862007e-01,2.749010400388808861e+01,1.872350344542773440e+07
5.008431202624671641e+03,8.000000000000000000e+00,1.000000000000000000e+00,9.747579600286049306e-01,2.137441086801082335e+01,1.260429349740855023e+07
1.135894486810719536e+04,1.000000000000000000e+00,1.000000000000000000e+00,1.103926866993803158e+00,3.211162816207628623e+01,2.541694860429505631e+07
1.838054768421001199e+03,5.000000000000000000e+00,3.000000000000000000e+00,1.092025960486096903e+00,2.617310408270035538e+01,7.011623005818696693e+06
1.665604473665609112e+04,7.000000000000000000e+00,1.000000000000000000e+00,1.160509625844217574e+00,1.687993973571050788e+01,4.411370726529662311e+07
1.285428934296805710e+04,6.000000000000000000e+00,1.000000000000000000e+00,1.062466760299950241e+00,6.590830607959027532e+00,3.133389566571620479e+07
1.530690215765625180e+04,8.000000000000000000e+00,1.000000000000000000e+00,1.351683985106054697e+00,7.774849394930402724e+00,4.869730011246584356e+07
7.477803781719446306e+03,4.000000000000000000e+00,3.000000000000000000e+00,1.303960456518312938e+00,1.655394784925358920e+01,3.082324991879559308e+07
1.943154167326112292e+04,6.000000000000000000e+00,2.000000000000000000e+00,1.327468070741983031e+00,1.986315975596048489e+01,7.220735492957693338e+07
1.792654975365063365e+04,4.000000000000000000e+00,1.000000000000000000e+00,1.177709942842062540e+00,1.100613358525275132e+01,4.128162949918252230e+07
1.570063984323097975e+04,7.000000000000000000e+00,2.000000000000000000e+00,1.181004749516483709e+00,1.167984919267896338e+01,4.779066204734804481e+07
4.375990932328170857e+03,1.000000000000000000e+00,1.000000000000000000e+00,1.165519210229569058e+00,1.290634076338008995e+01,1.023700683753918484e+07
9.654387472304462790e+03,3.000000000000000000e+00,1.000000000000000000e+00,1.060930492652873758e+00,2.941540018728818140e+01,2.153554054874285311e+07
1.449793056272238118e+03,1.000000000000000000e+00,1.000000000000000000e+00,9.932636006403575690e-01,2.913863522855314159e+01,3.618538205106899142e+06
3.593216146110427871e+03,6.000000000000000000e+00,3.000000000000000000e+00,1.155201732469322229e+00,1.748816956241336484e+01,1.375699984183260426e+07
1.385114969290362023e+04,2.000000000000000000e+00,1.000000000000000000e+00,8.153191022830702517e-01,1.117093144753187417e+01,2.338322722312120348e+07
1.504838582461165242e+04,3.000000000000000000e+00,2.000000000000000000e+00,8.044738588542819091e-01,9.327251551904076621e+00,2.920878138381211460e+07
1.936968880922367316e+04,7.000000000000000000e+00,3.000000000000000000e+00,1.310985095778049114e+00,8.613879361415197167e+00,8.340626610897447169e+07
6.921011947880148000e+03,3.000000000000000000e+00,3.000000000000000000e+00,8.278544268665734007e-01,1.773837752698116077e+01,1.664573089561618492e+07
7.786918297076455929e+03,2.000000000000000000e+00,2.000000000000000000e+00,1.114877090200050880e+00,7.366272999633581620e+00,2.187386574558461457e+07
9.709382738750673525e+03,1.000000000000000000e+00,1.000000000000000000e+00,1.168992657769786891e+00,1.600905111379005064e+01,2.084016649686525762e+07
4.275744366235142479e+03,2.000000000000000000e+00,2.000000000000000000e+00,9.189027377734613200e-01,3.484599727623412235e+01,1.068327161506141536e+07
3.120477203508150069e+03,8.000000000000000000e+00,1.000000000000000000e+00,1.337438502959088948e+00,2.122513846830116080e+01,9.499970803467154503e+06
9.828675568783115523e+03,5.000000000000000000e+00,2.000000000000000000e+00,9.140574630490250208e-01,3.067933970505566776e+01,2.410905338432720304e+07
5.002041371587151843e+03,8.000000000000000000e+00,1.000000000000000000e+00,1.330708992420004844e+00,9.877978376861971554e+00,1.605289592658913322e+07
1.359439149684070071e+04,2.000000000000000000e+00,2.000000000000000000e+00,1.257794161599821159e+00,1.404236347229114479e+01,4.280023491444417089e+07
9.080747226123216024e+03,3.000000000000000000e+00,2.000000000000000000e+00,9.444457721145164131e-01,3.439639333632026563e+01,2.099285974350811541e+07
1.675395700352204585e+04,2.000000000000000000e+00,3.000000000000000000e+00,8.904464997656561520e-01,1.750655690802070552e+01,4.283443256682364643e+07
1.418514297884363259e+04,4.000000000000000000e+00,2.000000000000000000e+00,9.897396261117410443e-01,2.545218385344967160e+01,3.464492723914548010e+07
6.659912842811596420e+03,5.000000000000000000e+00,3.000000000000000000e+00,1.038770339762164818e+00,3.528380337487767804e+01,2.104034589296264201e+07
1.674584014706690141e+04,7.000000000000000000e+00,2.000000000000000000e+00,9.474708058993540627e-01,2.252363268992206713e+01,4.456254038090504706e+07
1.621242853543795536e+04,3.000000000000000000e+00,3.000000000000000000e+00,1.399334929252653792e+00,1.516037847686207840e+01,6.979874630330091715e+07
8.117080553185384815e+03,7.000000000000000000e+00,2.000000000000000000e+00,9.377914017437486427e-01,2.195845367856186670e+01,2.193838656252957508e+07
6.193565216246735872e+03,6.000000000000000000e+00,3.000000000000000000e+00,1.298380896189714084e+00,7.639115979925779065e+00,2.660049386611650139e+07
1.384041277711452494e+04,3.000000000000000000e+00,2.000000000000000000e+00,8.954706482542836854e-01,9.371096222780735729e+00,3.145136793300218135e+07
3.311198182020610147e+03,8.000000000000000000e+00,3.000000000000000000e+00,1.388146775165568503e+00,6.215133151568097425e+00,1.537764696643309481e+07
4.478219128017100957e+03,4.000000000000000000e+00,2.000000000000000000e+00,9.353140749698509726e-01,3.252630124695012626e+01,1.112084908553200401e+07
7.428280331695069663e+02,2.000000000000000000e+00,2.000000000000000000e+00,1.053013132870155300e+00,2.613841286698786703e+01,2.532315620779286604e+06
1.586633292354148398e+04,8.000000000000000000e+00,2.000000000000000000e+00,1.135138440060743825e+00,1.494989295398244344e+01,4.845913088501113653e+07
1.349810661788542347e+04,8.000000000000000000e+00,3.000000000000000000e+00,8.721714290936559699e-01,1.263484257621913720e+01,3.839611529065108299e+07
1.428020834535090034e+04,1.000000000000000000e+00,2.000000000000000000e+00,1.290092040487460734e+00,2.649229803473339828e+01,4.503661774583461881e+07
1.574614320182617666e+04,8.000000000000000000e+00,1.000000000000000000e+00,9.648113196084979748e-01,3.358596194355847331e+01,3.548046593368439376e+07
9.502966045443794428e+03,8.000000000000000000e+00,3.000000000000000000e+00,1.129561940960998268e+00,1.497417273156331952e+01,4.077296334932671487e+07
1.163357920148613812e+04,7.000000000000000000e+00,3.000000000000000000e+00,1.129780286415948076e+00,1.564677328160345304e+01,4.112862958808837086e+07
3.312061763676554619e+03,3.000000000000000000e+00,1.000000000000000000e+00,1.161584391395471094e+00,3.162722175581318851e+01,8.624529161600867286e+06
2.821883426597884863e+03,6.000000000000000000e+00,3.000000000000000000e+00,8.332915919145889028e-01,3.280127447651256745e+01,7.883313613435979001e+06
1.356701745873515029e+04,5.000000000000000000e+00,2.000000000000000000e+00,9.011712570989407478e-01,3.342109700489335467e+01,3.259908605897167325e+07
9.739266399176771301e+03,5.000000000000000000e+00,1.000000000000000000e+00,8.967153457540185668e-01,1.479462624020084327e+01,1.883768116371690109e+07
1.156558046573506363e+04,5.000000000000000000e+00,2.000000000000000000e+00,9.812307556495111216e-01,9.609377027890467104e+00,3.122090766869093105e+07
1.544097783387089657e+04,6.000000000000000000e+00,3.000000000000000000e+00,8.869484941150039825e-01,1.919992715995626043e+01,4.359227977985627949e+07
1.291353540801146119e+04,5.000000000000000000e+00,1.000000000000000000e+00,1.353152792464573650e+00,1.487294595423543164e+01,3.756383983878618479e+07
1.133944037276511881e+04,6.000000000000000000e+00,3.000000000000000000e+00,1.107772670306780505e+00,3.251600000435507809e+01,4.038103936281581223e+07
1.144861891846102299e+04,5.000000000000000000e+00,2.000000000000000000e+00,1.174145088621610711e+00,7.099048254106346434e+00,3.366649835356318206e+07
6.496631902414676915e+03,1.000000000000000000e+00,1.000000000000000000e+00,1.014492905238872478e+00,2.501641408908816899e+01,1.312589799678563140e+07
1.197865990618024625e+03,1.000000000000000000e+00,2.000000000000000000e+00,9.657476846203469911e-01,3.318544097244341629e+01,3.550951949757190421e+06
9.072317351107829381e+03,8.000000000000000000e+00,2.000000000000000000e+00,1.101906302139327831e+00,3.530011100418197856e+01,2.915945728191768751e+07
4.762942652698866368e+03,8.000000000000000000e+00,3.000000000000000000e+00,9.765937849009002081e-01,2.550391797894129553e+01,1.657669004023871943e+07
8.525455688257941802e+03,5.000000000000000000e+00,3.000000000000000000e+00,1.006187555437858538e+00,3.449768871067139742e+01,2.749467227872634307e+07
1.715601962140242176e+04,2.000000000000000000e+00,1.000000000000000000e+00,1.071650524562514306e+00,8.269783878752019035e+00,3.658151820920521766e+07
5.138426025787610342e+03,7.000000000000000000e+00,3.000000000000000000e+00,1.103440212310613289e+00,1.677835037988719336e+01,1.769470216949346289e+07
1.731073188767880765e+03,2.000000000000000000e+00,2.000000000000000000e+00,1.390588407069103027e+00,6.261440919802010896e+00,6.209499538852944039e+06
6.058847505226733119e+03,4.000000000000000000e+00,1.000000000000000000e+00,9.339935528971643475e-01,3.543551316572455789e+01,1.239354471194267459e+07
6.295718900673662574e+03,3.000000000000000000e+00,3.000000000000000000e+00,1.092785698929588323e+00,3.308179436300098075e+01,2.205504813533042371e+07
1.344118038570176395e+04,1.000000000000000000e+00,2.000000000000000000e+00,8.897070436936034277e-01,6.841576687446040417e+00,3.039227784200298786e+07
1.140642375542079935e+04,7.000000000000000000e+00,2.000000000000000000e+00,1.009999539624783615e+00,6.543979513792979041e+00,3.171990029382164404e+07
1.580762525666442161e+04,5.000000000000000000e+00,3.000000000000000000e+00,1.230386431223842614e+00,1.700908482319098525e+01,5.888614407508873194e+07
1.348768268235131836e+04,3.000000000000000000e+00,1.000000000000000000e+00,9.046772862563448037e-01,1.375613900372705345e+01,2.531058145280867070e+07
8.483905111937368929e+03,5.000000000000000000e+00,1.000000000000000000e+00,1.148810784530025941e+00,3.140796831727506699e+01,2.199378184883252531e+07
1.639199546252107393e+04,1.000000000000000000e+00,3.000000000000000000e+00,1.050020614140804387e+00,1.081453209815586902e+01,4.870185971254741400e+07
3.839274646209456023e+03,4.000000000000000000e+00,1.000000000000000000e+00,8.309477266426837927e-01,2.971948388102572025e+01,7.262876485128181055e+06
1.040614218796893283e+03,5.000000000000000000e+00,1.000000000000000000e+00,1.359845144887066759e+00,2.263379099971989916e+01,3.682354131959354971e+06
2.346928499047449804e+03,3.000000000000000000e+00,1.000000000000000000e+00,1.048161884175731862e+00,1.732175314214963180e+01,5.578680395059530623e+06
1.461377140157113536e+04,7.000000000000000000e+00,3.000000000000000000e+00,1.270355921450699643e+00,1.037159285200136338e+01,6.025866265265810490e+07
9.560418266876915368e+03,2.000000000000000000e+00,1.000000000000000000e+00,1.049788093239080178e+00,3.593073917879013379e+01,1.957187638550222665e+07
3.728672513251874989e+03,2.000000000000000000e+00,1.000000000000000000e+00,1.362416192947270677e+00,2.453958362764610257e+01,1.096370285058322921e+07
1.032026863700525246e+04,5.000000000000000000e+00,2.000000000000000000e+00,9.742822006573385041e-01,1.918146697703982539e+01,2.619489055082750693e+07
3.554854792635467220e+03,8.000000000000000000e+00,1.000000000000000000e+00,1.047338389812618065e+00,1.713382669658194857e+01,9.035791888805065304e+06
1.410861527650807875e+04,4.000000000000000000e+00,2.000000000000000000e+00,1.255318544155571647e+00,3.317184691892565951e+01,4.680446924017501622e+07
9.255431746136195216e+03,1.000000000000000000e+00,2.000000000000000000e+00,1.006200389168514064e+00,3.063575424572282913e+01,2.137001333529402316e+07
7.991811786271759956e+03,8.000000000000000000e+00,2.000000000000000000e+00,1.018614242801107572e+00,3.033557365104671177e+01,2.379171953598736972e+07
6.449334529468804249e+03,4.000000000000000000e+00,2.000000000000000000e+00,1.396893904048533974e+00,2.448595418887178354e+01,2.434643840889421105e+07
1.282748230650643563e+04,2.000000000000000000e+00,3.000000000000000000e+00,1.133368715414211136e+00,3.263869748087405753e+01,4.438906845868469775e+07
7.619164644735774345e+03,5.000000000000000000e+00,2.000000000000000000e+00,1.213628272202088798e+00,1.497835116366211317e+01,2.490246111249772459e+07
2.300408434732359638e+03,3.000000000000000000e+00,2.000000000000000000e+00,1.186077340492165844e+00,2.711118405489867911e+01,6.956117284958322532e+06
2.889314501137997013e+03,8.000000000000000000e+00,1.000000000000000000e+00,1.296754488293943242e+00,1.813343227175677441e+01,9.499726571052994579e+06
1.926081469226058107e+04,3.000000000000000000e+00,1.000000000000000000e+00,1.317095059665045698e+00,2.399996425679076495e+01,5.340547448121853173e+07
1.822646539972757819e+04,5.000000000000000000e+00,1.000000000000000000e+00,1.137953679482185620e+00,3.594459001838078649e+01,4.320314800914905965e+07
1.417431839592854158e+04,5.000000000000000000e+00,1.000000000000000000e+00,9.767336449798396103e-01,3.553574342025954991e+01,2.962117158256709576e+07
5.757877252314679936e+03,2.000000000000000000e+00,1.000000000000000000e+00,8.136801485449817184e-01,2.137857049402344600e+01,9.990301974466359243e+06
1.940202172054584298e+04,4.000000000000000000e+00,1.000000000000000000e+00,1.168641950638592109e+00,2.321590356494473895e+01,4.941900328027540445e+07
1.570776753693641513e+04,1.000000000000000000e+00,1.000000000000000000e+00,1.295281299959371690e+00,3.291965307411902586e+01,3.970719364740230143e+07
1.450766966968451561e+04,6.000000000000000000e+00,1.000000000000000000e+00,1.070323883306995683e+00,3.556907137541564623e+01,3.610777149643731117e+07
9.317613141589499719e+03,7.000000000000000000e+00,2.000000000000000000e+00,8.988236842945186433e-01,2.935823407878239166e+01,2.213845286203135177e+07
5.881486299796085405e+03,8.000000000000000000e+00,1.000000000000000000e+00,9.728492437613845967e-01,7.955533738758921558e+00,1.275399957395333610e+07
2.469984665777886221e+03,3.000000000000000000e+00,1.000000000000000000e+00,1.105993357707118818e+00,1.567919203031591913e+01,5.491078349518641829e+06
1.811048649295052746e+04,3.000000000000000000e+00,1.000000000000000000e+00,1.302008731386600004e+00,3.289687019760923192e+01,4.733990211458026618e+07
9.442060022772055163e+03,5.000000000000000000e+00,1.000000000000000000e+00,9.030518876410523754e-01,2.905057517551441748e+01,2.016307392996186018e+07
4.525849277027467906e+03,6.000000000000000000e+00,1.000000000000000000e+00,1.167289925425708530e+00,2.826699213073281314e+01,1.330833497487922199e+07
6.535558508522658485e+03,8.000000000000000000e+00,2.000000000000000000e+00,1.252021168370327286e+00,2.603769691404423270e+01,2.394867293806366995e+07
1.183685963747278220e+04,1.000000000000000000e+00,2.000000000000000000e+00,1.361628512200893759e+00,1.845791548897150491e+01,3.814361424366717786e+07
4.029391989021095014e+03,2.000000000000000000e+00,3.000000000000000000e+00,8.700222150073156913e-01,1.809723961034105244e+01,1.059853900360658765e+07
1.721831711139208346e+04,3.000000000000000000e+00,2.000000000000000000e+00,1.355834980498734410e+00,3.026797462772402980e+01,6.071478340416581184e+07
1.531527887880307571e+04,3.000000000000000000e+00,2.000000000000000000e+00,1.160880521104687535e+00,1.481340875295212811e+01,4.234970147602984309e+07
1.455758134544817403e+04,4.000000000000000000e+00,3.000000000000000000e+00,1.260020952459371513e+00,2.654495618102920318e+01,5.555942590470352769e+07
8.982604971637012568e+03,7.000000000000000000e+00,1.000000000000000000e+00,8.322648257411333628e-01,2.778625570271869805e+01,1.846146946549788490e+07
1.276979150962739732e+04,1.000000000000000000e+00,3.000000000000000000e+00,1.103688893384357161e+00,3.133667968084586164e+01,3.923805308760878444e+07
1.193150059690706985e+04,7.000000000000000000e+00,3.000000000000000000e+00,1.173577804448476147e+00,1.559656772121047119e+01,4.489656069383677095e+07
1.320702407016350844e+04,5.000000000000000000e+00,2.000000000000000000e+00,9.841003039237041783e-01,2.825667800514606398e+01,3.503707398054630309e+07
2.238219830113848275e+03,5.000000000000000000e+00,3.000000000000000000e+00,1.058990124860751614e+00,9.194696927360606509e+00,7.747371322187671438e+06
8.666663602109827480e+03,6.000000000000000000e+00,1.000000000000000000e+00,1.132578881167758844e+00,1.014185186855714171e+01,2.124202376808274537e+07
1.407314972920714126e+03,1.000000000000000000e+00,3.000000000000000000e+00,1.131528763863787868e+00,1.852008120520204670e+01,5.016788700015860610e+06
1.018342189334366776e+04,6.000000000000000000e+00,2.000000000000000000e+00,8.251169152441029109e-01,7.656773290657418407e+00,2.343454885298148170e+07
6.999307519256035448e+03,2.000000000000000000e+00,1.000000000000000000e+00,1.063689059947335425e+00,3.443094964396014745e+01,1.697669987556589395e+07
3.403769264001309693e+03,5.000000000000000000e+00,1.000000000000000000e+00,9.282908928753385025e-01,3.305687431528081532e+01,7.565554386382220313e+06
2.606017573817502125e+03,6.000000000000000000e+00,3.000000000000000000e+00,1.350017046851209823e+00,7.468010865775294604e+00,1.144788493287077732e+07
1.200030470024761416e+04,5.000000000000000000e+00,2.000000000000000000e+00,1.385947994074000267e+00,3.114935165676836348e+01,4.741695214820093662e+07
3.909503589615590499e+03,3.000000000000000000e+00,1.000000000000000000e+00,9.797881378112414108e-01,2.126622522270076132e+01,8.190612954897196963e+06
1.854733029650986646e+04,4.000000000000000000e+00,2.000000000000000000e+00,9.051112383506352277e-01,2.705888665120649605e+01,4.165773331302700192e+07
1.187258611018766169e+04,4.000000000000000000e+00,3.000000000000000000e+00,9.317024905690058922e-01,3.260793507894561571e+01,3.505293805146139115e+07
7.329274207975839090e+03,1.000000000000000000e+00,2.000000000000000000e+00,1.086651353211772086e+00,2.330923461233095750e+01,2.054511439183713123e+07
1.206376053473948559e+04,6.000000000000000000e+00,1.000000000000000000e+00,1.324703359467906960e+00,9.489813008538883210e+00,3.580508516629692912e+07
1.042395097976131410e+03,1.000000000000000000e+00,1.000000000000000000e+00,1.100021728962583767e+00,6.077358314597587352e+00,2.378649002717567142e+06
1.919604873688404041e+04,4.000000000000000000e+00,1.000000000000000000e+00,8.332352370291786769e-01,2.090764596754339522e+01,3.207902296073194966e+07
9.956686676692264882e+03,6.000000000000000000e+00,3.000000000000000000e+00,8.239313616278864938e-01,3.447696396373080319e+01,2.710137772087430209e+07
1.578506340865555285e+04,1.000000000000000000e+00,3.000000000000000000e+00,9.364345673737091147e-01,2.317865614839587707e+01,4.481383793135165423e+07
2.204961998495308308e+03,8.000000000000000000e+00,3.000000000000000000e+00,1.305662766565657273e+00,1.718817414264687571e+01,9.573414695869876072e+06
1.004117161826031042e+04,4.000000000000000000e+00,2.000000000000000000e+00,1.172888334521086318e+00,6.927660512427400441e+00,3.025913571440101787e+07
1.011971569047770572e+04,1.000000000000000000e+00,3.000000000000000000e+00,1.137774712271774735e+00,3.344938251834601317e+01,3.312944077802185714e+07
1.879383322651466733e+04,6.000000000000000000e+00,2.000000000000000000e+00,9.913817555495852973e-01,1.581469982574126476e+01,4.928641471312411875e+07
1.169152421609586236e+04,5.000000000000000000e+00,2.000000000000000000e+00,1.357655243027712455e+00,2.714332203945288313e+01,4.300575597554356605e+07
9.785694380504903165e+03,6.000000000000000000e+00,1.000000000000000000e+00,9.987069469772794639e-01,2.682711606334394716e+01,2.250235074069888890e+07
5.779327863982735835e+03,7.000000000000000000e+00,2.000000000000000000e+00,1.300966647591768055e+00,1.361649484106243690e+01,2.145722812591962144e+07
7.032438548445512424e+03,4.000000000000000000e+00,2.000000000000000000e+00,1.337542110785530536e+00,7.913325193821759918e+00,2.350984780918588862e+07
1.070104460794783336e+04,7.000000000000000000e+00,1.000000000000000000e+00,1.090001007929682020e+00,1.755001136015530605e+01,2.484456802396497503e+07
9.114882329917905736e+03,3.000000000000000000e+00,2.000000000000000000e+00,1.336573561688445544e+00,1.551393041511599691e+01,3.141456752561731637e+07
1.019274349678410317e+03,5.000000000000000000e+00,3.000000000000000000e+00,9.660819724346282333e-01,2.700769196616977297e+01,3.686099418882734142e+06
1.663006332937053958e+04,2.000000000000000000e+00,2.000000000000000000e+00,1.195060055709965319e+00,3.059347486979517328e+01,5.330592423846411705e+07
1.798551897369147264e+04,5.000000000000000000e+00,2.000000000000000000e+00,8.527782491146318478e-01,1.267336252175024036e+01,4.388439690158355981e+07
3.320832326573049158e+03,3.000000000000000000e+00,1.000000000000000000e+00,1.084360528455436290e+00,2.184693209329326891e+01,8.549763959928492084e+06
1.134830118465755913e+04,6.000000000000000000e+00,1.000000000000000000e+00,9.303990812950087008e-01,7.218250421644849979e+00,2.246525137491274625e+07
2.706369378027604853e+03,7.000000000000000000e+00,1.000000000000000000e+00,8.376579667583617939e-01,1.242767468800385799e+01,5.517323673681015149e+06
1.364145780497234773e+04,7.000000000000000000e+00,1.000000000000000000e+00,8.022353048465724612e-01,2.885284815966249283e+01,2.614257335279593617e+07
6.055935406476761273e+03,8.000000000000000000e+00,3.000000000000000000e+00,9.948512698644850216e-01,2.980194961467217496e+01,2.155505153130419180e+07
1.339279911302289474e+04,1.000000000000000000e+00,3.000000000000000000e+00,1.153718356722057692e+00,2.929213390355409885e+01,4.413448666578160226e+07
1.470369551716552269e+04,2.000000000000000000e+00,2.000000000000000000e+00,1.073138208590694420e+00,1.027163774964810372e+01,4.107262209068478644e+07
1.551176134320254641e+04,8.000000000000000000e+00,2.000000000000000000e+00,9.810615791116976681e-01,2.253104182405251876e+01,4.347884258463339508e+07
2.690174351544393176e+03,4.000000000000000000e+00,2.000000000000000000e+00,1.394720018465750666e+00,1.868125243330148777e+01,1.019929178910426795e+07
1.837062979566959257e+04,1.000000000000000000e+00,2.000000000000000000e+00,1.363715023987806640e+00,3.574458890385271559e+01,5.726565273678625375e+07
5.066151423360687659e+03,3.000000000000000000e+00,2.000000000000000000e+00,8.753919841024981885e-01,2.562209607175008230e+01,1.212117319799864292e+07
1.325803589817887769e+03,7.000000000000000000e+00,2.000000000000000000e+00,1.049064456001096879e+00,3.405606274187186955e+01,4.641302139502831735e+06
1.136413790619477732e+04,3.000000000000000000e+00,3.000000000000000000e+00,1.189308160396166381e+00,1.036050915025312769e+01,4.146076756558736414e+07
7.795892306931311396e+03,1.000000000000000000e+00,2.000000000000000000e+00,1.240094478517961951e+00,1.952619819300686999e+01,2.391329659366344661e+07
1.669792101676881430e+04,6.000000000000000000e+00,2.000000000000000000e+00,1.019823292945694293e+00,2.914822800317605811e+01,4.704485228839226812e+07
1.628007855804745486e+04,2.000000000000000000e+00,2.000000000000000000e+00,1.247769087641208419e+00,1.703573184091207793e+01,5.030563454870503396e+07
6.752494520760677915e+03,3.000000000000000000e+00,1.000000000000000000e+00,8.744900077464070609e-01,2.497525488460939869e+01,1.311490611015169136e+07
1.908624826435305295e+04,1.000000000000000000e+00,1.000000000000000000e+00,9.990875751546228756e-01,2.135106517120981806e+01,3.741792878512794524e+07
6.243806059918300889e+03,5.000000000000000000e+00,1.000000000000000000e+00,1.229859905453543067e+00,3.575788227653977458e+01,1.635461212309692986e+07
1.059210830709526272e+04,4.000000000000000000e+00,2.000000000000000000e+00,1.175409674156224993e+00,1.121617620196474441e+01,3.313897850222605094e+07
5.565722757011493741e+03,7.000000000000000000e+00,3.000000000000000000e+00,1.302326128916992953e+00,3.406046085990383432e+01,2.381177373894867674e+07
1.875924525894988983e+04,3.000000000000000000e+00,3.000000000000000000e+00,8.281142136002931364e-01,1.804712861409890223e+01,4.445267588819337636e+07
3.793391661091151946e+03,2.000000000000000000e+00,3.000000000000000000e+00,9.046350306938291119e-01,2.003978899131883651e+01,1.009526704916510358e+07
1.471266016211182432e+03,2.000000000000000000e+00,1.000000000000000000e+00,8.290967493631798968e-01,2.185805651069937028e+01,3.018395395473420620e+06
9.040882964058935613e+03,2.000000000000000000e+00,3.000000000000000000e+00,9.152685345495268354e-01,1.396099648300739560e+01,2.442721577132416144e+07
1.985208594268323941e+04,4.000000000000000000e+00,3.000000000000000000e+00,8.025696863797610048e-01,3.490972327832378852e+01,4.544787664363956451e+07
1.789853896534533123e+04,1.000000000000000000e+00,2.000000000000000000e+00,1.102526181007319694e+00,3.334461615704368143e+01,4.745467336254306138e+07
1.512299557746481514e+04,4.000000000000000000e+00,1.000000000000000000e+00,1.116988637340953217e+00,3.518715300634087839e+01,3.798723813517038524e+07
1.788137432304338290e+04,7.000000000000000000e+00,2.000000000000000000e+00,1.194735068843596704e+00,3.590758716628569402e+01,5.878036368566118181e+07
1.793286481013854427e+04,7.000000000000000000e+00,3.000000000000000000e+00,1.030947468320626115e+00,2.609400285542916009e+01,6.084085809595356137e+07
1.066585219149711156e+04,6.000000000000000000e+00,3.000000000000000000e+00,8.019246144111104035e-01,1.955056487417234123e+01,2.907699137678299472e+07
6.729023605517384567e+03,8.000000000000000000e+00,2.000000000000000000e+00,1.204334692644582372e+00,3.152201704488914302e+01,2.439357743861783296e+07
1.557704118295316766e+04,7.000000000000000000e+00,2.000000000000000000e+00,8.325746526487476373e-01,6.714146335090156903e+00,3.743221680565721542e+07
1.343622850545456458e+04,6.000000000000000000e+00,2.000000000000000000e+00,1.319702258490646152e+00,3.103212134140510159e+01,4.325613993648009002e+07
7.848959940149975409e+03,7.000000000000000000e+00,1.000000000000000000e+00,8.135923926247624616e-01,2.091858072633019816e+01,1.587248643327075057e+07
2.432653360393396270e+03,1.000000000000000000e+00,2.000000000000000000e+00,1.118285073953979580e+00,2.619660081250253469e+01,7.366747727748222649e+06
1.508771846017110511e+04,7.000000000000000000e+00,1.000000000000000000e+00,1.336950729431312324e+00,1.722138184027522811e+01,5.016135742665188760e+07
5.691734008903575159e+03,3.000000000000000000e+00,3.000000000000000000e+00,1.143493745473268097e+00,1.705869461600447679e+01,1.928021394812878594e+07
1.877417512035531763e+04,6.000000000000000000e+00,3.000000000000000000e+00,1.165050047926357912e+00,6.951514584326631052e+00,6.534454600673440844e+07
5.274829155110283864e+03,8.000000000000000000e+00,2.000000000000000000e+00,1.208966509002443512e+00,1.871368291287039654e+01,1.845656849783672020e+07
2.981503888782829108e+03,4.000000000000000000e+00,2.000000000000000000e+00,8.734453086382802933e-01,1.825062586257990205e+01,7.096019127668398432e+06
1.672358583922317848e+04,1.000000000000000000e+00,3.000000000000000000e+00,1.204956260486335751e+00,1.274373305604213868e+01,5.925943356394854933e+07
3.573715742515184502e+03,3.000000000000000000e+00,2.000000000000000000e+00,1.328212929207689186e+00,1.341969820619302389e+01,1.282580271512432955e+07
4.077805178260138291e+03,4.000000000000000000e+00,3.000000000000000000e+00,1.384532499701189856e+00,2.352418741327534946e+01,1.782313696633996442e+07
1.222802615550436349e+04,8.000000000000000000e+00,2.000000000000000000e+00,1.065831199615008273e+00,1.553314327618509161e+01,3.678381225652386993e+07
1.756650359224681233e+04,8.000000000000000000e+00,1.000000000000000000e+00,1.006702911006528200e+00,3.090755727051869073e+01,4.215508760995915532e+07
4.410832514862720927e+03,5.000000000000000000e+00,1.000000000000000000e+00,1.251985769357790268e+00,9.341553205711994323e+00,1.195502490367321484e+07
6.620279254261839014e+03,8.000000000000000000e+00,1.000000000000000000e+00,1.125724572857188743e+00,2.332934839725130871e+01,1.741887859776975214e+07
1.568165386187884542e+04,4.000000000000000000e+00,2.000000000000000000e+00,9.543827926730182876e-01,1.080134181417307104e+01,4.049616951952979714e+07
1.945343266558276810e+04,4.000000000000000000e+00,2.000000000000000000e+00,9.032947309818217807e-01,2.184721880761976109e+01,4.819447912065364420e+07
1.031437901232544027e+04,7.000000000000000000e+00,2.000000000000000000e+00,9.021381803556461909e-01,2.257637660850956252e+01,2.738419554563582689e+07
3.391611549494265091e+03,6.000000000000000000e+00,1.000000000000000000e+00,1.075506221963691278e+00,2.526893059577187373e+01,8.575764760734431446e+06
8.703639815391100001e+02,5.000000000000000000e+00,3.000000000000000000e+00,9.020746433693901389e-01,1.882274841818681210e+01,2.681010377322681714e+06
5.055326981977792457e+03,4.000000000000000000e+00,2.000000000000000000e+00,8.118313664068914637e-01,2.128424055387763048e+01,1.105468867385033146e+07
3.157351025058508185e+03,6.000000000000000000e+00,3.000000000000000000e+00,8.312532649818140662e-01,1.142857848243879992e+01,8.436906256885260344e+06
1.374657826808943537e+04,7.000000000000000000e+00,2.000000000000000000e+00,1.357930726371779251e+00,1.989046049208988975e+01,5.174798734162799269e+07
2.963550589793503605e+03,4.000000000000000000e+00,2.000000000000000000e+00,8.437768046960815171e-01,1.719091167282871524e+01,6.696538975388621911e+06
1.042280067344028066e+04,1.000000000000000000e+00,2.000000000000000000e+00,8.439084143485757750e-01,2.598393313963229190e+01,2.174168063485324383e+07
1.406869125147199702e+04,1.000000000000000000e+00,1.000000000000000000e+00,1.070713067320119505e+00,1.904465170489458359e+01,2.860910762116947770e+07
1.187366221888550535e+04,2.000000000000000000e+00,1.000000000000000000e+00,9.470601694010195581e-01,2.938024952940660839e+01,2.202154645295367390e+07
4.475647642205118245e+03,4.000000000000000000e+00,2.000000000000000000e+00,1.377616311303498486e+00,1.877976295721076383e+01,1.717802899768322706e+07
1.620001580793589710e+04,5.000000000000000000e+00,3.000000000000000000e+00,1.346591503698682413e+00,1.307313518921876039e+01,6.605098888602737337e+07
1.447889831454655177e+04,7.000000000000000000e+00,1.000000000000000000e+00,1.042845949202760192e+00,1.421066156875753705e+01,3.421581197942129523e+07
1.493628967596151051e+04,2.000000000000000000e+00,2.000000000000000000e+00,1.069238911649755597e+00,7.358556752749096930e+00,4.097833842950856686e+07
3.142520380211877182e+03,7.000000000000000000e+00,3.000000000000000000e+00,1.025068191845342147e+00,2.219756431802730390e+01,1.151915931154316664e+07
3.000823790816685232e+03,6.000000000000000000e+00,3.000000000000000000e+00,8.227196699858769779e-01,3.092642651700965217e+01,8.965121782908657566e+06
1.859471348952624976e+04,1.000000000000000000e+00,2.000000000000000000e+00,9.757081035528252233e-01,2.907335120452710342e+01,4.480638090452840924e+07
8.313016960203847702e+03,3.000000000000000000e+00,1.000000000000000000e+00,8.736040817671905101e-01,1.913368399015413956e+01,1.579234815708559565e+07
6.438404620550230902e+03,3.000000000000000000e+00,1.000000000000000000e+00,8.614221980090737141e-01,1.188361065433536723e+01,1.229292188994071633e+07
1.007853047981974669e+04,8.000000000000000000e+00,2.000000000000000000e+00,1.136516943761832543e+00,3.190453329892358170e+01,3.366179385618265718e+07
1.345956572761349889e+04,8.000000000000000000e+00,3.000000000000000000e+00,8.592589146281374157e-01,7.703431021352051822e+00,3.606143964570253342e+07
1.913909118671121541e+04,7.000000000000000000e+00,1.000000000000000000e+00,8.617587942771581799e-01,1.797668175607482155e+01,3.664415950771091133e+07
6.157056801511866979e+03,5.000000000000000000e+00,3.000000000000000000e+00,1.088308228891609053e+00,3.169845427151853201e+01,2.240661059834206849e+07
1.854128352865332636e+04,4.000000000000000000e+00,3.000000000000000000e+00,1.065369419073583179e+00,1.779530062212589314e+01,5.943489211077950895e+07
1.082274132893372553e+03,3.000000000000000000e+00,1.000000000000000000e+00,8.825808710794216250e-01,9.536264122708796975e+00,2.336358585430512205e+06
1.137084202114039908e+04,7.000000000000000000e+00,2.000000000000000000e+00,8.026694148853178445e-01,1.397848501037388402e+01,2.547551229761029407e+07
1.289911716661305036e+04,1.000000000000000000e+00,1.000000000000000000e+00,9.157846650607063266e-01,2.400088325228844965e+01,2.371560300301633775e+07
2.654409632764613889e+03,3.000000000000000000e+00,3.000000000000000000e+00,9.415353525092244880e-01,1.056107723083712635e+01,8.091297572388526984e+06
3.322588183039905289e+03,2.000000000000000000e+00,2.000000000000000000e+00,1.280149066165320537e+00,2.564805980527067319e+01,1.102336667493504286e+07
8.730817794736294672e+03,4.000000000000000000e+00,1.000000000000000000e+00,1.349263010316328781e+00,1.914485793597737029e+01,2.535029723832924664e+07
1.934489909557772626e+04,3.000000000000000000e+00,1.000000000000000000e+00,1.043566638492781751e+00,1.603168502461565481e+01,4.323609009051179886e+07
1.216322553274683378e+04,2.000000000000000000e+00,2.000000000000000000e+00,1.043016035900586669e+00,1.322776441569491723e+01,2.968195730553789437e+07
1.870065049904409898e+04,4.000000000000000000e+00,1.000000000000000000e+00,1.227488770255920070e+00,3.069989957570128425e+01,4.832868763070705533e+07
1.620460176289163246e+04,7.000000000000000000e+00,1.000000000000000000e+00,1.176153209422813317e+00,1.790021842390204654e+01,4.461988772044447809e+07
9.667203070172656226e+03,5.000000000000000000e+00,1.000000000000000000e+00,9.104841120160455104e-01,2.815437796818682870e+01,1.963518309624445066e+07
1.582441091549243720e+04,7.000000000000000000e+00,2.000000000000000000e+00,8.646134733775168169e-01,1.921065577912153088e+01,4.048716874190044403e+07
9.460336091535621108e+02,8.000000000000000000e+00,3.000000000000000000e+00,1.062567134393030521e+00,8.756015606603382295e+00,3.359148450673903804e+06
2.717393537255257797e+03,8.000000000000000000e+00,2.000000000000000000e+00,1.138897017897657626e+00,1.921517925501781221e+01,8.585355815406531096e+06
1.669091512872508611e+04,3.000000000000000000e+00,1.000000000000000000e+00,8.832245618952855315e-01,2.123063339207291733e+01,3.166028121595567837e+07
1.605825151350813758e+04,8.000000000000000000e+00,2.000000000000000000e+00,9.759640960450667313e-01,1.973526580480130477e+01,4.623689192687956244e+07
5.113230394148813502e+03,8.000000000000000000e+00,3.000000000000000000e+00,9.835657978583449701e-01,3.048725135244817608e+01,1.746763318660285696e+07
1.089693005762163739e+04,8.000000000000000000e+00,1.000000000000000000e+00,9.567789206144984293e-01,3.332554047129087849e+01,2.511753893430908769e+07
1.235670692158021120e+04,3.000000000000000000e+00,1.000000000000000000e+00,1.076456759775074712e+00,2.960336025633101897e+01,2.880870616287875921e+07
1.743413570325461842e+04,2.000000000000000000e+00,1.000000000000000000e+00,1.191838150591843171e+00,2.348345706632879271e+01,4.074730295543344319e+07
1.230027885237127703e+04,5.000000000000000000e+00,3.000000000000000000e+00,1.105633930169595436e+00,2.224349881664672068e+01,4.196967586330858618e+07
8.603888443909398120e+03,8.000000000000000000e+00,1.000000000000000000e+00,9.208739373484065016e-01,2.533848090370976891e+01,1.892983455198065937e+07
7.859170442099344655e+03,8.000000000000000000e+00,2.000000000000000000e+00,8.617634282284398761e-01,1.463490889318123500e+01,2.016893971703692526e+07
8.862112475646092207e+03,5.000000000000000000e+00,3.000000000000000000e+00,1.293122277739220172e+00,3.035540538446055336e+01,3.497440150362771004e+07
1.324746189625149964e+04,2.000000000000000000e+00,2.000000000000000000e+00,1.087582809630671443e+00,3.170544532810982830e+01,3.594869712827182561e+07
1.742931825599510194e+04,4.000000000000000000e+00,2.000000000000000000e+00,8.372835104803263429e-01,1.401651489545491636e+01,3.762982706645267457e+07
9.405599512280214185e+03,6.000000000000000000e+00,1.000000000000000000e+00,9.548728997897347748e-01,3.308454624420232904e+01,2.087273595873730630e+07
5.408087521256347827e+03,5.000000000000000000e+00,1.000000000000000000e+00,1.282420267030492944e+00,3.146198171975002467e+01,1.565762085318049230e+07
5.191249842153074496e+03,3.000000000000000000e+00,1.000000000000000000e+00,1.251035794864129969e+00,1.873460302447530523e+01,1.346515025674734078e+07
1.507267703672286007e+04,3.000000000000000000e+00,3.000000000000000000e+00,1.325489979738426527e+00,3.327000606278237171e+01,6.364537745481078327e+07
1.644143401042386176e+04,1.000000000000000000e+00,1.000000000000000000e+00,1.161252695601015184e+00,9.613169814345244646e+00,3.666275437961585075e+07
2.642394749170024170e+03,3.000000000000000000e+00,1.000000000000000000e+00,1.053743560614833097e+00,6.839596776267010902e+00,5.803453809283638373e+06
1.891241824930456232e+03,6.000000000000000000e+00,3.000000000000000000e+00,1.055980998532670467e+00,1.643600476782162900e+01,6.380363230907311663e+06
1.213201307687516419e+04,2.000000000000000000e+00,2.000000000000000000e+00,9.164000266957662566e-01,2.296307096482034993e+01,2.712672236677760631e+07
3.435760937338346594e+03,8.000000000000000000e+00,2.000000000000000000e+00,1.190479376910729137e+00,1.654327843598598591e+01,1.219459523413702473e+07
1.659848529485302424e+04,1.000000000000000000e+00,3.000000000000000000e+00,1.151041253655712415e+00,3.426203201014078559e+01,5.601660927155610174e+07
6.620492674127043756e+03,5.000000000000000000e+00,2.000000000000000000e+00,8.929186468573016011e-01,1.364130687165435241e+01,1.632998786128870584e+07
3.391115499640167400e+03,4.000000000000000000e+00,3.000000000000000000e+00,1.331397752027224879e+00,1.443640180778036886e+01,1.450632192004265822e+07
1.846682716625653484e+04,7.000000000000000000e+00,2.000000000000000000e+00,1.021080921986358137e+00,2.504482837634565229e+01,5.706734000758657604e+07
3.811315421064396560e+03,8.000000000000000000e+00,3.000000000000000000e+00,8.298432593126411350e-01,6.115916470251246295e+00,1.042289674214763194e+07
6.123569597355949554e+03,5.000000000000000000e+00,3.000000000000000000e+00,9.967285524678702879e-01,2.782671157063797551e+01,1.854571177488452196e+07
3.580099866725937318e+03,6.000000000000000000e+00,2.000000000000000000e+00,1.321914028826945309e+00,1.732408449279471796e+01,1.265592198771259747e+07
2.840507235107886572e+03,6.000000000000000000e+00,1.000000000000000000e+00,1.350173951517070758e+00,3.533243602929887572e+01,9.035067990476120263e+06
1.010271516926936670e+03,5.000000000000000000e+00,3.000000000000000000e+00,1.094239050355779952e+00,2.674252779089245635e+01,3.973114439481533598e+06
1.674670937786646164e+03,2.000000000000000000e+00,1.000000000000000000e+00,1.373803964044050696e+00,7.566448652470292302e+00,4.805561043795553967e+06
3.988044536155542119e+03,4.000000000000000000e+00,1.000000000000000000e+00,1.325145085527185573e+00,8.778834262259209709e+00,1.186368195525610819e+07
1.635609492967202641e+03,2.000000000000000000e+00,2.000000000000000000e+00,1.295138430259535234e+00,8.645043207724757650e+00,5.761488462629352696e+06
1.206819003255284224e+04,4.000000000000000000e+00,3.000000000000000000e+00,1.315826038809323695e+00,3.457866779675831026e+01,5.051455745501802862e+07
1.380586181991042395e+04,5.000000000000000000e+00,1.000000000000000000e+00,1.029125247301294177e+00,2.652154623652763021e+01,3.380620777749728411e+07
8.236430862541346869e+03,2.000000000000000000e+00,3.000000000000000000e+00,1.253881364453325986e+00,1.882818021866807356e+01,3.020316493142348528e+07
6.769027280869758215e+03,2.000000000000000000e+00,3.000000000000000000e+00,1.146403401845689451e+00,1.201448069640093053e+01,2.146944974243352935e+07
1.038780899823126310e+04,7.000000000000000000e+00,3.000000000000000000e+00,1.231810401044183934e+00,3.220919239307409754e+01,4.454416162147662789e+07
1.757509587935140735e+04,4.000000000000000000e+00,2.000000000000000000e+00,9.066716645484648174e-01,1.204667783014021332e+01,3.836738521313688904e+07
1.711195356035079749e+04,2.000000000000000000e+00,1.000000000000000000e+00,1.238836347064965038e+00,2.720037649427452209e+01,4.175117545745155215e+07
1.443416203048163652e+03,6.000000000000000000e+00,2.000000000000000000e+00,1.374555460516502903e+00,2.889973084636038081e+01,6.205923171436914243e+06
4.121069146172567343e+03,6.000000000000000000e+00,1.000000000000000000e+00,9.815979934288577846e-01,1.483968266566224870e+01,9.207360827228374779e+06
5.192850499425282578e+03,7.000000000000000000e+00,3.000000000000000000e+00,1.391696794373376012e+00,2.114744211511926864e+01,2.402980856028981134e+07
5.438118971144909665e+03,7.000000000000000000e+00,2.000000000000000000e+00,1.027025608883222585e+00,1.268967846955181678e+01,1.498903182984939776e+07
1.168191344380978990e+04,8.000000000000000000e+00,2.000000000000000000e+00,9.198340982126197440e-01,1.736788972366494477e+01,3.072300716562221199e+07
8.675491058641930067e+03,5.000000000000000000e+00,2.000000000000000000e+00,8.673717378801431011e-01,3.495403194840026373e+01,2.157214203844570741e+07
1.555529926595323332e+03,3.000000000000000000e+00,3.000000000000000000e+00,1.270977147972906618e+00,2.679414103963290827e+01,6.591415144111891277e+06
7.848114286115688628e+03,7.000000000000000000e+00,2.000000000000000000e+00,1.132895240225940903e+00,3.139842618571545074e+01,2.448337471250416711e+07
1.076080720512216249e+04,3.000000000000000000e+00,3.000000000000000000e+00,9.842787761972173755e-01,2.221798714400222963e+01,3.064154459552546591e+07
2.572434916332089870e+03,3.000000000000000000e+00,3.000000000000000000e+00,1.165070221876254752e+00,1.317119226454068404e+01,8.996899218934182078e+06
1.676909594349805775e+04,7.000000000000000000e+00,3.000000000000000000e+00,9.992607127046028159e-01,2.738639570001580736e+01,5.647736474450164288e+07
1.608060209423022570e+03,8.000000000000000000e+00,2.000000000000000000e+00,1.069014654397075326e+00,2.101703882371699450e+01,5.446967198315654881e+06
1.854193225895040450e+04,3.000000000000000000e+00,3.000000000000000000e+00,1.317598475451854600e+00,1.130546604321176041e+01,7.104184197847203910e+07
2.522794946649584745e+03,6.000000000000000000e+00,1.000000000000000000e+00,1.200899886115498916e+00,1.837289668854630520e+01,6.477213040739990771e+06
1.696535406099640386e+04,8.000000000000000000e+00,1.000000000000000000e+00,1.257441103822829920e+00,2.504520657048917798e+01,5.033692700352209061e+07
1.811147099219577285e+04,7.000000000000000000e+00,2.000000000000000000e+00,1.150096130881745671e+00,2.805995570046714604e+01,5.610253355703523010e+07
1.960367120337989763e+04,1.000000000000000000e+00,3.000000000000000000e+00,1.394838829331372487e+00,1.329662387671055157e+01,8.041982249172158539e+07
1.615930207730771508e+04,6.000000000000000000e+00,1.000000000000000000e+00,9.448460397745356287e-01,3.227992018047993383e+01,3.326386694314750656e+07
1.572186429096378015e+04,2.000000000000000000e+00,2.000000000000000000e+00,9.573746964312888075e-01,1.738653321224033732e+01,3.598153793726091832e+07
1.306417555431362416e+04,7.000000000000000000e+00,1.000000000000000000e+00,8.555353632429997246e-01,1.413410153678245251e+01,2.557320015543726459e+07
1.571252927881570213e+04,1.000000000000000000e+00,2.000000000000000000e+00,1.132411701242426183e+00,1.185360166361174450e+01,4.705487593918543309e+07
3.210312843215053363e+03,8.000000000000000000e+00,1.000000000000000000e+00,1.168015541845020655e+00,3.012514003208920954e+01,9.624593806483479217e+06
1.099971989738416414e+04,2.000000000000000000e+00,3.000000000000000000e+00,1.235576943739291833e+00,1.662493724898187253e+01,4.033692868502318859e+07
1.057592368169404108e+04,4.000000000000000000e+00,3.000000000000000000e+00,1.001267555569556711e+00,2.050197083663803710e+01,3.342865357360631600e+07
1.723689959597761481e+04,2.000000000000000000e+00,3.000000000000000000e+00,8.073540811190164090e-01,1.268459470691626834e+01,3.810031914859212190e+07
9.578307692514208611e+03,7.000000000000000000e+00,3.000000000000000000e+00,1.179337722252991938e+00,2.658273213506794619e+01,3.599547978771167248e+07
8.070736224346857853e+03,4.000000000000000000e+00,1.000000000000000000e+00,1.399217295512229509e+00,2.943100222657266940e+01,2.195664343349448219e+07
1.300752746199993635e+04,6.000000000000000000e+00,2.000000000000000000e+00,9.767296122739954622e-01,1.618275746860024711e+01,3.710922241439986974e+07
5.769388359516413402e+03,1.000000000000000000e+00,1.000000000000000000e+00,9.103606714814118650e-01,3.435238156114206021e+01,1.177884576439956948e+07
3.311507172506763254e+03,4.000000000000000000e+00,2.000000000000000000e+00,9.690601746958119600e-01,6.918318286807082274e+00,8.585115131531165913e+06
9.870819116060669330e+03,8.000000000000000000e+00,2.000000000000000000e+00,1.055249284866228265e+00,9.988293098221209476e+00,2.978342261991416663e+07
8.687653750740770192e+03,8.000000000000000000e+00,3.000000000000000000e+00,9.505477573715388484e-01,2.366361094681472466e+01,2.649263971731714904e+07
5.111856846260149723e+03,2.000000000000000000e+00,1.000000000000000000e+00,1.008176015220517918e+00,2.704220586145138938e+01,1.088062652366750129e+07
7.729729116233483182e+03,4.000000000000000000e+00,3.000000000000000000e+00,1.182924043147617565e+00,1.352048968527176953e+01,3.038468282912301272e+07
7.708013526629199987e+03,4.000000000000000000e+00,2.000000000000000000e+00,1.007016792105568825e+00,2.262213290674045396e+01,2.070001239931157976e+07
6.953413949603382207e+03,5.000000000000000000e+00,3.000000000000000000e+00,1.037635366870192755e+00,1.555158741128438038e+01,2.248849508672060817e+07
7.961603146702422237e+03,5.000000000000000000e+00,2.000000000000000000e+00,8.240187576795584556e-01,2.262267736864770740e+01,1.662756836945873685e+07
1.390342090184534027e+04,1.000000000000000000e+00,2.000000000000000000e+00,1.350765500973721611e+00,2.577983033292757398e+01,4.824126714021138847e+07
6.359403606682934878e+03,7.000000000000000000e+00,3.000000000000000000e+00,1.044131575948912261e+00,3.518424160707172632e+01,2.257890881382930651e+07
1.900784377827760545e+04,2.000000000000000000e+00,3.000000000000000000e+00,9.968861096208765371e-01,1.967090580063550931e+01,5.192130284989114106e+07
1.837715157904065200e+04,3.000000000000000000e+00,1.000000000000000000e+00,8.518905177472306800e-01,2.544648120814141734e+01,3.148184635062170774e+07
9.929662309021523470e+03,7.000000000000000000e+00,2.000000000000000000e+00,1.180509929237110178e+00,2.334117743759795616e+01,3.125332710463630408e+07
6.970207377090962837e+03,6.000000000000000000e+00,1.000000000000000000e+00,1.318294970158252921e+00,1.552664681662718849e+01,2.043780027215112373e+07
1.098743492270206116e+04,4.000000000000000000e+00,2.000000000000000000e+00,8.246919200314402065e-01,1.359192395093161032e+01,2.391452514403196797e+07
1.706207348220831773e+04,8.000000000000000000e+00,3.000000000000000000e+00,8.871634804196213420e-01,3.563612165234171414e+01,5.054217844409797341e+07
1.326019440686597954e+04,4.000000000000000000e+00,3.000000000000000000e+00,8.878338973317244642e-01,1.220557085104545969e+01,3.750478690561886877e+07
1.620520146217330148e+04,5.000000000000000000e+00,1.000000000000000000e+00,1.161364913208675631e+00,2.970825801222710538e+01,4.124152182434635609e+07
1.093481215567535946e+04,2.000000000000000000e+00,2.000000000000000000e+00,1.352738301631021045e+00,1.039762173062283068e+01,3.820538072456264496e+07
1.287860200779184197e+04,2.000000000000000000e+00,2.000000000000000000e+00,1.062661020239305643e+00,3.013053808083752472e+01,3.392802868688998371e+07
6.190218915139756973e+03,4.000000000000000000e+00,2.000000000000000000e+00,1.006283868916310276e+00,1.157185328968644100e+01,1.835333147256223112e+07
1.485692734881964134e+04,5.000000000000000000e+00,1.000000000000000000e+00,1.259504411358014719e+00,3.501469932048500766e+01,4.008732767393900454e+07
4.526649106638935336e+03,7.000000000000000000e+00,1.000000000000000000e+00,1.245541437053390821e+00,2.657962969723551794e+01,1.282713465550372563e+07
1.407908369907886481e+04,4.000000000000000000e+00,2.000000000000000000e+00,9.480536835663258000e-01,8.703547310274867499e+00,3.323207823767516389e+07
1.729794992552234544e+04,8.000000000000000000e+00,2.000000000000000000e+00,8.964958173847316081e-01,2.679531358377032646e+01,4.402650456484339386e+07
3.162795043649952277e+03,5.000000000000000000e+00,3.000000000000000000e+00,1.014686019449213772e+00,2.410862288344655724e+01,9.930230886810053140e+06
1.251896696651324419e+04,1.000000000000000000e+00,2.000000000000000000e+00,1.265362035335978685e+00,1.612638740081875710e+01,3.887432421263297647e+07
2.444857515660731224e+03,6.000000000000000000e+00,2.000000000000000000e+00,1.217038033948986797e+00,1.382207993270143831e+01,7.740751299109412357e+06
1.467888318846568109e+04,5.000000000000000000e+00,2.000000000000000000e+00,1.199512223813723022e+00,2.756282345244456522e+01,4.747792936185877025e+07
2.239168445176292607e+03,4.000000000000000000e+00,3.000000000000000000e+00,1.297657136097922326e+00,2.824084118849597402e+01,9.088948402817720547e+06
1.875723256039214539e+04,4.000000000000000000e+00,2.000000000000000000e+00,9.662781874048362862e-01,1.581617546857609646e+01,4.643791415779580921e+07
3.265713842733362071e+03,3.000000000000000000e+00,2.000000000000000000e+00,1.003810235281705987e+00,3.228681332518510771e+01,9.287407863477993757e+06
1.920227677063615920e+04,5.000000000000000000e+00,1.000000000000000000e+00,8.254036703655056595e-01,1.406481656665473778e+01,3.751473881277620792e+07
1.613715301605087552e+04,5.000000000000000000e+00,3.000000000000000000e+00,1.321247465482120020e+00,8.095932779244330746e+00,6.415332367853131145e+07
1.211743088664726929e+04,4.000000000000000000e+00,3.000000000000000000e+00,1.149457840953306942e+00,2.399603534482735867e+01,4.301307996236950904e+07
1.578290762981320950e+04,3.000000000000000000e+00,1.000000000000000000e+00,9.788733751302159947e-01,9.212117184948484194e+00,3.094064130793140829e+07
1.602522787627186699e+04,4.000000000000000000e+00,2.000000000000000000e+00,8.416499188696193734e-01,1.429992192799455708e+01,3.393235583745262027e+07
1.895292501865620579e+04,4.000000000000000000e+00,1.000000000000000000e+00,1.234045701897475755e+00,2.121559179145313578e+01,4.814177306893074512e+07
5.515637064480231857e+03,4.000000000000000000e+00,3.000000000000000000e+00,1.249242511729436567e+00,1.459078867071892915e+01,2.218301316876018792e+07
1.204747236995119783e+04,3.000000000000000000e+00,1.000000000000000000e+00,1.199707191269013595e+00,1.244989027260133163e+01,2.932085823110898957e+07
2.443954432749383614e+03,5.000000000000000000e+00,1.000000000000000000e+00,9.222685825680376759e-01,2.709556244716963391e+01,6.008126063647740521e+06
1.255361458046795269e+04,2.000000000000000000e+00,1.000000000000000000e+00,1.347929635105162838e+00,2.240998024206886541e+01,3.495396189902659506e+07
3.923051299400102835e+03,5.000000000000000000e+00,2.000000000000000000e+00,1.251894811412525677e+00,3.119283744750841691e+01,1.319018986405471526e+07
1.156004186256537287e+04,1.000000000000000000e+00,1.000000000000000000e+00,1.194653794150382087e+00,2.343718783966432895e+01,2.711230392949838191e+07
1.170515197225668453e+04,4.000000000000000000e+00,2.000000000000000000e+00,1.190566354053072429e+00,2.050341635321335332e+01,3.529721324190019071e+07
9.640111967835809992e+03,7.000000000000000000e+00,3.000000000000000000e+00,1.342614620054984664e+00,1.383769054832364631e+01,4.413512289387583733e+07
1.073905644495458182e+04,7.000000000000000000e+00,3.000000000000000000e+00,1.356984279858274078e+00,2.976197625273891845e+01,4.532653724446773529e+07
1.542011376612780623e+04,6.000000000000000000e+00,1.000000000000000000e+00,1.157382450806143881e+00,1.190613025693101790e+01,3.733345030813495070e+07
1.610534750033409182e+04,6.000000000000000000e+00,1.000000000000000000e+00,1.050001646577529035e+00,1.326685232919480839e+01,3.654374243066863716e+07
1.014777238216332444e+04,1.000000000000000000e+00,1.000000000000000000e+00,1.018240387735649843e+00,3.124765790259209908e+01,2.150206224453897402e+07
1.223211276553867901e+04,3.000000000000000000e+00,3.000000000000000000e+00,1.291447304648433381e+00,2.823577577187633381e+01,5.034523335590756685e+07
1.866598297238797386e+04,6.000000000000000000e+00,2.000000000000000000e+00,1.186763203900599972e+00,2.438620466938561648e+01,6.375684244066184014e+07
2.922831616921782370e+03,7.000000000000000000e+00,2.000000000000000000e+00,8.463596181521921835e-01,7.167615923597202787e+00,7.155274597902909853e+06
2.871809178462143791e+03,5.000000000000000000e+00,3.000000000000000000e+00,8.853116078090162988e-01,9.817728548541793998e+00,8.188770572061316110e+06
2.301554831068907333e+03,7.000000000000000000e+00,2.000000000000000000e+00,1.340111537062907754e+00,2.099872380562828766e+01,9.325012080284046009e+06
1.336254772978623987e+04,3.000000000000000000e+00,1.000000000000000000e+00,1.330698888862700491e+00,2.839016770448672844e+01,3.541819464336793125e+07
8.721001035333361870e+03,2.000000000000000000e+00,2.000000000000000000e+00,1.371099469218481248e+00,1.992302592575470044e+01,2.770599836596139520e+07
1.562183547315175929e+04,1.000000000000000000e+00,3.000000000000000000e+00,1.056710580396994281e+00,6.518790732443492608e+00,4.803463027439390123e+07
1.362188941818669628e+04,5.000000000000000000e+00,1.000000000000000000e+00,1.270436544584424343e+00,1.152809996000465098e+01,3.590416985320571065e+07
7.072572511567820584e+03,6.000000000000000000e+00,2.000000000000000000e+00,1.296935016388592876e+00,2.366300098860654444e+01,2.529153444060876966e+07
1.802831101881379436e+04,3.000000000000000000e+00,2.000000000000000000e+00,9.894181435029159033e-01,2.682651179063973856e+01,4.583956000303690135e+07
1.539312365317065451e+04,7.000000000000000000e+00,1.000000000000000000e+00,8.872026267362853602e-01,7.002849381357131975e+00,3.110617765380038321e+07
5.848377853657409105e+03,6.000000000000000000e+00,1.000000000000000000e+00,1.398215816983503501e+00,7.299952603815009766e+00,1.880120371169947833e+07
7.665325144777847527e+03,3.000000000000000000e+00,2.000000000000000000e+00,8.181315222508099838e-01,1.383930346369088937e+01,1.668702231460200250e+07
6.700135615962700285e+03,2.000000000000000000e+00,2.000000000000000000e+00,1.158401551226865722e+00,8.505050861596949119e+00,1.945637229054895416e+07
3.657665983324993249e+03,6.000000000000000000e+00,1.000000000000000000e+00,1.190127364509025343e+00,2.225838696580094123e+01,9.927366207873946056e+06
3.466997427318518021e+03,6.000000000000000000e+00,2.000000000000000000e+00,1.209073605181788968e+00,9.711059458700415092e+00,1.161061777308827825e+07
1.876087278948943276e+04,2.000000000000000000e+00,2.000000000000000000e+00,9.533766463814538072e-01,2.544658004704267285e+01,4.357166054202970862e+07
9.095338321655814070e+03,3.000000000000000000e+00,2.000000000000000000e+00,1.232947546579310494e+00,2.931675957922761100e+01,2.876459042121395841e+07
8.036404561881750851e+03,4.000000000000000000e+00,3.000000000000000000e+00,9.298397379687592945e-01,3.511549991256319458e+01,2.626153412706909329e+07
1.475590274834113188e+04,5.000000000000000000e+00,1.000000000000000000e+00,1.297422953451009331e+00,3.445220884913143067e+01,4.223211646531374753e+07
1.132806546590625840e+04,2.000000000000000000e+00,2.000000000000000000e+00,9.314700044507807641e-01,1.420095450705834494e+01,2.678621664955536649e+07
1.876111574466616730e+04,8.000000000000000000e+00,1.000000000000000000e+00,1.218023617445646467e+00,6.882288078695184552e+00,5.104814500075347722e+07
1.573784898184220765e+04,4.000000000000000000e+00,3.000000000000000000e+00,1.270048091500385556e+00,1.588236648335303869e+01,6.414963733578322828e+07
9.899769544016082364e+03,4.000000000000000000e+00,1.000000000000000000e+00,9.133674502773132531e-01,2.725440356137959697e+01,2.023306529164699093e+07
7.901373785528028748e+03,1.000000000000000000e+00,3.000000000000000000e+00,9.427918925795616412e-01,7.794036278176179167e+00,2.208313820855506137e+07
1.974065197153184636e+04,8.000000000000000000e+00,1.000000000000000000e+00,1.267462243240620179e+00,1.679137973014286089e+01,5.824445846157647669e+07
1.452454857847068342e+04,2.000000000000000000e+00,1.000000000000000000e+00,8.515993829809717086e-01,1.494103642640720864e+01,2.613442980334373564e+07
1.905317640407451836e+04,8.000000000000000000e+00,2.000000000000000000e+00,9.144565714799984812e-01,1.258036907456930109e+01,5.196352478320268542e+07
2.898484398010602490e+03,4.000000000000000000e+00,3.000000000000000000e+00,1.073318543713949191e+00,2.718392264190945795e+01,1.032654325066714548e+07
1.710035337630118374e+04,7.000000000000000000e+00,1.000000000000000000e+00,1.358109157246862209e+00,2.577291015073122082e+01,5.248275626672974974e+07
1.295923334942942711e+04,2.000000000000000000e+00,1.000000000000000000e+00,1.137126700935806145e+00,2.206482282103030101e+01,3.107947277765051648e+07
2.965280559701184302e+03,2.000000000000000000e+00,3.000000000000000000e+00,1.032606708924935335e+00,3.332323919044792149e+01,9.424240442571459338e+06
1.201220519940288068e+04,7.000000000000000000e+00,1.000000000000000000e+00,1.387022133333486007e+00,9.094165581908173479e+00,3.651055530998782814e+07
1.391026948304570760e+04,7.000000000000000000e+00,1.000000000000000000e+00,1.078226783732773031e+00,1.049067673434392489e+01,3.382396802394827455e+07
8.386721062388950259e+02,5.000000000000000000e+00,3.000000000000000000e+00,1.060240984212489135e+00,1.750349037658239126e+01,3.000562301970306318e+06
9.413768459729883034e+03,1.000000000000000000e+00,1.000000000000000000e+00,1.046986590132634065e+00,2.567646155588701973e+01,2.051877000040442497e+07
1.661275051720863121e+04,8.000000000000000000e+00,3.000000000000000000e+00,9.873080435640777530e-01,2.352237876736236188e+01,5.337572415297295898e+07
6.329965091675343501e+03,4.000000000000000000e+00,3.000000000000000000e+00,9.954168858425506139e-01,8.221280624037959228e+00,1.914212715226988494e+07
9.495832786891891374e+03,8.000000000000000000e+00,3.000000000000000000e+00,1.212702235957698882e+00,3.475274411239402639e+01,3.909534376808657497e+07
9.180894065117128775e+03,7.000000000000000000e+00,1.000000000000000000e+00,8.245013584051287259e-01,1.515194449384174469e+01,1.738103129170035198e+07
6.457391393984336901e+03,7.000000000000000000e+00,1.000000000000000000e+00,1.209090035387791362e+00,1.676917841349281701e+01,1.768126326810758933e+07
1.841777277300175047e+04,6.000000000000000000e+00,2.000000000000000000e+00,9.207226988755237151e-01,2.470889397130270737e+01,4.627835842890714109e+07
1.575710428737140865e+04,6.000000000000000000e+00,2.000000000000000000e+00,1.030524801922695799e+00,3.435496552379203905e+01,4.459509014806677401e+07
2.745415173324543503e+03,5.000000000000000000e+00,3.000000000000000000e+00,8.879233835361992622e-01,2.588064717309816132e+01,8.141040853950963356e+06
1.994247236204891669e+04,1.000000000000000000e+00,2.000000000000000000e+00,1.131650626443481800e+00,3.464319988643111969e+01,5.332714042515785992e+07
1.765648047157025940e+04,4.000000000000000000e+00,3.000000000000000000e+00,1.237610266971283846e+00,1.162773356461436869e+01,7.014797357353138924e+07
6.107823694562355740e+03,6.000000000000000000e+00,3.000000000000000000e+00,1.012793345633818731e+00,2.456429786918804936e+01,1.872662888929959387e+07
1.683579364542219992e+04,7.000000000000000000e+00,3.000000000000000000e+00,8.980499465241578161e-01,3.086636675628854576e+01,4.991133063575965911e+07
2.664538918304827803e+03,5.000000000000000000e+00,1.000000000000000000e+00,9.359033491587053222e-01,2.127073404764541209e+01,5.770562665103327483e+06
1.998263177120023101e+04,6.000000000000000000e+00,1.000000000000000000e+00,1.290867751115343465e+00,1.686521027488021218e+01,5.796426862945988029e+07
1.351428388046681539e+04,1.000000000000000000e+00,1.000000000000000000e+00,9.605892410359114786e-01,3.554275590095631543e+01,2.467857264941880852e+07
1.321242530184066163e+04,4.000000000000000000e+00,2.000000000000000000e+00,1.264821555806736164e+00,1.022962021189981385e+01,4.250400154312067479e+07
2.354550103492175367e+03,5.000000000000000000e+00,1.000000000000000000e+00,9.987196440837267097e-01,1.832788582585969905e+01,5.479712351672216319e+06
1.800244793859453057e+04,8.000000000000000000e+00,3.000000000000000000e+00,9.132395326057775042e-01,3.220121257681980609e+01,5.825129840674310923e+07
1.162590362166706655e+03,3.000000000000000000e+00,1.000000000000000000e+00,1.236385135776458588e+00,3.301442239517763255e+01,3.818529376455310732e+06
5.272064325998252571e+03,2.000000000000000000e+00,3.000000000000000000e+00,1.081127017685123981e+00,3.541146304679322299e+01,1.670560932998458110e+07
3.374624378232719209e+03,3.000000000000000000e+00,3.000000000000000000e+00,8.187663507648839101e-01,3.254542776793144299e+01,8.904909104296201840e+06
1.566929804942904047e+04,2.000000000000000000e+00,1.000000000000000000e+00,1.375965451606639078e+00,7.528710761622376069e+00,4.481609906136022508e+07
4.445162007930219261e+03,5.000000000000000000e+00,1.000000000000000000e+00,8.886520670432644931e-01,3.389299498882464690e+01,8.872835717496464029e+06
1.826638160633917505e+04,6.000000000000000000e+00,2.000000000000000000e+00,1.012044185871854740e+00,1.884501574220355735e+01,5.022586804476772249e+07
1.333161936295330815e+04,7.000000000000000000e+00,2.000000000000000000e+00,1.030876780997424413e+00,2.554857562369745949e+01,3.855603223679132760e+07
1.301556583597106510e+03,8.000000000000000000e+00,1.000000000000000000e+00,1.093657939555047864e+00,1.782827607501357292e+01,3.649997272046053782e+06
7.053387820967889184e+02,1.000000000000000000e+00,2.000000000000000000e+00,1.271266413400502282e+00,3.041004229840645934e+01,3.226297475043965969e+06
1.602163590079338974e+03,2.000000000000000000e+00,1.000000000000000000e+00,8.036541678050761472e-01,2.327757828968298170e+01,3.103405889624969568e+06
1.235494844636591733e+04,3.000000000000000000e+00,1.000000000000000000e+00,1.359483230801644682e+00,3.136633927662012766e+01,3.580748907927481830e+07
1.614874713067265657e+04,2.000000000000000000e+00,3.000000000000000000e+00,1.187593676121806663e+00,1.181314414562301707e+01,5.459319138939514011e+07
5.227924720171336048e+03,7.000000000000000000e+00,3.000000000000000000e+00,1.370389327489361264e+00,1.154949284264706755e+01,2.427148170876028016e+07
1.707853155270761636e+04,2.000000000000000000e+00,1.000000000000000000e+00,1.290433722449891407e+00,1.921130404754361010e+01,4.608121275199461728e+07
1.710299638973251376e+03,1.000000000000000000e+00,3.000000000000000000e+00,1.356702930849929878e+00,6.142546348874415862e+00,6.607472950510324910e+06
1.613869876064851815e+04,7.000000000000000000e+00,2.000000000000000000e+00,1.160600330561406768e+00,2.678558864688774221e+01,5.225145738399980962e+07
1.859923134534223936e+04,8.000000000000000000e+00,2.000000000000000000e+00,1.014385389726304876e+00,1.488161183424032963e+01,5.165774986130402982e+07
1.557890294262498355e+04,2.000000000000000000e+00,1.000000000000000000e+00,1.065748437868162313e+00,2.271898038643349693e+01,3.220849337066595629e+07
1.414354320918556186e+04,3.000000000000000000e+00,2.000000000000000000e+00,1.194819386230467684e+00,8.100106813825405538e+00,4.456242457314331830e+07
1.685681624191443188e+04,5.000000000000000000e+00,2.000000000000000000e+00,1.056159115859801823e+00,1.111933078148081933e+01,4.623146262005583942e+07
1.378935211213088678e+03,5.000000000000000000e+00,2.000000000000000000e+00,1.239003670080673469e+00,2.468577510065798464e+01,4.632558146643193439e+06
4.514572947949674926e+03,8.000000000000000000e+00,1.000000000000000000e+00,8.551088096480177203e-01,1.516987881333129273e+01,9.875887058962119743e+06
3.023519378529475489e+03,4.000000000000000000e+00,1.000000000000000000e+00,1.297991989390933298e+00,1.244165827756901166e+01,8.263858199714294635e+06
1.038790120974393903e+04,1.000000000000000000e+00,2.000000000000000000e+00,9.225131837852025285e-01,1.286539502423303816e+01,2.309095240754852816e+07
1.505664968957958445e+04,4.000000000000000000e+00,1.000000000000000000e+00,1.366368565714833450e+00,1.244458094176486362e+01,4.628817543023198843e+07
1.282222978478213554e+04,5.000000000000000000e+00,1.000000000000000000e+00,8.933274799623607265e-01,2.468552848291644608e+01,2.504413198592086509e+07
1.711194333538154024e+04,5.000000000000000000e+00,2.000000000000000000e+00,8.774985176614387150e-01,1.103073643408371396e+01,3.965643159154161066e+07
3.611132053357162931e+03,5.000000000000000000e+00,3.000000000000000000e+00,1.287125666352435527e+00,1.688119077539671054e+01,1.425686740508780070e+07
1.485164918354213478e+04,8.000000000000000000e+00,2.000000000000000000e+00,1.291221096621808506e+00,2.663660596780356826e+01,5.116446740137021244e+07
4.345004922856739540e+03,7.000000000000000000e+00,1.000000000000000000e+00,1.243255651928748318e+00,2.141013172042951851e+01,1.256494482863533683e+07
5.852719775565325108e+03,3.000000000000000000e+00,3.000000000000000000e+00,1.376318278342822721e+00,2.391842612326451700e+01,2.506166417772613466e+07
1.437215112725729523e+04,3.000000000000000000e+00,2.000000000000000000e+00,9.623237772112496202e-01,1.352720938391245653e+01,3.562152567818680406e+07
1.961597282703442761e+04,6.000000000000000000e+00,3.000000000000000000e+00,1.295989243394172430e+00,3.398144619495617036e+01,8.077366212030433118e+07
1.246394595595515057e+04,4.000000000000000000e+00,1.000000000000000000e+00,1.011224318026052504e+00,1.841637744949006716e+01,2.690300221439452842e+07
1.657306110831134447e+03,4.000000000000000000e+00,2.000000000000000000e+00,1.122439175341604312e+00,1.460891809837003663e+01,4.785065736538883299e+06
1.255639401659413670e+04,2.000000000000000000e+00,1.000000000000000000e+00,1.067360017820797147e+00,3.312978552175417235e+01,2.812419442756827548e+07
1.421600700655241781e+03,3.000000000000000000e+00,2.000000000000000000e+00,8.035100136041644081e-01,2.565868845793161057e+01,3.542714484663550276e+06
1.775242680051625211e+04,6.000000000000000000e+00,1.000000000000000000e+00,1.144677316123494659e+00,2.441837589415351317e+01,4.875674243566379696e+07
1.436581873095204173e+04,7.000000000000000000e+00,3.000000000000000000e+00,1.248503532658371773e+00,3.260203956498504141e+01,5.961738632168415189e+07
3.958680220596562776e+03,7.000000000000000000e+00,1.000000000000000000e+00,9.047314301451627738e-01,7.756208588141532800e+00,7.915356484498843551e+06
2.379387512989442257e+03,3.000000000000000000e+00,2.000000000000000000e+00,1.358993517135822504e+00,3.113038536022740743e+01,8.908749654472639784e+06
4.160544640278188126e+03,2.000000000000000000e+00,1.000000000000000000e+00,1.118239723651102135e+00,2.633593092915302591e+01,9.826991858242148533e+06
1.961252728335133361e+04,2.000000000000000000e+00,3.000000000000000000e+00,9.069476018906561521e-01,1.679978384340387976e+01,5.329266175472934544e+07
9.496076463694702397e+03,4.000000000000000000e+00,2.000000000000000000e+00,1.187568542550131223e+00,1.369054027571566934e+01,2.946921250990332663e+07
1.581117039782331449e+04,5.000000000000000000e+00,3.000000000000000000e+00,9.151536251092063923e-01,9.144176996446729433e+00,4.329326985380247980e+07
1.294632183689087105e+04,8.000000000000000000e+00,2.000000000000000000e+00,8.381200089772018469e-01,3.423222510740070135e+01,2.939636284949405491e+07
1.170481510919756511e+04,8.000000000000000000e+00,2.000000000000000000e+00,1.211189145451545324e+00,1.025736309988608497e+01,4.065797794157255441e+07
3.415526940501963963e+03,1.000000000000000000e+00,1.000000000000000000e+00,8.664169299832966686e-01,1.378315607192652692e+01,6.453474569401991554e+06
1.895287439902704500e+04,6.000000000000000000e+00,2.000000000000000000e+00,8.637304690258612583e-01,2.673321538708409761e+01,4.501020974828273803e+07
6.446047070785527467e+03,3.000000000000000000e+00,2.000000000000000000e+00,1.243966137909088054e+00,2.730457313657977636e+01,2.156922814044350758e+07
1.181353398666631801e+04,2.000000000000000000e+00,1.000000000000000000e+00,8.331213399248427187e-01,1.082306113807781855e+01,2.075040581609873846e+07
1.417565332502788260e+04,5.000000000000000000e+00,2.000000000000000000e+00,1.285861507428772699e+00,3.042393482296882823e+01,4.940398176147411764e+07
1.319512321175899160e+04,1.000000000000000000e+00,1.000000000000000000e+00,1.277689255188696471e+00,2.130861807529087315e+01,3.231985579596671090e+07
1.884753154809305852e+04,3.000000000000000000e+00,1.000000000000000000e+00,8.848360568466596687e-01,3.145370034345326715e+01,3.520535343262305856e+07
3.479716404449125093e+03,5.000000000000000000e+00,1.000000000000000000e+00,1.111028388366181341e+00,8.618561695426336655e+00,8.918969984670015052e+06
1.046204312587067579e+04,3.000000000000000000e+00,2.000000000000000000e+00,8.579752945813654552e-01,7.284899972810690016e+00,2.328538663942852989e+07
8.438267180370859933e+03,5.000000000000000000e+00,1.000000000000000000e+00,1.179542731871592309e+00,2.510971144483049144e+01,2.263534865926126018e+07
9.798873351962791276e+03,4.000000000000000000e+00,1.000000000000000000e+00,8.377580077823280069e-01,1.050071391329450421e+01,1.714756915046568215e+07
2.912820008236245485e+03,7.000000000000000000e+00,2.000000000000000000e+00,1.366688513793648418e+00,2.174847137199899549e+01,1.143771048451684788e+07
3.201435431531647737e+03,2.000000000000000000e+00,1.000000000000000000e+00,9.246384412217489857e-01,6.423262778535261397e+00,6.048360602282962762e+06
5.994665588156392914e+03,1.000000000000000000e+00,1.000000000000000000e+00,1.209736793569186952e+00,2.939787781644600528e+01,1.484573487587037683e+07
6.511269312960127536e+03,5.000000000000000000e+00,2.000000000000000000e+00,8.769748546262661204e-01,3.298590510535504450e+01,1.664243106286915950e+07
8.901322345418189798e+03,3.000000000000000000e+00,1.000000000000000000e+00,9.257578689960659357e-01,3.116648285892863868e+01,1.599427514977099188e+07
1.245315841251058919e+04,6.000000000000000000e+00,3.000000000000000000e+00,1.070569789330022337e+00,3.475058439451255055e+01,4.366768643038582802e+07
1.291180487791430278e+04,1.000000000000000000e+00,2.000000000000000000e+00,1.143857684804909791e+00,3.309287263976369076e+01,3.615821850607459247e+07
8.589131393760062565e+03,5.000000000000000000e+00,3.000000000000000000e+00,1.399317944235009659e+00,1.932054054871095872e+01,3.606875751672375202e+07
8.530392322916723060e+03,8.000000000000000000e+00,3.000000000000000000e+00,8.155557368545665042e-01,1.795044625330939780e+01,2.438412243092702329e+07
4.821993417921062246e+03,1.000000000000000000e+00,3.000000000000000000e+00,8.001886517864522652e-01,3.288551003914628978e+01,1.147636422753807344e+07
1.201314121913476083e+04,3.000000000000000000e+00,2.000000000000000000e+00,1.010220256828968877e+00,3.380816386071681023e+01,3.097889011702875420e+07
6.750593679554414848e+03,7.000000000000000000e+00,2.000000000000000000e+00,1.019693820681451868e+00,3.518507844954110908e+01,2.134821145782979205e+07
1.299560784980855715e+03,5.000000000000000000e+00,3.000000000000000000e+00,1.330302341659178822e+00,2.904951704528347989e+01,6.394347452542080544e+06
8.716960856643090665e+03,2.000000000000000000e+00,1.000000000000000000e+00,1.347549528618380954e+00,1.205966489824140986e+01,2.432633069058249146e+07
9.798173896749303822e+03,2.000000000000000000e+00,3.000000000000000000e+00,1.328314985815591154e+00,3.434862408332167405e+01,3.947113169006349891e+07
4.976501643161693210e+03,7.000000000000000000e+00,1.000000000000000000e+00,8.859072502916286451e-01,3.441424400448659071e+01,1.067611616031498462e+07
1.170568390256904422e+04,7.000000000000000000e+00,1.000000000000000000e+00,1.047262901108644062e+00,2.598394091738914469e+01,3.039076434217119962e+07
1.157597486837926590e+04,3.000000000000000000e+00,1.000000000000000000e+00,1.247531097377013953e+00,3.171840799048454329e+01,3.133591045003520325e+07
1.421884231354120493e+04,4.000000000000000000e+00,1.000000000000000000e+00,9.875666406705447820e-01,2.283529263491856653e+01,2.910688278081925213e+07
1.317020055470347506e+04,7.000000000000000000e+00,1.000000000000000000e+00,1.197942817106330660e+00,3.432380836235168431e+01,3.420885197560802847e+07
1.325720129650801209e+04,2.000000000000000000e+00,3.000000000000000000e+00,9.422857179146552076e-01,8.818091897762736053e+00,3.754532703310012072e+07
6.734554545386436075e+03,2.000000000000000000e+00,1.000000000000000000e+00,9.940515547764847692e-01,3.191891089454312080e+01,1.414690766023790091e+07
1.587618510652750410e+04,7.000000000000000000e+00,3.000000000000000000e+00,1.316257789609090345e+00,7.665108871114179934e+00,6.475634864944898337e+07
1.125340104183378025e+04,2.000000000000000000e+00,2.000000000000000000e+00,9.503054216533970422e-01,1.617321156654061554e+01,2.716991908910643309e+07
8.969512986489868126e+03,7.000000000000000000e+00,3.000000000000000000e+00,1.378594452130917691e+00,1.005976927845785696e+01,4.034000874111620337e+07
1.274464213025650861e+04,4.000000000000000000e+00,2.000000000000000000e+00,9.837557365621081296e-01,2.037405277388736380e+01,3.355382702871133387e+07
7.596752288334932928e+03,8.000000000000000000e+00,1.000000000000000000e+00,8.141168658939664793e-01,1.296738473977409889e+01,1.475086712804131024e+07
1.054714134537111022e+04,1.000000000000000000e+00,1.000000000000000000e+00,9.529405422815422355e-01,3.456217138001991884e+01,1.996523256042367965e+07
1.489209035655507432e+04,8.000000000000000000e+00,2.000000000000000000e+00,9.027229653460554504e-01,2.277964000960228574e+01,3.945404302720638365e+07
1.779621600243993089e+04,2.000000000000000000e+00,3.000000000000000000e+00,1.104096179730529759e+00,3.293192208911174390e+01,5.706259812138172239e+07
1.846850962752671694e+04,1.000000000000000000e+00,1.000000000000000000e+00,8.676296397967160345e-01,1.434175407153452753e+01,3.105775589052765071e+07
1.037047874855212467e+04,6.000000000000000000e+00,2.000000000000000000e+00,1.175629326347245707e+00,6.779326798396824394e+00,3.238298821523217112e+07
1.069333722596703956e+04,5.000000000000000000e+00,3.000000000000000000e+00,1.324939442333896711e+00,2.926965011051765231e+01,4.719096914704743773e+07
1.611748596881842786e+04,7.000000000000000000e+00,3.000000000000000000e+00,1.017511329082241511e+00,2.707132979915915527e+01,5.381605332813815027e+07
6.700343419837504371e+03,1.000000000000000000e+00,2.000000000000000000e+00,9.010956315832426844e-01,2.236474937022580889e+01,1.587566138285598531e+07
1.684521782949432964e+04,1.000000000000000000e+00,1.000000000000000000e+00,1.040014997470647851e+00,3.046028189187637736e+01,3.741556570633291453e+07
1.018634794243801480e+04,5.000000000000000000e+00,1.000000000000000000e+00,1.271580092870376211e+00,3.120253117944397658e+01,2.771970471972811595e+07
2.847620452104206834e+03,8.000000000000000000e+00,2.000000000000000000e+00,1.154892604447757432e+00,2.363709924054521494e+01,8.712419087274286896e+06
1.997947453215107771e+03,4.000000000000000000e+00,2.000000000000000000e+00,8.606859279965619614e-01,3.497783375561810715e+01,5.532924161704163998e+06
1.693466829416558539e+04,7.000000000000000000e+00,1.000000000000000000e+00,1.122312292596220118e+00,2.759135842851981835e+01,4.271826665140345693e+07
1.678017587993431334e+03,8.000000000000000000e+00,1.000000000000000000e+00,1.080851228873355829e+00,2.630626128487886106e+01,4.646500239151287824e+06
6.043861860992924449e+03,7.000000000000000000e+00,2.000000000000000000e+00,9.962673536126969154e-01,1.684265377675936293e+01,1.663859360897221044e+07
7.082122785729989118e+03,5.000000000000000000e+00,3.000000000000000000e+00,8.660963576319939961e-01,6.067757358000229750e+00,1.905957637236494198e+07
3.956092236716919615e+03,6.000000000000000000e+00,1.000000000000000000e+00,1.388667161372164838e+00,1.322828021682533972e+01,1.302500103962791152e+07
6.689531374158591461e+03,5.000000000000000000e+00,2.000000000000000000e+00,9.056259919359533894e-01,2.891761520443889566e+01,1.682355102630611882e+07
1.500823579446666190e+04,6.000000000000000000e+00,1.000000000000000000e+00,9.156457344744473037e-01,2.729613763311522234e+01,3.241231786226855963e+07
8.848471650653729057e+02,5.000000000000000000e+00,1.000000000000000000e+00,8.873496152613414845e-01,1.593066434490282468e+01,2.123621286334922537e+06
1.664716443570131742e+04,5.000000000000000000e+00,2.000000000000000000e+00,1.142115823219362891e+00,2.476748923615316400e+01,5.018495702746661007e+07
1.721703165734642971e+04,4.000000000000000000e+00,1.000000000000000000e+00,1.066201744689620146e+00,1.185862438419411546e+01,3.817149403853750229e+07
7.821874519916034842e+03,6.000000000000000000e+00,1.000000000000000000e+00,9.497343092159336031e-01,1.390883157807132164e+01,1.701834356609819457e+07
3.580090241776314997e+03,7.000000000000000000e+00,3.000000000000000000e+00,1.057654029812916896e+00,3.442224281707490263e+01,1.370630772957284749e+07
1.225630391413456891e+04,8.000000000000000000e+00,1.000000000000000000e+00,1.204113110637030637e+00,1.839541718806783521e+01,3.564066529540329427e+07
2.921647583778950320e+03,5.000000000000000000e+00,1.000000000000000000e+00,9.690203188991781680e-01,1.334962782896563560e+01,6.339505001154371537e+06
7.679435604918098761e+03,1.000000000000000000e+00,3.000000000000000000e+00,1.349147465618228292e+00,2.061324740516974430e+01,3.025385126347893104e+07
1.919352610947886569e+04,5.000000000000000000e+00,2.000000000000000000e+00,9.838077423066234894e-01,1.761047639362098494e+01,5.146556633405178785e+07
1.991201076812255997e+04,3.000000000000000000e+00,1.000000000000000000e+00,9.189074184937119361e-01,2.788587112047316907e+01,3.757475970724920183e+07
1.557883489227896098e+04,1.000000000000000000e+00,2.000000000000000000e+00,1.372740708123688647e+00,3.486348319472642743e+01,4.982763828583806753e+07
6.632653292462864556e+03,1.000000000000000000e+00,2.000000000000000000e+00,1.286336366070907511e+00,2.375212273373075433e+01,2.039064757440262660e+07
1.394070195382219390e+04,5.000000000000000000e+00,1.000000000000000000e+00,1.005882574906079352e+00,2.373441560810745088e+01,3.037634932168738171e+07
1.428488349038984597e+04,8.000000000000000000e+00,2.000000000000000000e+00,1.304859110686325430e+00,1.694501576170448942e+01,5.439130427433183044e+07
8.124128886174805302e+03,5.000000000000000000e+00,2.000000000000000000e+00,1.111288549492279953e+00,2.293892795925886219e+01,2.563722468473691121e+07
1.303323951097149256e+04,4.000000000000000000e+00,1.000000000000000000e+00,1.008051498956637593e+00,1.557986599161414532e+01,2.641540179472719133e+07
8.081163125281191242e+02,1.000000000000000000e+00,3.000000000000000000e+00,1.303766953723528577e+00,6.032762229370257856e+00,3.078215111523162108e+06
4.655718576883484275e+03,6.000000000000000000e+00,2.000000000000000000e+00,1.251299040118664108e+00,3.198288518635455091e+01,1.629234815364685468e+07
1.078671307756486749e+04,1.000000000000000000e+00,3.000000000000000000e+00,9.787249055858635582e-01,1.888332256565115586e+01,3.153164118645238131e+07
3.776775302610939889e+03,7.000000000000000000e+00,1.000000000000000000e+00,1.164007109154784114e+00,2.076265455161990303e+01,1.015831052968147397e+07
3.818593236804752451e+03,7.000000000000000000e+00,1.000000000000000000e+00,1.021634134111878423e+00,8.505027462777846381e+00,8.807043731690481305e+06
1.682430323667461562e+04,8.000000000000000000e+00,3.000000000000000000e+00,8.006311835362329710e-01,3.111331540216175995e+01,4.329409153352905810e+07
1.978918025206194579e+04,3.000000000000000000e+00,3.000000000000000000e+00,1.377089444840167598e+00,1.111011211132771237e+01,8.341002641982495785e+07
1.138580690375189806e+04,2.000000000000000000e+00,1.000000000000000000e+00,1.129777445643701972e+00,1.831863476352947728e+01,2.599979783351781964e+07
1.687795277910523873e+04,3.000000000000000000e+00,3.000000000000000000e+00,1.159059560999469829e+00,3.120796641191644127e+01,5.776918981090308726e+07
1.981224028792968602e+04,7.000000000000000000e+00,1.000000000000000000e+00,1.159934855406376863e+00,1.973348820640558543e+01,5.148794515403106064e+07
3.346960238234229109e+03,2.000000000000000000e+00,2.000000000000000000e+00,1.130384876491641766e+00,3.393457006399390963e+01,1.061321741133712046e+07
9.295964897134410421e+03,8.000000000000000000e+00,1.000000000000000000e+00,9.740287068641561019e-01,1.227942910262069098e+01,2.020694975204331800e+07
8.215910687333245733e+03,2.000000000000000000e+00,2.000000000000000000e+00,1.382945674944833669e+00,2.745698489864313885e+01,2.767321816557291150e+07
2.152956102735989589e+03,1.000000000000000000e+00,3.000000000000000000e+00,1.173001047509171002e+00,3.533995570685182486e+01,8.485720556511631235e+06
1.525340535221804203e+04,2.000000000000000000e+00,3.000000000000000000e+00,1.202552816332376873e+00,2.248840911660932562e+01,5.431089215805461258e+07
9.015313130058304523e+03,7.000000000000000000e+00,3.000000000000000000e+00,1.072875654390229805e+00,2.676551695931978614e+01,3.323733505423486233e+07
9.704942523293784689e+03,5.000000000000000000e+00,1.000000000000000000e+00,9.727168402944695869e-01,1.779679978803025264e+01,2.102662060849214718e+07
3.523055691976859634e+03,3.000000000000000000e+00,3.000000000000000000e+00,8.386093893049576531e-01,2.854012019176406767e+01,9.541242736287526786e+06
4.109977053278841595e+03,6.000000000000000000e+00,2.000000000000000000e+00,1.010138117940731828e+00,3.326622169571187726e+01,1.187333953253548779e+07
1.819781026983057018e+04,6.000000000000000000e+00,2.000000000000000000e+00,9.056584575610352461e-01,2.709166701151587375e+01,4.667865218328538537e+07
1.466192326101010167e+03,5.000000000000000000e+00,3.000000000000000000e+00,1.197252960954207079e+00,3.407786134142937584e+01,6.650607508220739663e+06
5.117334327907900843e+03,5.000000000000000000e+00,2.000000000000000000e+00,1.327402330881631620e+00,2.365957955976929128e+01,1.932773656038492918e+07
6.265951008101849766e+03,1.000000000000000000e+00,2.000000000000000000e+00,9.816529149473913751e-01,2.331412321352888739e+01,1.461757360733424500e+07
1.010983232259077704e+04,3.000000000000000000e+00,2.000000000000000000e+00,9.997295752484278708e-01,1.513882164327466029e+01,2.719755075180487707e+07
1.197703635648704039e+04,5.000000000000000000e+00,2.000000000000000000e+00,1.202218702297406905e+00,2.728882473491357530e+01,3.814160463189034164e+07
1.016982553150293097e+04,2.000000000000000000e+00,3.000000000000000000e+00,8.895628605447418735e-01,3.245857565268465805e+01,2.641648007779248431e+07
2.231837490403511310e+03,4.000000000000000000e+00,2.000000000000000000e+00,1.357662456006619500e+00,2.538948678386793745e+01,8.395099979500750080e+06
5.327148608680842699e+03,1.000000000000000000e+00,2.000000000000000000e+00,1.018308068615289885e+00,1.299117661795748901e+01,1.378763096800422296e+07
1.696561466439329888e+04,7.000000000000000000e+00,1.000000000000000000e+00,8.607196675560648824e-01,2.232327344165059557e+01,3.402449356463611126e+07
1.296922078928210613e+04,1.000000000000000000e+00,2.000000000000000000e+00,9.048104029523849068e-01,2.867812250854245093e+01,2.858517477686379105e+07
1.319349157260492211e+04,1.000000000000000000e+00,3.000000000000000000e+00,1.359647645604474597e+00,3.418089944618258613e+01,5.372089641775380075e+07
1.360194315381628621e+04,6.000000000000000000e+00,2.000000000000000000e+00,9.482715730214119620e-01,1.069788148561661956e+01,3.528927915867614001e+07
1.540031856936686381e+04,2.000000000000000000e+00,1.000000000000000000e+00,1.197361282298771812e+00,9.824912728996817890e+00,3.625172656848075241e+07
1.727304545396078311e+03,3.000000000000000000e+00,2.000000000000000000e+00,8.936991341229590935e-01,1.838830590698717771e+01,4.226615201963479631e+06
7.712202667692680734e+03,3.000000000000000000e+00,3.000000000000000000e+00,9.164610154092666106e-01,9.768335083878326941e+00,2.174607709194159880e+07
1.106683224407656598e+04,2.000000000000000000e+00,1.000000000000000000e+00,1.327542931339986465e+00,3.541286737515355298e+01,3.015049929627161473e+07
7.166055775968125090e+03,7.000000000000000000e+00,1.000000000000000000e+00,8.888199320615370880e-01,1.872913101847677453e+01,1.393982973461914994e+07
1.698289014177141871e+04,6.000000000000000000e+00,2.000000000000000000e+00,8.112503520417675418e-01,2.200831557203714794e+01,3.902830612914312631e+07
9.961906666593502450e+03,2.000000000000000000e+00,2.000000000000000000e+00,1.100739913715765628e+00,1.281263343878313776e+01,2.677099647379212081e+07
1.551137523551195591e+04,6.000000000000000000e+00,1.000000000000000000e+00,1.317636087957760882e+00,1.947378370610787712e+01,4.820988553105819225e+07
1.712910102749467842e+04,6.000000000000000000e+00,3.000000000000000000e+00,9.955946272493748639e-01,3.554081804583659476e+01,5.244837262596036494e+07
1.039295476832786335e+04,5.000000000000000000e+00,3.000000000000000000e+00,8.768973623874263268e-01,2.066061454100908534e+01,2.887725459126539528e+07
1.824531353110418786e+04,5.000000000000000000e+00,2.000000000000000000e+00,1.389338497739382561e+00,6.264717774134586747e+00,6.519964014904042333e+07
1.199020444641742324e+04,8.000000000000000000e+00,2.000000000000000000e+00,1.206043177693647994e+00,1.327582590751891800e+01,3.950705469717630744e+07
1.709532139737420221e+04,4.000000000000000000e+00,1.000000000000000000e+00,1.310414379168893806e+00,3.535364491435512235e+01,4.691233982151151448e+07
7.207461434475570968e+03,4.000000000000000000e+00,3.000000000000000000e+00,1.251282963397354120e+00,3.567202540232197805e+01,3.054249327137172595e+07
1.027704899551081326e+04,5.000000000000000000e+00,3.000000000000000000e+00,1.218945364393513975e+00,1.231479269315116909e+01,3.980750691890128702e+07
1.090937419548880825e+04,7.000000000000000000e+00,2.000000000000000000e+00,1.030738440278552215e+00,2.445792263531560451e+01,3.064464870631811768e+07
2.636606488383768919e+03,6.000000000000000000e+00,2.000000000000000000e+00,9.946039959221836257e-01,8.307249915162433496e+00,6.755016019956148230e+06
8.331918630009888147e+03,1.000000000000000000e+00,3.000000000000000000e+00,1.230175157536684383e+00,2.332324927333887388e+01,2.774327645210146904e+07
1.839635084750251553e+04,4.000000000000000000e+00,3.000000000000000000e+00,1.230027804906338007e+00,9.777621044593121979e+00,6.807815406307606399e+07
1.283814546307600176e+04,6.000000000000000000e+00,1.000000000000000000e+00,1.370353030429455998e+00,3.055984570927973465e+01,3.836055028927512467e+07
4.043627699277169086e+03,2.000000000000000000e+00,3.000000000000000000e+00,1.141195890708993410e+00,3.418724962806733458e+01,1.420652703737558052e+07
7.173799330826336700e+03,8.000000000000000000e+00,3.000000000000000000e+00,9.767726634726041635e-01,1.118960424148447785e+01,2.158688369808546081e+07
4.317098387456377168e+03,7.000000000000000000e+00,3.000000000000000000e+00,1.093717279598286574e+00,1.988136505784471808e+01,1.591378220823251829e+07
1.081568756892307192e+03,7.000000000000000000e+00,2.000000000000000000e+00,1.168228290035551398e+00,9.061289954239025946e+00,3.866518470031746197e+06
1.859273289497811857e+04,1.000000000000000000e+00,2.000000000000000000e+00,1.056037879746147379e+00,1.617420021218924830e+01,5.061264893416945636e+07
9.295222168183307076e+03,5.000000000000000000e+00,1.000000000000000000e+00,1.274679874015728798e+00,7.952932642815794040e+00,2.367275942332373559e+07
6.566180404963251021e+03,5.000000000000000000e+00,2.000000000000000000e+00,1.150767927329502616e+00,1.393639584052281144e+01,1.964602202118577808e+07
1.221045751622009084e+04,6.000000000000000000e+00,1.000000000000000000e+00,8.056614365765903951e-01,3.570671001267904643e+01,2.170576098567486554e+07
7.419004520845032857e+02,7.000000000000000000e+00,2.000000000000000000e+00,1.141903932939205113e+00,7.338098019642055547e+00,2.536365046503473073e+06
5.993628868055788189e+03,3.000000000000000000e+00,1.000000000000000000e+00,1.180162271565116550e+00,3.176904988856011869e+01,1.453174002114091627e+07
1.423884923455851640e+04,5.000000000000000000e+00,2.000000000000000000e+00,1.349156750926442383e+00,8.323577332623145253e+00,5.435032928734417260e+07
1.289513359754370140e+04,6.000000000000000000e+00,2.000000000000000000e+00,1.048233004198513063e+00,2.186990793352080331e+01,3.710741819590555876e+07
1.964703538232518986e+04,7.000000000000000000e+00,1.000000000000000000e+00,1.144680595562814984e+00,1.956359377282036860e+01,5.067113927617355436e+07
1.263493956736605469e+04,7.000000000000000000e+00,3.000000000000000000e+00,1.084998470428624406e+00,3.394663980061935149e+01,4.869610224418079853e+07
9.863613948378015266e+03,3.000000000000000000e+00,2.000000000000000000e+00,1.118993857081331145e+00,1.197149586855268666e+01,2.809529631316569820e+07
1.537179172576974815e+04,8.000000000000000000e+00,3.000000000000000000e+00,8.403824424013979222e-01,1.139046046138905410e+01,4.424177070547868311e+07
1.812456071610263098e+04,1.000000000000000000e+00,1.000000000000000000e+00,1.338370200519860997e+00,2.846142265703496932e+01,4.657147544872555137e+07
1.458150136633602051e+04,4.000000000000000000e+00,3.000000000000000000e+00,1.346247403898975348e+00,2.777158419301061798e+01,5.750157683581732959e+07
1.928629773685796317e+04,5.000000000000000000e+00,1.000000000000000000e+00,1.128835765905579658e+00,2.697545311478396002e+01,4.621672159847120941e+07
1.577090031232063848e+04,1.000000000000000000e+00,2.000000000000000000e+00,1.133933309432567205e+00,6.783813485171421576e+00,4.685855087281306833e+07
1.741594790228137208e+04,4.000000000000000000e+00,2.000000000000000000e+00,8.345336215663727852e-01,1.379879060174726035e+01,3.880141177384741604e+07
2.813618980962561636e+03,5.000000000000000000e+00,2.000000000000000000e+00,1.158770307871854088e+00,3.119685533562898172e+01,9.490298745243081823e+06
1.480882195807948119e+04,5.000000000000000000e+00,2.000000000000000000e+00,1.057491073927497416e+00,2.402574364370317994e+01,4.030546058422937244e+07
9.137720770830950642e+03,1.000000000000000000e+00,3.000000000000000000e+00,1.225426178140662348e+00,2.406584762196544958e+01,3.369997853794133663e+07
1.133021376677873923e+04,3.000000000000000000e+00,1.000000000000000000e+00,8.282749499573435203e-01,1.487749816214435050e+01,1.852305433222047985e+07
1.328958674395772141e+04,2.000000000000000000e+00,3.000000000000000000e+00,1.226532609637693838e+00,1.380519265670843509e+01,4.495547472818639874e+07
1.941441326408804525e+04,6.000000000000000000e+00,1.000000000000000000e+00,9.721362942993883038e-01,3.439664664054764387e+01,4.131873738133390993e+07
1.970081477977351824e+04,3.000000000000000000e+00,1.000000000000000000e+00,1.191023198271864647e+00,2.783265836559636597e+01,5.254898475530562550e+07
6.191627962465362543e+03,5.000000000000000000e+00,1.000000000000000000e+00,1.176275585187273709e+00,9.805983534055126682e+00,1.707189444066661224e+07
1.483481785029557432e+04,6.000000000000000000e+00,3.000000000000000000e+00,9.361048907793395601e-01,3.413120826431291732e+01,4.455924477898353338e+07
1.514968063594421074e+04,7.000000000000000000e+00,1.000000000000000000e+00,1.064271407129760094e+00,2.347110455454164679e+01,3.575254353802566975e+07
7.321961509473146180e+03,2.000000000000000000e+00,2.000000000000000000e+00,1.301379955431994695e+00,1.600087100871264312e+01,2.227622773827559501e+07
3.003073632365887534e+03,8.000000000000000000e+00,2.000000000000000000e+00,1.163354986156864390e+00,1.791418339198795451e+01,1.033206972702158056e+07
1.394371029542963242e+03,2.000000000000000000e+00,3.000000000000000000e+00,8.412429811870468788e-01,2.776213531057854667e+01,4.147397974350675941e+06
1.568045667406606481e+04,1.000000000000000000e+00,2.000000000000000000e+00,1.065745298792497797e+00,1.728817955058250533e+01,4.181982826828311384e+07
1.010017499124797359e+04,1.000000000000000000e+00,3.000000000000000000e+00,9.870628752667501837e-01,2.336234397355821102e+01,3.005347284066631272e+07
1.971947928820156812e+04,2.000000000000000000e+00,3.000000000000000000e+00,1.184987407346979715e+00,2.731498489945214558e+01,6.840025312498082221e+07
9.620485050156868965e+03,7.000000000000000000e+00,3.000000000000000000e+00,1.168738364777156535e+00,1.186124991917893468e+01,3.797440099232651293e+07
1.957158939403250042e+04,2.000000000000000000e+00,3.000000000000000000e+00,8.062388609060843203e-01,3.432724458727648198e+01,4.563778006288067251e+07
8.584574442564760830e+03,6.000000000000000000e+00,1.000000000000000000e+00,1.164617305651077794e+00,1.668518314306229655e+01,2.282978954421234131e+07
1.599743372086346790e+04,4.000000000000000000e+00,2.000000000000000000e+00,1.240909792390961996e+00,1.858124271230742863e+01,5.063249934716930985e+07
2.245493882849541933e+03,1.000000000000000000e+00,2.000000000000000000e+00,1.261238019440945157e+00,2.695543103603461788e+01,7.608234512201852165e+06
1.137595717667262034e+04,4.000000000000000000e+00,1.000000000000000000e+00,8.353854622339766944e-01,2.426355268163292322e+01,2.083869432722718269e+07
1.615995986752304998e+04,1.000000000000000000e+00,1.000000000000000000e+00,9.821950502659213544e-01,1.920359510817537796e+01,3.151744595143824816e+07
1.853921234406583972e+04,4.000000000000000000e+00,1.000000000000000000e+00,1.052764136330914369e+00,2.549226120902374149e+01,4.287124080354157090e+07
1.655811195797817345e+04,5.000000000000000000e+00,3.000000000000000000e+00,9.078630246769471279e-01,3.308484922716134236e+01,4.494172446317146719e+07
1.317232107702780013e+03,5.000000000000000000e+00,2.000000000000000000e+00,1.052440322699006003e+00,3.000850849936255571e+01,4.222212273679235950e+06
7.830425421350642864e+03,3.000000000000000000e+00,1.000000000000000000e+00,8.426777214953554695e-01,3.072777029864320752e+01,1.412443053742781281e+07
1.544750362888714790e+03,7.000000000000000000e+00,3.000000000000000000e+00,8.679303698042309945e-01,1.375225225701938925e+01,4.464536551379597746e+06
2.720076447622425349e+03,5.000000000000000000e+00,3.000000000000000000e+00,1.201216857706051577e+00,1.858210047892912797e+01,1.053359091042742878e+07
1.370092919614919265e+04,3.000000000000000000e+00,3.000000000000000000e+00,9.575434766960929656e-01,2.261457424962177498e+01,3.922789501210973412e+07
1.443720900844694552e+04,4.000000000000000000e+00,3.000000000000000000e+00,1.226843508487743373e+00,7.325724574844487691e+00,5.730131690430650860e+07
1.561018124538155098e+04,1.000000000000000000e+00,3.000000000000000000e+00,8.288651168100008571e-01,2.909376541131973681e+01,3.781712433294410259e+07
1.738985703227985869e+04,8.000000000000000000e+00,1.000000000000000000e+00,1.137621831826101770e+00,1.570390273245266677e+01,4.760322670890188962e+07
1.494497048844429082e+04,7.000000000000000000e+00,3.000000000000000000e+00,1.034869198152104097e+00,1.447788234123042805e+01,5.166810039024502039e+07
1.613690888686866128e+04,3.000000000000000000e+00,2.000000000000000000e+00,1.278182835149279217e+00,1.377876028068439140e+01,5.120070452412014455e+07
1.549895970571617454e+03,6.000000000000000000e+00,2.000000000000000000e+00,1.270370948123336952e+00,1.450137796260193213e+01,5.709053444577428512e+06
5.149981918561192288e+03,6.000000000000000000e+00,2.000000000000000000e+00,1.025335785474504879e+00,1.614044496473496793e+01,1.508851280005529523e+07
1.266481680347976726e+04,5.000000000000000000e+00,2.000000000000000000e+00,1.173628408452628502e+00,2.414473674228477762e+01,4.174601711185906082e+07
1.724763090972157079e+04,1.000000000000000000e+00,2.000000000000000000e+00,9.365293212916928622e-01,2.350695965700189305e+01,3.914638224156175554e+07
6.873024238293869530e+02,8.000000000000000000e+00,3.000000000000000000e+00,1.148244101708252085e+00,1.367135260805626018e+01,2.787901467719838023e+06
1.058380923705718669e+04,8.000000000000000000e+00,1.000000000000000000e+00,8.487588163685134690e-01,1.219272829719622564e+01,1.945213586121591553e+07
1.373937554766930589e+04,8.000000000000000000e+00,1.000000000000000000e+00,1.060762570471166066e+00,3.079074570214070405e+01,3.371689093042885512e+07
1.174381409095096387e+03,8.000000000000000000e+00,1.000000000000000000e+00,9.096366089228654639e-01,8.781700130290996498e+00,2.417768496102567762e+06
8.386297816535725360e+03,8.000000000000000000e+00,3.000000000000000000e+00,1.330028709254913455e+00,2.138468523602782412e+01,4.060704951861198992e+07
1.797531669884371877e+04,6.000000000000000000e+00,2.000000000000000000e+00,1.066940490780099005e+00,2.161682622567828105e+01,5.357194683265777677e+07
1.362928849180365978e+04,1.000000000000000000e+00,2.000000000000000000e+00,1.154464249182520774e+00,2.322410420434864875e+01,3.736851869051547348e+07
5.210572249195587574e+03,4.000000000000000000e+00,2.000000000000000000e+00,1.016229116198006155e+00,3.256950347721407013e+01,1.383317005750591494e+07
1.714395391485910659e+04,2.000000000000000000e+00,2.000000000000000000e+00,9.732446211438817718e-01,2.471741820284302804e+01,4.337708624137058854e+07
7.351809614144577608e+03,2.000000000000000000e+00,2.000000000000000000e+00,9.217518698369201458e-01,3.520901298744070118e+01,1.676872756661219709e+07
1.715488662019475305e+04,7.000000000000000000e+00,1.000000000000000000e+00,1.347122949600211728e+00,3.214059250046182115e+01,5.048365676764386892e+07
6.399506831706767116e+03,7.000000000000000000e+00,1.000000000000000000e+00,1.279679469456171503e+00,1.244220778461634680e+01,1.810341971361782402e+07
1.205221286713309019e+04,5.000000000000000000e+00,3.000000000000000000e+00,8.799566866586185920e-01,1.323549930675903497e+01,3.373213297902333736e+07
8.300637314307979977e+03,6.000000000000000000e+00,2.000000000000000000e+00,1.248034925775078907e+00,1.634322407745511896e+01,2.908390000296160206e+07
5.931605984648300364e+03,2.000000000000000000e+00,1.000000000000000000e+00,1.051118466221991898e+00,1.774543245240393929e+01,1.352116392624598369e+07
1.779921670613426249e+04,2.000000000000000000e+00,2.000000000000000000e+00,8.092379929763419133e-01,2.258985360923086461e+01,3.750277951690171659e+07
4.239317429626131343e+03,7.000000000000000000e+00,2.000000000000000000e+00,1.117020392225733127e+00,1.297537898689016522e+01,1.339451408992183022e+07
2.245344869973803725e+03,4.000000000000000000e+00,1.000000000000000000e+00,8.780278640509197041e-01,1.267035543341297021e+01,4.631095145557274111e+06
7.233382607785811160e+03,5.000000000000000000e+00,1.000000000000000000e+00,9.259605878561567582e-01,1.744169872104238550e+01,1.440557271717184596e+07
1.452219946424641057e+04,4.000000000000000000e+00,3.000000000000000000e+00,1.217624576854455798e+00,2.616069339638255897e+01,5.083558953384511918e+07
1.626417315593986496e+04,2.000000000000000000e+00,1.000000000000000000e+00,9.542852222847176824e-01,2.664376839288565080e+01,3.083734115503751114e+07
1.997562137929523669e+04,7.000000000000000000e+00,1.000000000000000000e+00,1.335132921105089743e+00,3.528350220120869096e+01,5.873253675690561533e+07
6.349423906016599176e+03,7.000000000000000000e+00,2.000000000000000000e+00,1.194301855054501926e+00,1.207246301765442098e+01,2.069453198104837909e+07
8.514073851946874129e+03,6.000000000000000000e+00,2.000000000000000000e+00,1.299370090946485368e+00,1.778577455570942334e+01,2.915124219944446534e+07
3.254332793774749916e+03,3.000000000000000000e+00,3.000000000000000000e+00,1.169113722998110338e+00,3.494032493817181262e+01,1.203291815447284468e+07
1.175251543468685122e+04,6.000000000000000000e+00,3.000000000000000000e+00,1.321309754613209542e+00,2.670026227996656232e+01,5.170779806928738207e+07
1.995305272290059293e+04,8.000000000000000000e+00,1.000000000000000000e+00,1.017010805013290220e+00,2.376835574466057466e+01,5.032014366393070668e+07
1.419709159634077514e+04,6.000000000000000000e+00,2.000000000000000000e+00,1.129484346131347738e+00,2.218938154204040814e+01,4.082401681234911829e+07
1.214712910401941190e+04,4.000000000000000000e+00,1.000000000000000000e+00,1.109534240266599969e+00,8.265311404087697156e+00,2.699325419878028706e+07
8.211960402682803760e+03,3.000000000000000000e+00,2.000000000000000000e+00,1.342274424846782166e+00,3.280121426447730926e+01,2.769191819229151681e+07
1.835679594953976266e+04,5.000000000000000000e+00,1.000000000000000000e+00,8.989492451651681648e-01,2.476515646245322699e+01,3.711869426165281236e+07
1.024018196492877905e+04,3.000000000000000000e+00,1.000000000000000000e+00,1.146836457912015383e+00,2.315002223784102142e+01,2.442234299471159279e+07
3.206718118273392975e+03,5.000000000000000000e+00,3.000000000000000000e+00,1.252658716536188210e+00,2.218501029965527849e+01,1.276686586619271338e+07
7.688342186063189729e+03,1.000000000000000000e+00,1.000000000000000000e+00,1.022029856320196162e+00,1.775742621963335210e+01,1.621849468909369037e+07
1.903033375646677769e+03,2.000000000000000000e+00,2.000000000000000000e+00,1.320548914769585913e+00,1.363994074082678232e+01,6.772643325357963331e+06
4.518393331162362301e+03,7.000000000000000000e+00,1.000000000000000000e+00,1.023808860246640418e+00,2.865965956003452675e+01,1.108190964833167940e+07
9.427743513982967443e+02,4.000000000000000000e+00,3.000000000000000000e+00,9.039852559375496366e-01,2.128702553284986365e+01,3.040645308563835453e+06
9.393630380103169955e+03,4.000000000000000000e+00,3.000000000000000000e+00,1.150429013243019050e+00,7.018185968676609043e+00,3.364434165173687041e+07
1.291008114006486539e+04,5.000000000000000000e+00,2.000000000000000000e+00,1.052340806022387554e+00,1.797283499316489852e+01,3.597699328484924883e+07
7.259873770150810742e+03,4.000000000000000000e+00,3.000000000000000000e+00,8.091140628092027276e-01,3.385810914668498128e+01,1.866146463734554872e+07
8.755406367202376714e+03,7.000000000000000000e+00,2.000000000000000000e+00,8.419031554961019514e-01,1.721683684622588828e+01,2.034914119905726239e+07
1.920865989318477295e+04,2.000000000000000000e+00,1.000000000000000000e+00,9.171663081239540549e-01,1.839699023776721276e+01,3.699285033324903250e+07
1.518808455855336069e+04,7.000000000000000000e+00,1.000000000000000000e+00,1.261597975710891273e+00,2.471883369165106714e+01,4.402275113553132117e+07
1.109261875673205395e+04,2.000000000000000000e+00,1.000000000000000000e+00,1.335223709620248833e+00,3.005024411447647026e+01,3.161254522490639985e+07
6.120092977169410005e+03,3.000000000000000000e+00,1.000000000000000000e+00,1.127384524408533428e+00,2.605383353114136469e+01,1.556843236599501781e+07
1.800173789619610761e+04,5.000000000000000000e+00,1.000000000000000000e+00,8.633392775084740567e-01,3.150164193368839349e+01,3.475078459239422530e+07
5.160884067484794286e+03,8.000000000000000000e+00,1.000000000000000000e+00,1.120651371345107616e+00,9.419117611220947595e+00,1.321380591444439255e+07
6.911648972023534952e+03,2.000000000000000000e+00,2.000000000000000000e+00,1.313363276358166853e+00,3.373777659955946717e+01,2.413845436583905295e+07
1.823585739980520157e+04,5.000000000000000000e+00,1.000000000000000000e+00,1.249686577473553717e+00,3.311765797234157560e+01,5.063651268505403399e+07
1.087311587253040307e+04,1.000000000000000000e+00,2.000000000000000000e+00,9.746588982184249961e-01,2.157445759756763692e+01,2.867829963477721065e+07
1.500096821870874737e+04,1.000000000000000000e+00,2.000000000000000000e+00,8.743343655730146935e-01,2.474226713361603203e+01,3.249475580328417569e+07
1.206044900677706210e+04,7.000000000000000000e+00,3.000000000000000000e+00,1.340409019857345729e+00,1.238439150604205174e+01,5.478074894392003864e+07
1.327672065478420518e+04,6.000000000000000000e+00,2.000000000000000000e+00,1.312453247979326498e+00,1.943842313944166733e+01,4.808585993290569633e+07
6.408035855387615811e+03,4.000000000000000000e+00,3.000000000000000000e+00,8.322292190871355411e-01,1.208110082759436921e+01,1.657490394760096818e+07
5.282617995557260656e+03,5.000000000000000000e+00,2.000000000000000000e+00,1.294204693894738467e+00,6.659300368230585576e+00,1.802704369398636371e+07
6.856351535072106344e+03,4.000000000000000000e+00,1.000000000000000000e+00,8.583275826709637624e-01,3.542709204381157662e+01,1.337772026402213983e+07
3.615566343218396014e+03,3.000000000000000000e+00,2.000000000000000000e+00,8.379701800412222568e-01,1.377439547130615338e+01,8.145641206898570992e+06
1.756169868664166279e+04,4.000000000000000000e+00,2.000000000000000000e+00,1.255160538287755534e+00,2.379324926693505660e+01,6.011861126287404448e+07
6.094990505052212939e+03,3.000000000000000000e+00,2.000000000000000000e+00,1.121786373154974870e+00,1.500751150613589147e+01,1.782262069296550378e+07
1.149289425163906162e+04,7.000000000000000000e+00,2.000000000000000000e+00,1.048728814454191305e+00,1.711864860631304452e+01,3.307018679337092489e+07
1.596430384774265622e+04,4.000000000000000000e+00,2.000000000000000000e+00,1.342317317585613123e+00,1.793284675746824419e+01,5.500686229153642803e+07
1.580618772188884395e+04,3.000000000000000000e+00,1.000000000000000000e+00,1.303582143240652247e+00,1.605140193974273188e+01,4.033561455431549996e+07
9.104693416533342315e+03,5.000000000000000000e+00,1.000000000000000000e+00,8.345740829282339845e-01,2.512199278019807380e+01,1.805168999785298482e+07
9.839391786582476925e+03,7.000000000000000000e+00,3.000000000000000000e+00,1.169652345164703400e+00,3.482808811465818621e+01,3.775499712412485480e+07
1.989721392933948300e+04,3.000000000000000000e+00,3.000000000000000000e+00,1.263360441924474831e+00,1.885903950018699149e+01,7.862422119915643334e+07
1.368719105339306589e+04,8.000000000000000000e+00,1.000000000000000000e+00,1.130294347864971183e+00,3.519980172162794929e+01,3.672875291895565391e+07
1.640398579648692248e+04,4.000000000000000000e+00,3.000000000000000000e+00,1.389803299445712792e+00,2.603391712034349581e+01,7.135569498583453894e+07
1.810954700285309809e+04,6.000000000000000000e+00,3.000000000000000000e+00,1.211628502788528960e+00,2.421408585063026919e+01,7.062367845547880232e+07
1.587924282284918081e+04,8.000000000000000000e+00,1.000000000000000000e+00,8.624858076182152500e-01,1.311311555396769002e+01,3.070874222104145959e+07
4.192479292099211307e+03,4.000000000000000000e+00,3.000000000000000000e+00,9.189788071999720476e-01,7.887621176981424398e+00,1.153626167265191674e+07
1.150611223450890066e+04,2.000000000000000000e+00,2.000000000000000000e+00,1.295747372719677104e+00,3.155804310875486607e+01,4.005541426351714134e+07
2.576746651902170470e+03,6.000000000000000000e+00,3.000000000000000000e+00,1.398054003886580077e+00,2.321943191832806974e+01,1.218607757888881676e+07
1.326668925534156915e+04,1.000000000000000000e+00,2.000000000000000000e+00,8.590035601234338181e-01,1.843241587274645710e+01,2.906334704180954769e+07
1.913377890684353406e+04,4.000000000000000000e+00,2.000000000000000000e+00,8.601975907070290583e-01,3.035901966265450369e+01,4.561713813407075405e+07
1.054700204742216010e+04,8.000000000000000000e+00,1.000000000000000000e+00,1.258032232485970070e+00,1.531741147731956332e+01,3.027840817734404281e+07
8.999666361634683199e+03,4.000000000000000000e+00,1.000000000000000000e+00,8.386125690299237601e-01,2.950851767893461997e+01,1.683910732234914601e+07
1.295349377512365663e+03,6.000000000000000000e+00,2.000000000000000000e+00,8.411360696389085234e-01,1.583891506217391054e+01,3.343808080065091606e+06
1.921962573318687282e+04,5.000000000000000000e+00,3.000000000000000000e+00,1.333289889805797435e+00,3.362643559212490629e+01,7.741855567296108603e+07
2.598252072125080304e+03,2.000000000000000000e+00,3.000000000000000000e+00,1.280269887391070505e+00,1.403900623370407708e+01,9.993708266701530665e+06
1.396934410114030470e+03,3.000000000000000000e+00,3.000000000000000000e+00,1.328937919918629307e+00,1.012662352723713433e+01,5.945062304903269745e+06
5.373692263195805936e+03,5.000000000000000000e+00,2.000000000000000000e+00,1.190308041279652063e+00,2.694290125048235396e+01,1.720941735255995393e+07
1.871290418016619014e+03,1.000000000000000000e+00,2.000000000000000000e+00,9.935218531633150940e-01,1.088541759194312419e+01,4.672624350642976351e+06
9.429286142788188954e+03,4.000000000000000000e+00,2.000000000000000000e+00,1.343787914199674471e+00,3.448089150866957198e+01,3.332042121923987567e+07
1.061210334438798054e+04,4.000000000000000000e+00,3.000000000000000000e+00,9.792341149846590653e-01,2.566665337166597993e+01,3.522258341520466655e+07
6.663857011154527754e+03,7.000000000000000000e+00,1.000000000000000000e+00,9.653065036729095993e-01,1.292581983853578009e+01,1.366642448931197822e+07
1.588633361952789528e+03,1.000000000000000000e+00,1.000000000000000000e+00,1.331840251515662654e+00,1.226456802856286288e+01,4.521375685693010688e+06
2.765047144034997928e+03,7.000000000000000000e+00,3.000000000000000000e+00,1.208493555495924632e+00,3.371625117361264756e+01,1.167528560935542360e+07
8.059384933004605045e+03,4.000000000000000000e+00,2.000000000000000000e+00,1.337403250825545564e+00,2.423573738549672640e+01,2.768664091291283071e+07
1.774251946034800994e+03,6.000000000000000000e+00,2.000000000000000000e+00,8.935407735523834827e-01,3.281208020017250249e+01,5.044095996007776819e+06
1.414488067683232111e+04,5.000000000000000000e+00,3.000000000000000000e+00,1.371378078659378774e+00,9.306756145374755818e+00,6.267494219091910124e+07
4.616198505581352947e+03,3.000000000000000000e+00,3.000000000000000000e+00,1.167645294020196234e+00,3.376176586737528851e+01,1.746578456554345042e+07
6.460188434402586608e+03,8.000000000000000000e+00,1.000000000000000000e+00,1.200821026456056595e+00,2.160147935982264755e+01,1.845075010010587424e+07
8.246040077255091092e+03,2.000000000000000000e+00,2.000000000000000000e+00,1.348436348195870771e+00,2.605265748994051478e+01,2.922877200736532360e+07
8.682226881541468174e+03,1.000000000000000000e+00,2.000000000000000000e+00,1.028451784816777126e+00,1.718626414623842180e+01,2.296932126577763259e+07
6.322177288911303776e+02,7.000000000000000000e+00,3.000000000000000000e+00,1.231744996817517368e+00,7.774209660174785874e+00,2.836338008481136989e+06
2.774165197374732543e+03,5.000000000000000000e+00,3.000000000000000000e+00,1.184204372674690475e+00,3.473917324025487119e+01,1.092352963184018061e+07
1.733763253657303358e+04,8.000000000000000000e+00,2.000000000000000000e+00,1.272651631319576149e+00,3.583794987325445902e+01,6.436692793293098360e+07
6.239214127310177673e+02,4.000000000000000000e+00,3.000000000000000000e+00,1.338165675099984409e+00,1.693640546281329051e+01,3.040898319679534994e+06
1.045844670276977740e+04,1.000000000000000000e+00,2.000000000000000000e+00,1.208036513258056832e+00,3.431603789255939319e+01,3.016269235447829589e+07
1.009633892623983775e+04,1.000000000000000000e+00,3.000000000000000000e+00,8.405837327018386151e-01,1.103178872884692652e+01,2.292748518053784594e+07
7.062026723606373707e+03,4.000000000000000000e+00,2.000000000000000000e+00,9.098842075098682036e-01,1.064053348975726543e+01,1.548125412045992911e+07
8.967744190841123782e+03,2.000000000000000000e+00,2.000000000000000000e+00,1.372386909360250318e+00,8.193355200275144412e+00,3.056575156578292325e+07
1.574327406801573488e+04,8.000000000000000000e+00,2.000000000000000000e+00,1.381190284026335480e+00,1.773808222752452224e+01,6.249913225361312926e+07
1.691935190057015279e+04,1.000000000000000000e+00,3.000000000000000000e+00,1.380447988219017486e+00,7.569067505447975464e+00,6.359906363274208456e+07
5.650761742255850550e+03,8.000000000000000000e+00,2.000000000000000000e+00,8.220796402400708525e-01,1.783971568838690303e+01,1.411273394291474670e+07
6.856314554773958662e+03,2.000000000000000000e+00,1.000000000000000000e+00,1.029468900769650919e+00,1.015171285949004698e+01,1.444913951015505381e+07
5.304167348749654593e+03,1.000000000000000000e+00,1.000000000000000000e+00,1.255803622392797525e+00,2.791583386718872006e+01,1.442562057352123968e+07
9.909349970690664122e+03,3.000000000000000000e+00,2.000000000000000000e+00,1.251731482194698541e+00,3.100087948009224093e+01,3.250748296498646215e+07
1.385521213858097144e+04,2.000000000000000000e+00,3.000000000000000000e+00,8.515453429699750831e-01,2.663446283388864089e+01,3.363327903114950657e+07
5.028105783990358759e+03,4.000000000000000000e+00,2.000000000000000000e+00,1.165693332253711301e+00,1.201482457308467566e+01,1.570505322292806581e+07
7.016273395864413033e+03,3.000000000000000000e+00,2.000000000000000000e+00,8.857217711245144454e-01,2.900544578723867062e+01,1.682479709702171013e+07
1.864946158122951965e+04,5.000000000000000000e+00,3.000000000000000000e+00,1.095925599720676047e+00,1.348500591099825030e+01,6.300064727054561675e+07
1.542244223030986632e+03,5.000000000000000000e+00,2.000000000000000000e+00,9.438114205046729266e-01,2.878465790905582367e+01,4.299193646494608372e+06
9.538930341647585010e+03,1.000000000000000000e+00,3.000000000000000000e+00,8.318967030408366270e-01,2.302192724689172465e+01,2.328449203393378481e+07
1.440422600697748931e+04,1.000000000000000000e+00,2.000000000000000000e+00,8.480116553159657844e-01,1.700137548873629356e+01,2.855027655005984008e+07
3.518807824214996799e+03,2.000000000000000000e+00,3.000000000000000000e+00,1.346535769837944763e+00,8.504771340481731556e+00,1.468420993847348355e+07
1.519055988106347968e+03,2.000000000000000000e+00,3.000000000000000000e+00,1.246787578520920370e+00,3.082528529421077224e+01,6.200642409430680797e+06
3.281184209787496457e+03,1.000000000000000000e+00,2.000000000000000000e+00,1.359094389063770336e+00,3.418958762394676398e+01,1.235466914661449753e+07
1.842516995449524620e+04,3.000000000000000000e+00,1.000000000000000000e+00,1.081993959400131544e+00,2.597753340001912647e+01,3.794483499803406000e+07
7.796397673297942674e+02,5.000000000000000000e+00,2.000000000000000000e+00,1.047975499371682551e+00,3.493624700080316359e+01,3.046740071331796236e+06
4.253446311340225293e+03,3.000000000000000000e+00,1.000000000000000000e+00,1.015044375501257257e+00,3.402334257128973150e+01,1.024459851437072828e+07
1.206900150291904311e+03,3.000000000000000000e+00,2.000000000000000000e+00,1.169784257631254043e+00,1.183825202411260946e+01,3.716485043519062921e+06
2.746211670706743462e+03,4.000000000000000000e+00,1.000000000000000000e+00,1.010935632182800248e+00,2.793637045794640628e+01,6.476601572426945902e+06
1.263089616058894717e+04,5.000000000000000000e+00,2.000000000000000000e+00,1.247763940389203574e+00,1.647914458313083585e+01,4.134196094655001909e+07
5.287794829538263912e+03,3.000000000000000000e+00,2.000000000000000000e+00,1.280790395729517250e+00,2.062552081696878048e+01,1.710158796815731749e+07
1.164271377835512976e+04,2.000000000000000000e+00,1.000000000000000000e+00,1.325506756057628577e+00,1.070896293446537229e+01,3.141786692563898861e+07
1.204979042566284807e+04,4.000000000000000000e+00,1.000000000000000000e+00,9.456805581471663391e-01,3.524338284172957003e+01,2.348496277939968184e+07
1.707904546194171417e+04,1.000000000000000000e+00,2.000000000000000000e+00,1.116213229575425236e+00,2.778412149229225392e+01,4.624168813017990440e+07
6.919830224903540739e+02,4.000000000000000000e+00,1.000000000000000000e+00,9.340667700379032823e-01,1.400724928892904408e+01,1.740302992236922961e+06
1.715536751124191505e+04,8.000000000000000000e+00,3.000000000000000000e+00,8.225334940522047722e-01,1.714415070504100669e+01,4.727211382410883904e+07
1.261091027668329480e+04,4.000000000000000000e+00,3.000000000000000000e+00,1.224695182501902568e+00,1.867448780486353144e+01,4.587322274931243062e+07
3.757223630436177245e+03,1.000000000000000000e+00,3.000000000000000000e+00,1.129388764361074715e+00,2.842601172431520595e+01,1.333187363168155216e+07
1.559498532982450888e+04,6.000000000000000000e+00,1.000000000000000000e+00,1.234356367731850090e+00,3.377091800308753733e+01,4.433164227890141308e+07
1.719653591073736243e+04,2.000000000000000000e+00,3.000000000000000000e+00,8.525737468439222866e-01,1.564320398953714886e+01,4.142042371593166143e+07
5.532711584830652100e+03,2.000000000000000000e+00,2.000000000000000000e+00,1.397315707437165155e+00,2.017500264841258684e+01,1.851193071939408779e+07
1.842459740951200729e+04,2.000000000000000000e+00,2.000000000000000000e+00,1.396609140168219021e+00,2.379622718504103318e+01,6.146258149193441123e+07
9.416474147793962402e+03,8.000000000000000000e+00,1.000000000000000000e+00,1.078999895302107603e+00,1.780031977200946613e+01,2.424242984134627879e+07
1.230643441406643615e+04,8.000000000000000000e+00,2.000000000000000000e+00,1.319635229110301511e+00,2.112543970097055634e+01,4.683558440650427341e+07
1.970220095218228744e+04,5.000000000000000000e+00,3.000000000000000000e+00,9.461411334833340625e-01,9.171228870603059136e+00,6.052314731345378608e+07
7.613799925600466850e+03,5.000000000000000000e+00,1.000000000000000000e+00,1.242539696733978127e+00,1.103023163160498221e+01,2.030008238368348032e+07
1.637529130891018940e+04,6.000000000000000000e+00,1.000000000000000000e+00,1.327535514088139301e+00,1.803303771660434762e+01,4.635959778259339184e+07
6.776942885872116676e+03,5.000000000000000000e+00,2.000000000000000000e+00,1.288799759648467047e+00,3.344817035311657349e+01,2.477249457472520694e+07
1.610474233148492567e+04,5.000000000000000000e+00,2.000000000000000000e+00,1.287064446944694351e+00,1.648074137233900771e+01,5.391297694218179584e+07
1.225423802593526489e+04,8.000000000000000000e+00,2.000000000000000000e+00,1.077815979253319068e+00,1.349378425815040927e+01,3.786382309000657499e+07
4.797300487372787757e+03,6.000000000000000000e+00,2.000000000000000000e+00,1.291993968667263459e+00,2.828586662547827757e+01,1.636062176488895901e+07
8.632106219511184463e+03,1.000000000000000000e+00,1.000000000000000000e+00,1.214422887812780294e+00,3.447390498229827926e+01,2.081818700693970174e+07
6.762131306653096544e+03,4.000000000000000000e+00,1.000000000000000000e+00,8.794708388865226656e-01,1.977370851190642043e+01,1.348425463772330619e+07
2.115302825759059488e+03,8.000000000000000000e+00,1.000000000000000000e+00,8.685106424387121216e-01,6.258148667015492883e+00,4.240767485126886517e+06
1.178794539934131080e+03,4.000000000000000000e+00,1.000000000000000000e+00,1.263153281560783991e+00,2.664447994426853938e+01,3.910819325095175300e+06
7.321685914899309864e+03,2.000000000000000000e+00,3.000000000000000000e+00,1.175278453263754130e+00,1.845182404848434743e+01,2.321186556048594788e+07
9.692624676592396327e+02,7.000000000000000000e+00,3.000000000000000000e+00,1.111625670314826397e+00,2.620936609848645560e+01,4.092921646132174414e+06
3.810462497086435633e+03,5.000000000000000000e+00,2.000000000000000000e+00,1.344357074509296979e+00,1.433149547487610675e+01,1.378686015822030790e+07
1.466855642450685446e+04,5.000000000000000000e+00,1.000000000000000000e+00,1.195754214122731085e+00,6.072244314508872698e+00,4.040806473441853374e+07
1.433696997226160602e+04,4.000000000000000000e+00,2.000000000000000000e+00,1.037688047052980123e+00,1.633488656236811210e+01,3.697780957020614296e+07
1.492845949727322295e+04,1.000000000000000000e+00,3.000000000000000000e+00,1.048359084905710281e+00,2.714377027838824574e+01,4.649755671235022694e+07
6.752771519921588151e+03,4.000000000000000000e+00,1.000000000000000000e+00,1.163146616490550844e+00,1.779339849027567766e+01,1.762465199596072361e+07
1.786637746808329393e+04,4.000000000000000000e+00,2.000000000000000000e+00,1.256165170811808895e+00,1.257522418959677779e+01,5.653749627162362635e+07
1.212031263175188360e+04,8.000000000000000000e+00,2.000000000000000000e+00,1.138611984169474400e+00,1.992020592402304402e+01,3.882604777960610390e+07
3.044911029884554409e+03,3.000000000000000000e+00,1.000000000000000000e+00,1.105256529331507753e+00,2.857045569895156234e+01,7.648016955141487531e+06
3.388142032237362400e+03,2.000000000000000000e+00,2.000000000000000000e+00,1.236140421592509142e+00,9.582992603769181272e+00,9.917846541297523305e+06
1.404605128243620857e+04,4.000000000000000000e+00,2.000000000000000000e+00,1.223158729944221701e+00,2.675256100939943593e+01,4.417554557154387981e+07
3.955112366976314206e+03,8.000000000000000000e+00,2.000000000000000000e+00,1.298208104368136606e+00,2.602032071411841940e+01,1.590226537580454536e+07
1.044147841069163951e+04,4.000000000000000000e+00,3.000000000000000000e+00,8.375310717663766447e-01,1.712213639055213932e+01,2.778982097014886141e+07
1.984042483301698667e+04,4.000000000000000000e+00,2.000000000000000000e+00,1.252971279249187386e+00,3.511008574138483596e+01,6.460756818819613755e+07
6.777475318267862576e+02,6.000000000000000000e+00,1.000000000000000000e+00,1.108256270571013946e+00,3.284115898441054071e+01,2.479960076491083950e+06
9.216481568126043840e+02,6.000000000000000000e+00,1.000000000000000000e+00,8.448158720198911675e-01,1.548484442406209638e+01,2.143910402449223679e+06
1.986584088945182521e+04,3.000000000000000000e+00,2.000000000000000000e+00,1.207406016901711787e+00,6.932732801815292945e+00,6.249127068095181882e+07
1.194199338220281061e+04,8.000000000000000000e+00,3.000000000000000000e+00,1.229924116401165612e+00,1.524914420235229962e+01,4.846362975345144421e+07
3.062053525059154708e+03,5.000000000000000000e+00,1.000000000000000000e+00,1.114176301726810703e+00,1.214165827623129701e+01,8.089447397418059409e+06
1.800766267522941780e+04,1.000000000000000000e+00,1.000000000000000000e+00,1.276279386589857623e+00,2.241755742142778374e+01,4.776618871010972559e+07
1.767937782247722862e+04,4.000000000000000000e+00,3.000000000000000000e+00,9.801488651775809302e-01,3.356233263546464229e+01,5.538996493753421307e+07
1.100228801436067988e+04,8.000000000000000000e+00,2.000000000000000000e+00,9.211443311188616256e-01,3.211012530112564889e+01,2.839185980228244141e+07
1.266276537929867663e+04,4.000000000000000000e+00,1.000000000000000000e+00,1.010440371045967067e+00,1.517487466994480094e+01,2.609078902959300578e+07
5.899831515117000890e+03,5.000000000000000000e+00,1.000000000000000000e+00,1.046030307977586560e+00,1.885792600666911056e+01,1.353000882579556853e+07
1.580082109616899970e+03,5.000000000000000000e+00,2.000000000000000000e+00,1.217560161441301192e+00,7.096265972386993859e+00,5.269133647614602000e+06
1.213461161248276767e+04,6.000000000000000000e+00,2.000000000000000000e+00,1.307311962726936505e+00,2.232490522947448497e+01,4.032076769790308923e+07
6.318250748133602428e+03,7.000000000000000000e+00,2.000000000000000000e+00,1.232550914047205737e+00,7.901039401521865457e+00,2.212042706768454239e+07
1.347424830521082731e+04,2.000000000000000000e+00,1.000000000000000000e+00,9.043925354417609030e-01,3.415818498687298899e+01,2.650905641063500941e+07
1.682315643074646505e+04,5.000000000000000000e+00,2.000000000000000000e+00,1.019730250880154454e+00,3.200801504556817179e+01,4.715239446986392885e+07
9.523145519386627029e+02,5.000000000000000000e+00,3.000000000000000000e+00,8.950482280686667957e-01,1.242562879312508883e+01,2.902151127740005963e+06
1.215684722890311059e+04,2.000000000000000000e+00,1.000000000000000000e+00,1.212034519734830784e+00,2.698106039586136262e+01,2.916788463449609280e+07
5.086842469924933539e+03,6.000000000000000000e+00,2.000000000000000000e+00,9.489031269301364535e-01,2.304061147299999135e+01,1.377192528559010848e+07
1.755343685933374582e+04,1.000000000000000000e+00,1.000000000000000000e+00,1.115232159711108118e+00,3.004073137548549255e+01,3.868583404529472440e+07
5.521091427299472343e+03,4.000000000000000000e+00,2.000000000000000000e+00,1.275097905916810603e+00,2.026956320254559785e+01,1.900062290837292746e+07
1.244894058476711507e+04,3.000000000000000000e+00,1.000000000000000000e+00,1.202563564952968900e+00,1.175315911997333984e+01,3.169105929003197327e+07
1.133869229773846200e+04,2.000000000000000000e+00,1.000000000000000000e+00,9.790243943990796227e-01,2.519530200368495088e+01,2.381429725919272006e+07
8.285630101149428810e+03,7.000000000000000000e+00,3.000000000000000000e+00,9.997200503698044916e-01,8.408409809878349961e+00,2.611982079480709508e+07
1.374584281383600501e+04,2.000000000000000000e+00,1.000000000000000000e+00,1.192018571961819040e+00,2.353763973505266094e+01,3.363409746780335158e+07
1.467993091347941663e+04,3.000000000000000000e+00,3.000000000000000000e+00,1.129680649603966414e+00,1.238114416393372785e+01,4.921003273857197165e+07
1.159859322919610349e+04,7.000000000000000000e+00,2.000000000000000000e+00,8.578360924820266353e-01,2.654809311370680547e+01,2.801388811501197144e+07
1.531339140138422954e+04,8.000000000000000000e+00,2.000000000000000000e+00,1.324394953564127508e+00,3.084129485184325503e+01,5.996755389820652455e+07
1.967829127426298874e+04,1.000000000000000000e+00,2.000000000000000000e+00,1.107567948832177240e+00,9.285741878462173915e+00,5.458538193308749050e+07
8.733884325275619631e+03,3.000000000000000000e+00,2.000000000000000000e+00,1.084016607918479203e+00,1.800805656445777103e+01,2.566852043009252474e+07
1.058291120657929969e+04,6.000000000000000000e+00,2.000000000000000000e+00,9.190636019793574363e-01,2.800564763327990292e+01,2.742031539340087026e+07
8.419156320595368470e+02,7.000000000000000000e+00,3.000000000000000000e+00,1.026196291382322379e+00,1.091109184556575507e+01,3.090779636423338205e+06
1.604295399242134044e+04,8.000000000000000000e+00,3.000000000000000000e+00,9.996949173890594675e-01,2.299571010107139557e+01,5.373327127451961488e+07
1.069246330069228134e+04,5.000000000000000000e+00,1.000000000000000000e+00,9.624414096976561250e-01,2.615516945627169321e+01,2.115070802342979982e+07
8.514451748994964873e+03,1.000000000000000000e+00,3.000000000000000000e+00,1.140443944788063879e+00,1.664380821718146564e+01,2.959566532610794157e+07
2.424996083934278431e+03,7.000000000000000000e+00,1.000000000000000000e+00,1.077365216168169271e+00,3.095946822607803028e+01,6.547353671850316226e+06
1.785933458050270565e+04,2.000000000000000000e+00,3.000000000000000000e+00,1.333518611188800218e+00,2.131974555140141447e+01,7.152339991083547473e+07
8.263140456786793948e+03,1.000000000000000000e+00,1.000000000000000000e+00,1.364806386228296420e+00,2.480984519821529943e+01,2.322566681625664979e+07
1.384208300525887535e+04,6.000000000000000000e+00,1.000000000000000000e+00,9.316840575368545707e-01,1.022618390114336151e+01,2.712522482185701653e+07
3.497858633542125062e+03,5.000000000000000000e+00,3.000000000000000000e+00,8.600632572603263970e-01,6.694805235980071600e+00,9.244125656831633300e+06
1.925406281309603219e+04,1.000000000000000000e+00,3.000000000000000000e+00,1.271202530892649563e+00,7.522457124749588608e+00,7.427232798749525845e+07
4.061770179343519885e+03,2.000000000000000000e+00,1.000000000000000000e+00,1.396916842183165253e+00,3.311760444594647623e+01,1.231012759272974543e+07
4.471114662250112815e+03,5.000000000000000000e+00,2.000000000000000000e+00,1.318160041912492364e+00,3.247927152744753698e+01,1.599100832265840471e+07
1.726426749481964725e+04,3.000000000000000000e+00,2.000000000000000000e+00,8.142184412712408781e-01,3.022774317485527362e+01,3.599619914057400078e+07
1.830410523635346544e+04,6.000000000000000000e+00,2.000000000000000000e+00,9.507581304238795772e-01,1.198836273704582389e+01,4.934181098573319614e+07
4.715659705952047261e+03,4.000000000000000000e+00,2.000000000000000000e+00,8.260053662247583972e-01,2.176375955848509847e+01,1.098951779283651896e+07
9.714137230591661137e+03,5.000000000000000000e+00,3.000000000000000000e+00,1.292467626224699906e+00,2.988351301645120017e+01,3.775561993089670688e+07
1.482980114851889812e+04,4.000000000000000000e+00,3.000000000000000000e+00,1.148844185775389715e+00,2.624007543767321238e+01,5.630861704708901793e+07
1.764029523592955229e+04,3.000000000000000000e+00,2.000000000000000000e+00,1.108231124700232328e+00,9.465635810278127948e+00,5.141447078022874892e+07
7.953622283723721011e+03,3.000000000000000000e+00,3.000000000000000000e+00,1.132669929197916536e+00,3.286623599437271537e+01,2.761114204045067728e+07
1.063017804487892681e+04,6.000000000000000000e+00,3.000000000000000000e+00,9.514707552179546557e-01,1.082047178333886706e+01,3.114074849381688610e+07
1.498929836408285701e+04,5.000000000000000000e+00,1.000000000000000000e+00,1.160983021483317668e+00,1.115387080240006412e+01,3.919234185420002788e+07
1.478403794706423105e+04,5.000000000000000000e+00,3.000000000000000000e+00,8.184001870784179955e-01,3.303025887512124825e+01,3.949552954060424864e+07
1.578942652250604624e+04,5.000000000000000000e+00,3.000000000000000000e+00,1.187607034382503812e+00,2.053850817283548480e+01,5.584194716647451371e+07
1.165671608164561076e+04,2.000000000000000000e+00,1.000000000000000000e+00,1.240660298107298498e+00,1.718675477869400581e+01,2.906331467157776654e+07
2.629532878012639230e+03,8.000000000000000000e+00,3.000000000000000000e+00,1.203815758227096300e+00,2.260970226894169599e+01,1.256184709850812517e+07
1.813708184303397502e+04,5.000000000000000000e+00,3.000000000000000000e+00,9.992705109873321057e-01,3.544191998496334151e+01,5.774240992178162932e+07
1.739210726282794712e+04,6.000000000000000000e+00,2.000000000000000000e+00,1.295757749076525522e+00,9.588913657231286081e+00,5.927382415664786100e+07
1.608309025487566032e+04,8.000000000000000000e+00,2.000000000000000000e+00,1.229326398270489173e+00,2.870846546376195718e+01,5.419485585407993197e+07
2.537332056918152375e+03,8.000000000000000000e+00,2.000000000000000000e+00,8.769783937545667651e-01,1.602977586732382775e+01,7.148972012110998854e+06
4.565308921379726598e+03,6.000000000000000000e+00,3.000000000000000000e+00,9.170865323229890897e-01,9.511478125428713071e+00,1.412493310770859756e+07
1.502584708308844711e+04,7.000000000000000000e+00,3.000000000000000000e+00,1.182265047906943201e+00,1.865800066058815787e+01,6.199379733253186941e+07
1.048917834889760798e+03,4.000000000000000000e+00,3.000000000000000000e+00,9.736496801336156359e-01,2.246258633175812847e+01,3.727143885088780429e+06
1.959695789392122606e+04,6.000000000000000000e+00,2.000000000000000000e+00,8.716597648677422150e-01,1.217884913184440698e+01,4.875428757525098324e+07
7.916606798900205831e+03,3.000000000000000000e+00,1.000000000000000000e+00,8.929813958899353032e-01,1.815808377289807396e+01,1.442194647058031522e+07
1.455466315360197768e+04,6.000000000000000000e+00,3.000000000000000000e+00,8.993703083242403640e-01,2.507028076416871443e+01,4.287370514584504813e+07
1.781887911666804212e+04,1.000000000000000000e+00,1.000000000000000000e+00,1.086674544091029260e+00,2.329344059160666447e+01,3.878104920207709819e+07
8.255819830111595365e+03,8.000000000000000000e+00,1.000000000000000000e+00,1.164431272057698363e+00,2.769481782164551831e+01,2.397523203422277793e+07
6.791170278833520570e+03,2.000000000000000000e+00,1.000000000000000000e+00,9.058413649126489942e-01,3.109213598812203827e+01,1.323978981885474548e+07
1.240957790062598724e+04,6.000000000000000000e+00,3.000000000000000000e+00,1.227497966217932612e+00,1.827420995308121121e+01,4.806337193686371297e+07
1.187119385071218312e+04,1.000000000000000000e+00,2.000000000000000000e+00,9.686075645009171176e-01,1.868901826386682430e+01,2.813561899080951512e+07
8.537315565921064263e+03,2.000000000000000000e+00,1.000000000000000000e+00,9.869348830363765535e-01,2.090076403365459612e+01,1.619919752456001751e+07
1.227443026383354481e+04,8.000000000000000000e+00,1.000000000000000000e+00,9.340991726444645149e-01,2.299060135143910344e+01,2.435290021932860091e+07
1.874639856958999735e+04,7.000000000000000000e+00,2.000000000000000000e+00,1.271123681565914598e+00,9.249680227136749977e+00,6.819397415385927260e+07
9.672220978555971669e+03,2.000000000000000000e+00,3.000000000000000000e+00,1.375888299762126010e+00,1.537906062584322164e+01,3.867166646361748874e+07
4.416798306562247490e+03,2.000000000000000000e+00,3.000000000000000000e+00,1.095499909206855582e+00,1.115675386131072777e+01,1.426296589138052426e+07
7.917796067930275058e+03,7.000000000000000000e+00,2.000000000000000000e+00,8.252183848591954085e-01,1.757558287032394873e+01,1.908698618384054676e+07
8.245675462306500776e+03,8.000000000000000000e+00,2.000000000000000000e+00,9.563415898552855010e-01,3.520062217722109210e+01,2.440946318798829615e+07
3.143508644708665088e+03,2.000000000000000000e+00,3.000000000000000000e+00,8.948301746713076543e-01,2.348192870042939262e+01,8.992481652810538188e+06
3.759707110758365161e+03,6.000000000000000000e+00,3.000000000000000000e+00,1.305657370911210702e+00,1.888144559761639130e+01,1.746141453895675018e+07
1.388050422383733894e+04,3.000000000000000000e+00,1.000000000000000000e+00,8.509123924599231170e-01,2.297810685671126407e+01,2.525548208838801458e+07
7.185868431652712388e+03,6.000000000000000000e+00,3.000000000000000000e+00,1.379885744413030135e+00,2.607229666281537916e+01,3.283614802984455973e+07
1.912502880200266736e+04,4.000000000000000000e+00,2.000000000000000000e+00,1.153108265974775559e+00,1.904860389871203097e+01,5.792522375868680328e+07
5.325776859956984481e+03,2.000000000000000000e+00,3.000000000000000000e+00,1.110643872244498009e+00,1.943129412758661800e+01,1.685161900202678144e+07
2.519135399033552858e+03,3.000000000000000000e+00,1.000000000000000000e+00,1.308410373451512010e+00,2.704203388145126041e+01,7.708661239277652465e+06
1.521798852220500339e+04,5.000000000000000000e+00,1.000000000000000000e+00,8.165285727748737843e-01,7.825877496171037784e+00,2.422289339034136012e+07
1.769209940720667873e+04,7.000000000000000000e+00,3.000000000000000000e+00,1.266291649644205819e+00,2.220241704865032517e+01,7.224717754237245023e+07
5.995399123306864567e+03,1.000000000000000000e+00,3.000000000000000000e+00,8.699624273411099562e-01,2.241983436653104178e+01,1.543959442097153142e+07
4.520509171922272799e+03,8.000000000000000000e+00,1.000000000000000000e+00,1.304466859364259212e+00,2.870256783385142541e+01,1.377923919210026041e+07
4.203863016499091827e+03,6.000000000000000000e+00,3.000000000000000000e+00,1.117505731542717040e+00,3.547934257009974601e+01,1.566122622728965804e+07
1.072703864651033837e+04,8.000000000000000000e+00,1.000000000000000000e+00,8.366776414160550512e-01,2.987264360360424220e+01,2.287890685438958183e+07
9.687282840187355760e+03,8.000000000000000000e+00,3.000000000000000000e+00,1.299947023280794589e+00,2.111365837951404245e+01,4.458410427277736366e+07
5.633132893177964434e+03,2.000000000000000000e+00,1.000000000000000000e+00,8.163884702427510742e-01,1.108359538821535573e+01,9.209227003228034824e+06
1.476358469594872076e+03,1.000000000000000000e+00,1.000000000000000000e+00,8.830224157361621362e-01,2.364782914899511823e+01,3.074475854637432378e+06
9.940932002329846000e+03,7.000000000000000000e+00,3.000000000000000000e+00,1.278694714295977253e+00,3.102896660138057783e+01,4.026968526830798388e+07
1.921104754413080082e+04,2.000000000000000000e+00,3.000000000000000000e+00,1.078922674314734653e+00,3.397242190935997996e+01,6.313017453889782727e+07
1.325887249460166640e+04,2.000000000000000000e+00,1.000000000000000000e+00,1.328833222612900045e+00,3.075931138482301819e+01,3.562514429240912199e+07
1.021282719859519784e+04,4.000000000000000000e+00,1.000000000000000000e+00,1.181257563674650068e+00,1.166905819087690510e+01,2.356868839976862073e+07
2.747426236174552741e+03,8.000000000000000000e+00,2.000000000000000000e+00,1.174117252622244756e+00,2.737727593047994290e+01,9.820620769033612683e+06
5.497264036661993487e+03,7.000000000000000000e+00,1.000000000000000000e+00,9.753410636792089194e-01,3.240464842457529926e+01,1.305909467057776265e+07
6.318614621746129160e+03,5.000000000000000000e+00,3.000000000000000000e+00,8.802083141310401704e-01,2.643050899880925542e+01,1.879386949129991233e+07
1.543718892058034544e+04,2.000000000000000000e+00,3.000000000000000000e+00,1.376703434538009585e+00,2.657256122784645669e+01,6.256386350688284636e+07
1.760818946693361431e+04,3.000000000000000000e+00,3.000000000000000000e+00,8.628786134860371160e-01,2.100486858753236419e+01,4.530675804103722423e+07
1.809185195918890531e+04,6.000000000000000000e+00,1.000000000000000000e+00,1.117406360044140623e+00,2.510928666376515395e+01,4.854988068044911325e+07
1.970063100006462992e+04,2.000000000000000000e+00,1.000000000000000000e+00,9.635411545008681911e-01,1.483142157669063366e+01,3.832188815339767933e+07
1.965791365222792956e+04,5.000000000000000000e+00,3.000000000000000000e+00,9.584843981488728737e-01,8.664302603572355821e+00,6.099204962125067413e+07
1.908818317569883948e+04,1.000000000000000000e+00,1.000000000000000000e+00,1.156751731581687759e+00,3.083144714236201267e+01,4.288148591073930264e+07
1.993349525755957075e+03,3.000000000000000000e+00,2.000000000000000000e+00,1.278760470307321206e+00,3.429432922174547116e+01,7.481805980196439661e+06
3.273194596999420810e+03,2.000000000000000000e+00,2.000000000000000000e+00,1.266307689698767280e+00,3.170467006130832743e+01,1.034916429661793821e+07
6.506650613635038098e+03,6.000000000000000000e+00,3.000000000000000000e+00,1.321281013516132141e+00,1.601740661342408956e+01,2.744806416934502125e+07
1.132622612885055241e+04,8.000000000000000000e+00,1.000000000000000000e+00,9.757416427474202569e-01,8.805904539237848994e+00,2.430736799331460148e+07
2.481371040886298488e+03,2.000000000000000000e+00,3.000000000000000000e+00,1.079450829029044323e+00,1.440415162894219492e+01,7.986662977065820247e+06
1.700846098136156434e+04,7.000000000000000000e+00,3.000000000000000000e+00,8.056007439320149732e-01,3.128506127429700356e+01,4.797591134334208071e+07
1.256506987409979592e+04,6.000000000000000000e+00,1.000000000000000000e+00,1.248114573881819123e+00,2.567443522899647945e+01,3.418729259029414505e+07
1.112186940466277520e+04,8.000000000000000000e+00,2.000000000000000000e+00,9.814058672853698262e-01,3.500082732308811728e+01,3.256498274951572716e+07
3.807039673325448348e+03,8.000000000000000000e+00,1.000000000000000000e+00,1.136896119962111928e+00,1.628043055311310283e+01,1.095058976475578174e+07
5.513156203363828354e+03,1.000000000000000000e+00,2.000000000000000000e+00,9.015801692116703903e-01,2.254416360874927250e+01,1.247914875923003815e+07
3.710053284655806237e+03,6.000000000000000000e+00,1.000000000000000000e+00,1.291639704280596934e+00,2.970114664914683544e+01,1.170249066917820647e+07
1.712750326121909166e+04,5.000000000000000000e+00,1.000000000000000000e+00,1.290363331566966476e+00,1.301975828195437046e+01,4.874548128956728429e+07
1.193402048518763331e+04,1.000000000000000000e+00,2.000000000000000000e+00,1.326471748851773214e+00,3.492269923978997070e+01,3.904642068109500408e+07
1.486151089388088803e+04,3.000000000000000000e+00,2.000000000000000000e+00,8.275621982640337659e-01,2.377193017475444492e+01,3.253535514333498105e+07
6.343037540454499322e+03,8.000000000000000000e+00,1.000000000000000000e+00,1.395475225865008273e+00,6.236926899589596118e+00,2.194115672210334986e+07
7.802301159512577215e+03,5.000000000000000000e+00,1.000000000000000000e+00,9.486676486638166983e-01,6.754598268840371844e+00,1.563668881337590516e+07
8.454186309874756262e+03,3.000000000000000000e+00,1.000000000000000000e+00,9.856602116284096660e-01,3.246648049204785735e+01,1.718762073701991513e+07
1.534429045183427661e+04,3.000000000000000000e+00,3.000000000000000000e+00,9.496014375142676212e-01,2.535844583283232367e+01,4.243635753429289162e+07
1.558364796088662115e+04,7.000000000000000000e+00,2.000000000000000000e+00,9.605196190199194461e-01,2.889217557191586394e+01,4.370712195226109773e+07
4.612182433772215518e+03,3.000000000000000000e+00,1.000000000000000000e+00,1.131596813662187895e+00,2.952048002870724019e+01,1.194026669137276895e+07
1.886585382071911954e+04,2.000000000000000000e+00,1.000000000000000000e+00,9.438863265822677873e-01,1.861379328752329343e+01,3.528295974067563564e+07
2.940713546407515878e+03,5.000000000000000000e+00,3.000000000000000000e+00,1.036262786840242978e+00,2.995833738426905413e+01,9.422163763449486345e+06
1.798476839901842686e+04,8.000000000000000000e+00,1.000000000000000000e+00,1.193363949465929164e+00,3.412597334437614194e+01,4.867852314048511535e+07
2.547675525606300653e+03,2.000000000000000000e+00,3.000000000000000000e+00,1.301615722146636012e+00,1.116513323308864969e+01,1.018467193871900253e+07
5.732072336335435466e+03,3.000000000000000000e+00,2.000000000000000000e+00,1.215644900160127717e+00,2.892409198626061695e+01,1.823408120993920043e+07
1.702168359971836617e+04,4.000000000000000000e+00,1.000000000000000000e+00,1.156593706872393934e+00,1.523376022846695044e+01,4.195053850002679229e+07
4.082146203514096214e+03,2.000000000000000000e+00,1.000000000000000000e+00,8.886371375246412407e-01,1.564479009161561507e+01,7.481709556515861303e+06
8.623217867413415661e+03,6.000000000000000000e+00,1.000000000000000000e+00,1.289669360924769581e+00,1.838264553109158683e+01,2.586474639261223376e+07
9.327270418916048584e+03,3.000000000000000000e+00,3.000000000000000000e+00,8.223649327958232336e-01,3.191158559724256349e+01,2.407757492550868914e+07
5.358024076650267489e+03,2.000000000000000000e+00,2.000000000000000000e+00,9.585149979411812238e-01,6.661682019301474966e+00,1.310075880272638984e+07
1.437875690591813873e+04,3.000000000000000000e+00,2.000000000000000000e+00,8.342353501591767140e-01,1.901778620430791733e+01,3.089887330092235655e+07
1.711589219840275473e+04,8.000000000000000000e+00,1.000000000000000000e+00,1.200457385350677475e+00,2.640142948707811499e+01,4.873941250274106860e+07
1.756675771319809428e+04,8.000000000000000000e+00,3.000000000000000000e+00,1.021022649556108775e+00,9.312463748475659386e+00,6.140218908018054068e+07
7.182849627289282580e+03,5.000000000000000000e+00,1.000000000000000000e+00,1.191229089922920092e+00,2.976760791052249289e+01,1.838874586427240446e+07
1.089849764918360052e+04,4.000000000000000000e+00,2.000000000000000000e+00,1.008218575582154219e+00,3.425707793692058800e+01,2.964146369554778934e+07
5.419084234993639257e+03,7.000000000000000000e+00,3.000000000000000000e+00,1.073444438479696394e+00,8.728044632309357453e+00,1.989422817916361988e+07
5.349052130072821456e+03,2.000000000000000000e+00,3.000000000000000000e+00,1.074776606099708598e+00,1.058844413492634473e+01,1.784730894998917356e+07
3.728328819327327892e+03,6.000000000000000000e+00,2.000000000000000000e+00,8.273483922005268054e-01,3.522291674838608344e+01,9.362343743324063718e+06
1.883636880966578610e+04,6.000000000000000000e+00,3.000000000000000000e+00,1.058135915807602245e+00,1.193566922357224769e+01,6.172466496076175570e+07
1.782698327494825207e+04,6.000000000000000000e+00,1.000000000000000000e+00,1.184638617869121502e+00,8.368190271096134225e+00,4.502770316155551374e+07
1.568075903855722936e+04,2.000000000000000000e+00,3.000000000000000000e+00,1.127631347645260185e+00,3.456577609187700517e+01,5.160389945349003375e+07
1.064263351298194357e+04,6.000000000000000000e+00,2.000000000000000000e+00,8.451702597669723538e-01,3.277868129428406974e+01,2.529579148214604333e+07
1.011779356093031492e+04,5.000000000000000000e+00,2.000000000000000000e+00,1.200833591412049373e+00,2.567176418199393240e+01,3.255726107860521227e+07
1.087706592394046129e+04,8.000000000000000000e+00,1.000000000000000000e+00,9.853176529491565194e-01,2.254292781862659822e+01,2.399062179688277468e+07
1.100941946339553215e+04,2.000000000000000000e+00,3.000000000000000000e+00,8.086608816674133449e-01,3.357698088908311007e+01,2.563379976238905266e+07
9.030523843135191782e+03,5.000000000000000000e+00,3.000000000000000000e+00,8.933573342505471970e-01,2.566560225334268353e+01,2.375634883097542077e+07
3.156043758106108726e+03,7.000000000000000000e+00,3.000000000000000000e+00,1.098535794389935649e+00,2.575189977945209918e+01,1.050875986088840663e+07
3.037878745649597931e+03,3.000000000000000000e+00,1.000000000000000000e+00,9.862409954180412219e-01,3.131056692605858771e+01,6.880776460577476770e+06
1.907364448740625448e+04,6.000000000000000000e+00,2.000000000000000000e+00,1.216629808252130518e+00,2.559737031877262581e+01,6.916931362097249925e+07
9.951396735975200500e+03,1.000000000000000000e+00,3.000000000000000000e+00,9.443920853394587311e-01,2.111030661113032636e+01,2.927506956444388255e+07
1.909218718316066588e+04,6.000000000000000000e+00,2.000000000000000000e+00,1.263677701085101024e+00,1.769164493695343765e+01,6.301726005197010189e+07
3.773391427576133538e+03,5.000000000000000000e+00,3.000000000000000000e+00,9.718863088363879355e-01,2.109401678373722433e+01,1.209645897105761617e+07
1.135568110957471072e+04,2.000000000000000000e+00,3.000000000000000000e+00,1.172518224550649357e+00,2.167435947261583351e+01,3.712717489976857603e+07
4.629714715019861615e+03,1.000000000000000000e+00,1.000000000000000000e+00,1.279529828150708148e+00,1.682495643354755543e+01,1.134379641909357719e+07
5.511781358856070256e+03,6.000000000000000000e+00,2.000000000000000000e+00,1.031333677186249353e+00,1.944355226941038239e+01,1.507575945737700909e+07
1.183058827966868421e+03,2.000000000000000000e+00,1.000000000000000000e+00,8.280829650892823635e-01,3.005615798590563514e+01,2.685081347737165168e+06
2.907694228360099714e+03,4.000000000000000000e+00,2.000000000000000000e+00,1.121267312635328528e+00,1.849540106027663455e+01,8.809199848324446008e+06
1.838685910800639613e+04,1.000000000000000000e+00,2.000000000000000000e+00,1.397245436926700002e+00,6.766792999062881009e+00,6.245241865419615805e+07
6.837740034757235662e+03,8.000000000000000000e+00,3.000000000000000000e+00,1.381395119826148044e+00,1.449057965321547492e+01,3.284202574775630981e+07
1.239770671114307697e+04,5.000000000000000000e+00,3.000000000000000000e+00,9.326133163665009107e-01,1.295225592275094506e+01,3.607870168965478241e+07
9.621274160591896361e+03,8.000000000000000000e+00,2.000000000000000000e+00,1.253417905654551356e+00,2.980746035495905133e+01,3.480323747448477894e+07
8.368754157758397923e+03,2.000000000000000000e+00,2.000000000000000000e+00,1.006971099092039523e+00,1.947879175415426545e+01,2.028929605771118775e+07
1.091859017211372156e+04,2.000000000000000000e+00,2.000000000000000000e+00,8.961634881098549110e-01,1.440931629105399381e+01,2.311705061462590471e+07
4.232435525537624926e+03,5.000000000000000000e+00,2.000000000000000000e+00,1.199548820361495904e+00,3.032114651524873850e+01,1.331224462633163296e+07
1.977891563127978588e+04,5.000000000000000000e+00,2.000000000000000000e+00,1.100521237716061362e+00,6.576504136698360092e+00,5.912623638295298815e+07
1.647517265285494068e+04,7.000000000000000000e+00,3.000000000000000000e+00,1.123538334593406240e+00,1.122752528193652921e+01,6.012500941229478270e+07
1.498732387499139622e+04,8.000000000000000000e+00,3.000000000000000000e+00,1.296435597341305090e+00,3.080864458187399890e+01,6.090922396035214514e+07
9.693930362070677802e+03,7.000000000000000000e+00,3.000000000000000000e+00,1.001926205532453817e+00,2.251955182981207670e+01,3.231429138249518722e+07
3.565816169250917937e+03,2.000000000000000000e+00,1.000000000000000000e+00,1.200256855733397687e+00,2.920949323738441095e+01,8.820881907425686717e+06
1.846091765050721733e+04,3.000000000000000000e+00,2.000000000000000000e+00,1.019714880177575278e+00,3.114528044286232955e+01,5.141967057933521271e+07
7.222909107205516193e+03,8.000000000000000000e+00,2.000000000000000000e+00,8.256343379482575795e-01,3.425890465765618842e+01,1.726429920775507763e+07
1.572069780120515134e+03,5.000000000000000000e+00,2.000000000000000000e+00,1.026809064401809302e+00,7.902737979100139754e+00,4.580653431694408879e+06
7.242631330126196190e+03,7.000000000000000000e+00,2.000000000000000000e+00,1.370020677922480612e+00,2.997704229895416006e+01,2.936122546723739430e+07
1.601246639162015708e+04,5.000000000000000000e+00,3.000000000000000000e+00,1.089957489253050138e+00,2.726298444659504483e+01,5.328045466637845337e+07
1.268054965277123847e+04,1.000000000000000000e+00,2.000000000000000000e+00,8.649382621021208806e-01,1.221076802029677566e+01,2.670921133938510716e+07
1.516626854405027734e+04,4.000000000000000000e+00,1.000000000000000000e+00,1.212696097625735492e+00,3.395106799020369692e+01,4.027549868820802867e+07
1.599652644693012189e+04,7.000000000000000000e+00,2.000000000000000000e+00,1.378027609831112610e+00,1.812605640919176153e+01,6.157692931825237721e+07
4.711919454962526288e+03,6.000000000000000000e+00,3.000000000000000000e+00,1.344767147926554163e+00,3.262831582364412952e+01,2.143713078802066669e+07
1.852139633220769610e+04,2.000000000000000000e+00,1.000000000000000000e+00,1.143176502684883244e+00,2.415341113994776379e+01,4.064090806240732968e+07
9.096998296655228842e+03,2.000000000000000000e+00,1.000000000000000000e+00,1.025768446609118811e+00,2.180243839622869828e+01,1.962164045788104460e+07
1.299686479572479402e+04,7.000000000000000000e+00,3.000000000000000000e+00,1.148406601105544267e+00,1.078571801687938247e+01,4.823202761511769891e+07
6.447901881827948500e+02,8.000000000000000000e+00,1.000000000000000000e+00,1.289558637319549561e+00,3.342982872861938404e+01,2.779220626128811389e+06
1.987134886917685435e+04,7.000000000000000000e+00,2.000000000000000000e+00,1.316742405211072331e+00,2.269985722086738633e+01,7.546255568218617141e+07
6.049389887704609464e+03,1.000000000000000000e+00,3.000000000000000000e+00,1.291306330965464655e+00,6.182772164904523748e+00,2.301739859311651066e+07
1.804024266879011520e+03,5.000000000000000000e+00,1.000000000000000000e+00,1.073285827065042497e+00,6.548536232108496336e+00,4.377150654215510935e+06
9.490283605808370339e+03,7.000000000000000000e+00,2.000000000000000000e+00,8.713147937421380496e-01,2.932897815054142754e+01,2.416076416505655646e+07
3.103183109331610012e+03,6.000000000000000000e+00,1.000000000000000000e+00,1.141504056043265880e+00,1.085809060135168913e+01,8.263822448102557100e+06
3.555138177056968743e+03,5.000000000000000000e+00,1.000000000000000000e+00,8.938572968200191315e-01,2.396215306884435492e+01,7.858995112549930811e+06
1.286628657278607716e+04,4.000000000000000000e+00,1.000000000000000000e+00,8.365750003387135703e-01,2.643245885801940886e+01,2.319240488974100724e+07
8.222791396462525881e+03,2.000000000000000000e+00,1.000000000000000000e+00,1.099200700057316515e+00,1.438096778845490498e+01,1.854605995232845843e+07
1.848393753300690514e+04,3.000000000000000000e+00,2.000000000000000000e+00,1.193224070027976591e+00,2.307941425234237443e+01,5.825046818238511682e+07
6.791635995396559338e+03,6.000000000000000000e+00,2.000000000000000000e+00,1.312488383843835704e+00,1.320776237967224098e+01,2.391926514850540087e+07
1.468789449064768087e+04,1.000000000000000000e+00,1.000000000000000000e+00,1.269701332372582092e+00,3.438946282103851360e+01,3.523749953323923796e+07
9.545328945005207061e+03,1.000000000000000000e+00,3.000000000000000000e+00,1.314344307653928734e+00,3.180510469047501232e+01,3.727191482478049397e+07
1.340305524190800861e+04,4.000000000000000000e+00,3.000000000000000000e+00,1.256041262492534338e+00,1.464128374492407403e+01,5.151555661545895785e+07
1.223408992029021283e+04,7.000000000000000000e+00,1.000000000000000000e+00,1.221943638143683675e+00,2.186443472851019010e+01,3.242492352675908059e+07
9.772009071524564206e+03,6.000000000000000000e+00,3.000000000000000000e+00,8.060825414844198233e-01,2.101898571461717324e+01,2.629743701112946495e+07
1.903118523571408150e+04,5.000000000000000000e+00,1.000000000000000000e+00,1.175661387085526144e+00,3.480069773850222248e+01,5.165990322131854296e+07
7.248644669446143780e+03,5.000000000000000000e+00,2.000000000000000000e+00,8.722890824834705903e-01,1.782086340551562031e+01,1.602079151909709349e+07
4.038368724235887839e+03,1.000000000000000000e+00,2.000000000000000000e+00,8.352002793995246810e-01,2.286682663864700515e+01,9.020902008123513311e+06
1.375502478106866874e+04,3.000000000000000000e+00,2.000000000000000000e+00,8.938472912633932399e-01,3.386119784662311361e+01,2.859949734288626909e+07
1.701254668937343013e+04,1.000000000000000000e+00,3.000000000000000000e+00,1.293975296865049973e+00,1.088433153529674513e+01,6.200257533062079549e+07
1.380922554834520952e+03,7.000000000000000000e+00,3.000000000000000000e+00,1.246309635860012754e+00,2.251456809835014283e+01,6.660343904402057640e+06
9.322874155400002564e+03,7.000000000000000000e+00,1.000000000000000000e+00,1.369263443123127200e+00,9.170187610854888760e+00,2.847686045895766094e+07
1.791426117993412845e+04,3.000000000000000000e+00,2.000000000000000000e+00,1.387385755190246206e+00,2.452496795455501655e+01,6.347270775861139596e+07
1.514260120710362935e+04,3.000000000000000000e+00,3.000000000000000000e+00,1.335970391824389036e+00,1.697049610161013788e+01,6.282299398267425597e+07
1.984106970005398762e+04,3.000000000000000000e+00,3.000000000000000000e+00,8.797556305861995440e-01,3.502908219538802115e+01,4.946416695836136490e+07
1.090942794498652984e+04,8.000000000000000000e+00,3.000000000000000000e+00,1.327029644554988064e+00,1.846227543445579045e+01,4.908299848018732667e+07
1.340391694474233373e+04,4.000000000000000000e+00,2.000000000000000000e+00,1.303182280873186993e+00,1.008562912625120411e+01,4.543533083814134449e+07
6.468117454075805654e+03,7.000000000000000000e+00,1.000000000000000000e+00,1.322651515915818310e+00,3.101999882785212392e+01,2.144712852965037525e+07
1.898219063352025114e+04,4.000000000000000000e+00,2.000000000000000000e+00,8.910113702698948535e-01,3.062600074268742389e+01,4.220730817324670404e+07
7.706908477996804322e+03,6.000000000000000000e+00,3.000000000000000000e+00,8.700750966639905215e-01,2.684578858628353260e+01,2.183257648144093528e+07
1.492710782612059484e+04,5.000000000000000000e+00,3.000000000000000000e+00,1.354285327750448964e+00,2.846435405652684025e+01,6.170756288864921778e+07
8.420919959910188481e+03,3.000000000000000000e+00,3.000000000000000000e+00,9.042959894807027776e-01,1.394145653068220625e+01,2.217913221143383160e+07
1.149928724322218659e+04,8.000000000000000000e+00,3.000000000000000000e+00,1.021173038625560636e+00,2.526160501268343950e+01,4.175693490562090278e+07
1.456378117941799610e+04,6.000000000000000000e+00,2.000000000000000000e+00,1.073590909696436224e+00,7.140596136161809326e+00,4.243967629704447836e+07
1.047332254397627185e+04,7.000000000000000000e+00,1.000000000000000000e+00,8.746655166977387319e-01,1.190670431670103646e+01,2.037730390210627019e+07
1.819747474204446553e+04,8.000000000000000000e+00,2.000000000000000000e+00,8.123805728195284681e-01,3.396838342659259524e+01,4.165691886926230043e+07
8.734439165799518378e+03,2.000000000000000000e+00,2.000000000000000000e+00,1.396454281860269653e+00,2.817705891247976169e+01,3.001778886973134056e+07
1.315319288398050776e+04,1.000000000000000000e+00,3.000000000000000000e+00,1.325994346900976506e+00,1.292017622967773427e+01,4.908184834999507666e+07
7.241831206021050093e+03,5.000000000000000000e+00,2.000000000000000000e+00,1.347402757610382196e+00,9.341492685578643318e+00,2.467906054340380430e+07
8.518239363681652321e+03,3.000000000000000000e+00,3.000000000000000000e+00,9.707378415632711421e-01,3.446758334605505070e+01,2.534159673642250896e+07
9.136972099730915943e+03,4.000000000000000000e+00,1.000000000000000000e+00,9.320609436472634401e-01,9.365629981803982318e+00,1.782638793359232694e+07
3.040656155258333911e+03,2.000000000000000000e+00,3.000000000000000000e+00,1.055519934905255974e+00,1.371210144141744536e+01,9.423890917055280879e+06
2.379439373744729892e+03,4.000000000000000000e+00,2.000000000000000000e+00,1.071991621386804150e+00,1.147901978998371497e+01,6.910475878741831519e+06
1.354930450904710415e+04,4.000000000000000000e+00,3.000000000000000000e+00,8.033596633185444702e-01,6.223914612353039111e+00,3.382590269663216919e+07
1.331704412385521391e+04,3.000000000000000000e+00,2.000000000000000000e+00,1.267551867535899657e+00,1.542404322294132157e+01,4.196758664706964046e+07
1.346044845567584889e+04,6.000000000000000000e+00,2.000000000000000000e+00,1.398000222885210420e+00,3.522536614796287324e+01,5.139044815531464666e+07
9.834690396482185406e+02,5.000000000000000000e+00,1.000000000000000000e+00,1.117214522061253490e+00,1.625709917428069318e+01,3.001829014359103050e+06
6.935008747832530389e+03,4.000000000000000000e+00,3.000000000000000000e+00,1.032955217007470727e+00,2.112914638403321277e+01,2.438188306268484145e+07
4.437511036828420401e+03,1.000000000000000000e+00,3.000000000000000000e+00,1.035651135932722067e+00,2.837807351765344066e+01,1.322507204071415961e+07
1.569613759735383974e+04,5.000000000000000000e+00,3.000000000000000000e+00,8.576462793032604282e-01,2.253240306237648127e+01,4.120156123776186258e+07
1.729622978708492519e+04,2.000000000000000000e+00,1.000000000000000000e+00,9.596970910184070558e-01,2.830774522236919921e+01,3.244930268489269540e+07
5.385599318187258177e+03,3.000000000000000000e+00,1.000000000000000000e+00,1.101279673180778573e+00,2.584907604571545647e+01,1.333084501678848639e+07
1.355627368165093503e+04,4.000000000000000000e+00,3.000000000000000000e+00,1.059108800680818474e+00,2.425689068997044373e+01,4.388353618234672397e+07
3.109638387090524247e+03,2.000000000000000000e+00,1.000000000000000000e+00,1.127020847445866059e+00,2.548946721635235590e+01,7.715375158754469827e+06
5.937958996673238289e+03,4.000000000000000000e+00,2.000000000000000000e+00,1.309439389182443847e+00,2.997493086234753079e+01,2.247216607361289114e+07
3.289897226928338569e+03,3.000000000000000000e+00,2.000000000000000000e+00,9.351453816197672353e-01,2.730574184403312543e+01,8.431973651613313705e+06
6.100302872025046781e+03,7.000000000000000000e+00,3.000000000000000000e+00,8.165985085437872382e-01,2.975324762115574373e+01,1.755293779510458931e+07
1.368988901857599194e+04,7.000000000000000000e+00,3.000000000000000000e+00,8.229352671696444910e-01,1.036792914850594016e+01,3.795719635881786048e+07
1.826034205759389806e+04,1.000000000000000000e+00,3.000000000000000000e+00,8.805012831841150245e-01,2.633021198131621077e+01,4.538763710756637156e+07
4.528934713729207942e+03,5.000000000000000000e+00,1.000000000000000000e+00,1.142289790882641487e+00,2.811065736976599538e+01,1.229952283032929525e+07
1.111633327804395230e+04,6.000000000000000000e+00,2.000000000000000000e+00,1.284910886022754717e+00,1.499899297490503614e+01,3.761691025395949185e+07
1.420698736412258586e+04,4.000000000000000000e+00,3.000000000000000000e+00,1.332083563568378981e+00,3.223731983529847156e+01,6.193778278258463740e+07
1.908669588861997545e+04,4.000000000000000000e+00,3.000000000000000000e+00,1.181067921184982605e+00,1.514134809908101253e+01,6.781189219570426643e+07
1.243517336801117199e+04,7.000000000000000000e+00,1.000000000000000000e+00,1.041885951470536087e+00,1.331496358129491853e+01,2.882493959841016680e+07
5.549074461931185397e+03,4.000000000000000000e+00,3.000000000000000000e+00,8.927088248936885240e-01,3.201290446441533533e+01,1.528160325391580723e+07
1.273427624413036392e+04,1.000000000000000000e+00,2.000000000000000000e+00,1.040851003666087404e+00,1.341059514349280057e+01,3.095757626345054805e+07
6.817528536553513732e+03,3.000000000000000000e+00,1.000000000000000000e+00,9.994490803446700600e-01,1.846507387295400093e+01,1.416679109679805301e+07
1.953689077941912910e+04,3.000000000000000000e+00,2.000000000000000000e+00,1.322015528514282501e+00,1.703768490110456924e+01,5.914131906487537175e+07
8.353717022174554586e+03,4.000000000000000000e+00,3.000000000000000000e+00,1.092031626446364312e+00,3.294185467674817147e+01,2.850413293846087903e+07
1.389729778276367506e+04,2.000000000000000000e+00,1.000000000000000000e+00,9.357175399727173382e-01,1.965707214863892816e+01,2.594495392110938951e+07
1.050615097527114585e+03,2.000000000000000000e+00,1.000000000000000000e+00,9.732806400894679077e-01,2.682926799888646840e+01,2.800320865131395403e+06
8.361192055014253128e+03,8.000000000000000000e+00,3.000000000000000000e+00,8.818820987256134059e-01,2.982116713931486984e+01,2.586821232974180207e+07
1.757708769845672578e+04,2.000000000000000000e+00,3.000000000000000000e+00,1.351151269441478675e+00,2.483710742241528635e+01,6.801723833875551820e+07
1.243841242200496890e+04,6.000000000000000000e+00,1.000000000000000000e+00,8.302075077418811233e-01,3.431083494974744497e+01,2.308020217893243954e+07
9.212491996081940670e+03,6.000000000000000000e+00,3.000000000000000000e+00,8.077077491335366011e-01,3.007522587768024280e+01,2.437863650570115075e+07
1.875718748905308166e+04,5.000000000000000000e+00,3.000000000000000000e+00,9.097933601161212191e-01,1.800619883024589285e+01,5.715610741328962147e+07
1.716729689725624485e+04,8.000000000000000000e+00,3.000000000000000000e+00,1.286524410746375358e+00,3.452435529773049439e+01,7.236296401314426959e+07
6.850984072165002544e+03,1.000000000000000000e+00,1.000000000000000000e+00,1.114080071978648778e+00,2.173724499814002442e+01,1.498274669392604567e+07
1.116423899960198833e+04,3.000000000000000000e+00,2.000000000000000000e+00,1.175505972426191814e+00,6.677319688346877058e+00,3.173798278494138271e+07
1.010259056819377656e+04,2.000000000000000000e+00,3.000000000000000000e+00,1.014639005249440951e+00,1.380039838958690268e+01,2.849363830766576901e+07
1.286472850222832858e+04,5.000000000000000000e+00,3.000000000000000000e+00,8.412067913295020460e-01,2.465188761111799565e+01,3.496713659932577610e+07
7.081758578999858400e+03,6.000000000000000000e+00,2.000000000000000000e+00,1.313694897495300662e+00,1.070444706973310289e+01,2.559248020862277597e+07
5.337577014858232360e+03,8.000000000000000000e+00,1.000000000000000000e+00,9.151365632752445078e-01,2.352204134679610803e+01,1.238435119498354942e+07
1.830583360395739874e+04,4.000000000000000000e+00,1.000000000000000000e+00,8.198355203270688563e-01,1.684794066922589195e+01,3.320929836492573842e+07
1.852316529027102297e+04,2.000000000000000000e+00,1.000000000000000000e+00,1.143622481559916082e+00,2.203156440174821995e+01,4.700394683707634360e+07
1.696046398378239246e+04,8.000000000000000000e+00,1.000000000000000000e+00,8.499735322307606644e-01,6.056245436197586152e+00,3.308389154504949600e+07
1.957716595683249034e+04,6.000000000000000000e+00,1.000000000000000000e+00,8.574571111159006165e-01,3.145264064006095239e+01,3.721991602481595427e+07
1.505283560012595808e+04,7.000000000000000000e+00,1.000000000000000000e+00,1.280226218889515044e+00,1.685776463326585173e+01,4.136723412255635113e+07
1.543454423410279378e+04,4.000000000000000000e+00,3.000000000000000000e+00,1.094965753590797286e+00,1.020475302833859033e+01,5.348321821034239978e+07
1.539424778407522899e+04,4.000000000000000000e+00,2.000000000000000000e+00,9.449050713482858299e-01,1.913747571015240112e+01,3.818758916707915813e+07
9.923788040280745918e+03,4.000000000000000000e+00,2.000000000000000000e+00,1.009175854015711193e+00,2.058531880466502173e+01,2.703945017480013147e+07
9.455172573576870491e+03,6.000000000000000000e+00,3.000000000000000000e+00,1.237544587305902777e+00,2.512208131488566565e+01,3.640694046079567075e+07
5.260389757290661692e+03,2.000000000000000000e+00,2.000000000000000000e+00,8.398124868539611487e-01,2.173687321056839039e+01,1.157155182582568750e+07
1.310949237057023493e+04,8.000000000000000000e+00,2.000000000000000000e+00,8.698883695599259891e-01,7.305707462011879372e+00,3.260680168944706768e+07
6.212810640385289844e+03,2.000000000000000000e+00,1.000000000000000000e+00,1.169757220994341651e+00,3.214536966233293924e+01,1.541476367193155922e+07
5.601483148225675905e+03,4.000000000000000000e+00,2.000000000000000000e+00,1.164183040680264458e+00,1.969526795360883753e+01,1.684366969717405364e+07
1.196765065746346227e+04,3.000000000000000000e+00,1.000000000000000000e+00,1.383477310721223041e+00,8.309633175990267517e+00,3.573076957239525020e+07
8.553658331565839035e+03,6.000000000000000000e+00,2.000000000000000000e+00,1.024729688753269752e+00,2.918484709587555415e+01,2.639636942816713452e+07
4.845818210615864700e+03,6.000000000000000000e+00,3.000000000000000000e+00,8.390465763065095839e-01,2.580463256349204570e+01,1.307366435862712562e+07
1.643148672500492466e+04,8.000000000000000000e+00,2.000000000000000000e+00,1.122522460909776587e+00,2.548313318307665298e+01,5.416845745153281838e+07
1.729505643431089266e+04,7.000000000000000000e+00,1.000000000000000000e+00,1.183008087057074054e+00,1.880742005206683132e+01,4.101638179834017903e+07
3.853370681748950574e+03,2.000000000000000000e+00,3.000000000000000000e+00,8.837616714717494437e-01,1.831491187862965120e+01,1.068438091760717332e+07
7.456364363199974150e+02,2.000000000000000000e+00,3.000000000000000000e+00,1.131717184121117992e+00,2.209015909162028279e+01,2.791633122088022530e+06
7.120921389469849601e+03,8.000000000000000000e+00,2.000000000000000000e+00,9.186602729949587820e-01,7.517832386973098302e+00,1.824423876104618609e+07
1.607171021220659895e+04,4.000000000000000000e+00,1.000000000000000000e+00,1.306838034728640796e+00,1.496873292653762633e+01,4.206997567561079562e+07
1.687997300494589581e+04,1.000000000000000000e+00,3.000000000000000000e+00,1.301096897470297886e+00,3.563682520687120814e+01,6.293647495241031796e+07
3.283583960251355165e+03,7.000000000000000000e+00,1.000000000000000000e+00,1.057777457599065052e+00,2.586577467384227447e+01,8.718548578685326502e+06
1.562211648295119267e+04,6.000000000000000000e+00,3.000000000000000000e+00,1.380045914307682420e+00,1.856802496251966517e+01,6.441860121971325576e+07
2.844660845802931362e+03,1.000000000000000000e+00,1.000000000000000000e+00,1.387864324669844773e+00,1.267089308821359062e+01,7.900124134517098777e+06
8.167214249036666843e+03,7.000000000000000000e+00,2.000000000000000000e+00,8.775506533685717425e-01,2.835628085700700396e+01,2.006946335110714659e+07
1.997302459123116932e+04,5.000000000000000000e+00,3.000000000000000000e+00,1.020628282899480599e+00,1.380870929118574253e+01,6.831573916298796237e+07
4.336261970679650403e+03,5.000000000000000000e+00,1.000000000000000000e+00,1.160192882027986760e+00,1.087110311538886087e+01,1.125412255778833665e+07
3.586893502005952996e+03,7.000000000000000000e+00,1.000000000000000000e+00,8.509026857488666273e-01,1.063544700702861689e+01,6.775403759658293799e+06
8.802326451407794593e+03,4.000000000000000000e+00,1.000000000000000000e+00,1.029593302288482226e+00,2.787789837494197442e+01,1.932359287284622341e+07
1.262156940381531240e+04,4.000000000000000000e+00,2.000000000000000000e+00,9.567032504099544088e-01,2.528430762866152293e+01,3.376434084001891315e+07
1.869827517881711174e+04,5.000000000000000000e+00,2.000000000000000000e+00,1.371230132580022243e+00,8.094182981136917476e+00,6.983095884888648987e+07
1.962793022334086345e+04,2.000000000000000000e+00,1.000000000000000000e+00,1.046951493698882185e+00,9.451284460866075321e+00,3.979230354302977026e+07
1.951028349873055959e+03,2.000000000000000000e+00,2.000000000000000000e+00,1.257602515128507514e+00,2.501540602060731189e+01,6.590124496186286211e+06
3.277151836549363452e+03,7.000000000000000000e+00,3.000000000000000000e+00,1.032023218107304352e+00,2.313348305616477063e+01,1.155347466995461658e+07
1.594031669358228100e+04,2.000000000000000000e+00,3.000000000000000000e+00,8.790872422513013040e-01,2.657997181115440455e+01,4.070457132153945416e+07
5.850263754054692981e+03,5.000000000000000000e+00,1.000000000000000000e+00,1.317890918096508379e+00,1.134116725089785938e+01,1.567076617738146894e+07
1.776607175442339576e+04,3.000000000000000000e+00,2.000000000000000000e+00,8.002501501418624041e-01,2.779763718651501136e+01,3.553260226019600779e+07
1.347099319024428405e+04,2.000000000000000000e+00,1.000000000000000000e+00,8.335645243846701025e-01,3.408289401991649470e+01,2.459042728505293652e+07
2.769789166185137219e+03,5.000000000000000000e+00,2.000000000000000000e+00,1.018630643538225966e+00,2.403150943606323509e+01,7.926545647155744955e+06
1.675106812752573751e+04,7.000000000000000000e+00,3.000000000000000000e+00,1.212138953311241885e+00,1.188390058928351678e+01,6.656941512373866141e+07
4.021313772156671348e+03,4.000000000000000000e+00,3.000000000000000000e+00,1.005022577174465415e+00,2.638631565852319483e+01,1.311514612552119605e+07
8.815810656785284664e+03,2.000000000000000000e+00,1.000000000000000000e+00,8.397876905725849550e-01,1.629245050638193248e+01,1.655393809895962849e+07
1.131238761405100195e+04,2.000000000000000000e+00,1.000000000000000000e+00,9.907040202404893137e-01,7.478632391571642835e+00,2.259543087537911162e+07
1.031486329215739897e+04,2.000000000000000000e+00,3.000000000000000000e+00,9.469885153940973410e-01,1.507016086057495485e+01,3.017680314397345111e+07
1.391156056293391885e+04,8.000000000000000000e+00,3.000000000000000000e+00,8.032518798909188407e-01,3.316755305850395530e+01,3.733454300443391502e+07
1.326212265646355081e+04,3.000000000000000000e+00,1.000000000000000000e+00,1.120881147908241005e+00,1.833417960527925672e+01,3.057441561977505311e+07
1.984561490724426403e+04,3.000000000000000000e+00,1.000000000000000000e+00,8.699875488465116380e-01,3.193996014093277225e+01,3.616763401733466238e+07
1.998878503894924506e+04,1.000000000000000000e+00,2.000000000000000000e+00,9.724977732779996886e-01,2.125978030568374777e+01,4.572410688779213279e+07
1.061931241113143369e+04,4.000000000000000000e+00,2.000000000000000000e+00,1.184713898133448629e+00,2.150933966878800163e+01,3.272744128409722447e+07
2.446862287040761657e+03,8.000000000000000000e+00,2.000000000000000000e+00,1.235069413293786278e+00,6.156489631946829633e+00,8.984270475023088977e+06
1.472015999999313681e+04,4.000000000000000000e+00,3.000000000000000000e+00,9.580733761136135396e-01,2.511312219866916351e+01,4.243248684414268285e+07
1.954728311740182835e+04,6.000000000000000000e+00,3.000000000000000000e+00,9.975162026391404257e-01,9.234415350912607678e+00,6.274889212640535831e+07
6.775531920002994411e+03,2.000000000000000000e+00,3.000000000000000000e+00,9.481455428764791193e-01,2.036245244046163094e+01,1.982218168163299561e+07
9.547452385248931023e+03,2.000000000000000000e+00,1.000000000000000000e+00,1.374133160189715097e+00,1.380950566974296834e+01,2.569161083022823930e+07
8.840672341419844088e+03,6.000000000000000000e+00,3.000000000000000000e+00,9.143118361924417181e-01,1.777148897487944623e+01,2.751586769860406220e+07
1.597531598404429587e+03,1.000000000000000000e+00,3.000000000000000000e+00,9.099083621802057653e-01,2.211232067000402424e+01,4.709278228026095778e+06
1.364192996573482924e+04,4.000000000000000000e+00,2.000000000000000000e+00,1.067021177498919116e+00,6.433923438059185429e+00,3.746680682418747246e+07
7.454751284328274778e+03,3.000000000000000000e+00,2.000000000000000000e+00,9.135838155203415134e-01,1.453750749814868470e+01,1.611820695412953198e+07
1.587679916785114438e+04,1.000000000000000000e+00,3.000000000000000000e+00,8.940250737713648643e-01,3.568835802875594254e+01,4.072794729886771739e+07
1.674312946047052901e+04,5.000000000000000000e+00,3.000000000000000000e+00,8.575277226206513559e-01,7.721973774616788688e+00,4.587633651565934718e+07
1.653187725999820395e+04,8.000000000000000000e+00,2.000000000000000000e+00,1.184102748864949595e+00,1.558180464472104987e+01,5.947339863286838681e+07
8.683320361973674153e+03,1.000000000000000000e+00,1.000000000000000000e+00,1.167249352941137630e+00,1.564264424893944749e+01,2.061332953181355819e+07
6.837986235473450506e+03,7.000000000000000000e+00,2.000000000000000000e+00,1.190097735126779632e+00,1.738157762798287820e+01,2.392645776911148801e+07
1.512712312554086384e+04,5.000000000000000000e+00,3.000000000000000000e+00,1.263980004805637769e+00,2.654342755327035874e+01,5.767482189364429563e+07
1.614695501654882537e+04,6.000000000000000000e+00,1.000000000000000000e+00,9.958148076755455325e-01,1.343231396048893700e+01,3.542929526976385713e+07
1.013039445999250347e+04,1.000000000000000000e+00,3.000000000000000000e+00,1.351054240167152809e+00,1.980808032408158326e+01,4.143122558453485370e+07
1.792480177900427952e+04,7.000000000000000000e+00,1.000000000000000000e+00,1.239922766641253560e+00,2.534590700557347631e+01,4.868173955062951893e+07
3.391828703924030378e+03,1.000000000000000000e+00,3.000000000000000000e+00,1.282825153148712038e+00,1.566966174985765825e+01,1.328634479993517697e+07
1.765393432538382694e+04,8.000000000000000000e+00,2.000000000000000000e+00,1.232577298296026580e+00,3.446317741509763977e+01,6.404953284980981052e+07
2.464247519654496500e+03,6.000000000000000000e+00,1.000000000000000000e+00,1.015073387259536997e+00,3.539017904828044436e+01,6.442206923016666435e+06
3.578395127859509557e+03,3.000000000000000000e+00,1.000000000000000000e+00,9.698194928375809543e-01,9.590207030625334639e+00,7.248815737667485140e+06
1.095649625751483109e+04,1.000000000000000000e+00,1.000000000000000000e+00,1.053510241747408482e+00,1.631459653202430360e+01,2.201219895534388721e+07
1.909858515635851290e+03,5.000000000000000000e+00,3.000000000000000000e+00,8.582182163200151592e-01,1.223916209419425982e+01,5.831121039302361198e+06
1.624457767162140954e+03,1.000000000000000000e+00,2.000000000000000000e+00,1.070768300939568318e+00,1.160368786671345376e+01,4.577538056458360516e+06
6.100636368146871291e+02,5.000000000000000000e+00,3.000000000000000000e+00,8.258845898571439692e-01,2.072939515014838463e+01,2.126361547606991138e+06
9.064543198068704442e+03,7.000000000000000000e+00,1.000000000000000000e+00,8.023675760163166970e-01,2.291481324404636766e+01,1.660398493360040337e+07
1.562770329706925804e+04,3.000000000000000000e+00,3.000000000000000000e+00,1.358899363684815675e+00,1.876956121792797560e+01,6.411637440920756757e+07
1.275863995430363957e+03,2.000000000000000000e+00,3.000000000000000000e+00,1.213602116352735738e+00,1.417664619292082051e+01,4.909791433926857077e+06
1.325379756543759504e+04,2.000000000000000000e+00,1.000000000000000000e+00,1.137108168239581385e+00,1.435864722760918966e+01,3.096969288275090978e+07
1.656866995787401538e+04,2.000000000000000000e+00,2.000000000000000000e+00,1.004661223653834590e+00,3.576384469022192292e+01,4.307209103509760648e+07
3.859216462410699933e+03,1.000000000000000000e+00,3.000000000000000000e+00,1.142322808811044421e+00,3.371032121970751660e+01,1.298727963863181882e+07
3.449156455535242458e+03,2.000000000000000000e+00,1.000000000000000000e+00,1.334945465802999109e+00,8.276965229680715908e+00,8.858010676457822323e+06
1.729953888823839952e+04,6.000000000000000000e+00,1.000000000000000000e+00,1.191428080366318643e+00,2.569651955988376812e+01,4.601273587506553531e+07
1.656861743303183903e+04,3.000000000000000000e+00,3.000000000000000000e+00,1.161489198772102549e+00,1.970632822454533084e+01,5.402192197699935734e+07
1.105547026552522584e+04,7.000000000000000000e+00,2.000000000000000000e+00,1.076122701783006841e+00,2.666442291597486047e+01,3.306871053450657427e+07
1.649247765830321805e+04,7.000000000000000000e+00,1.000000000000000000e+00,1.007418218390514708e+00,2.390882116621660458e+01,3.708541491901135445e+07
2.399467902035198676e+03,7.000000000000000000e+00,3.000000000000000000e+00,1.219128268353026900e+00,3.267757200247252314e+01,1.060913145254403725e+07
8.252941448011835746e+03,5.000000000000000000e+00,3.000000000000000000e+00,1.388588564609488429e+00,8.009649428664751269e+00,3.899217700700583309e+07
1.491327258846363293e+04,3.000000000000000000e+00,1.000000000000000000e+00,1.054854616112353982e+00,1.648793736173116642e+01,3.008464004843891785e+07
5.594568010884889190e+03,8.000000000000000000e+00,1.000000000000000000e+00,1.035323122408520424e+00,3.556482377326754118e+01,1.544860668258156255e+07
1.519518094001092322e+04,2.000000000000000000e+00,1.000000000000000000e+00,1.056868083419025606e+00,1.146856046971850418e+01,3.208331556876157224e+07
1.038106492518178857e+04,4.000000000000000000e+00,3.000000000000000000e+00,1.055326380829832988e+00,9.820003185199416507e+00,3.428052104969755560e+07
1.515516016619572110e+04,4.000000000000000000e+00,1.000000000000000000e+00,1.394374864021096894e+00,2.786916018001726414e+01,4.244823633545986563e+07
9.614784974432193849e+03,6.000000000000000000e+00,3.000000000000000000e+00,1.224066954505604432e+00,2.932305480052390578e+01,4.000178486554327607e+07
7.737344200303261459e+03,5.000000000000000000e+00,2.000000000000000000e+00,1.015510669526354937e+00,2.616820643023980608e+01,2.143312046568767726e+07
4.852270799685466955e+03,7.000000000000000000e+00,2.000000000000000000e+00,1.022901424296033479e+00,2.928587486279775831e+01,1.439563454255462438e+07
4.642559223839291008e+03,8.000000000000000000e+00,3.000000000000000000e+00,1.058478154846433483e+00,2.681164716279516469e+01,1.579900541124198399e+07
1.517892172508508156e+04,4.000000000000000000e+00,3.000000000000000000e+00,8.220273125482698839e-01,1.007312046867530242e+01,3.859331985223178566e+07
2.906860751858833737e+03,7.000000000000000000e+00,1.000000000000000000e+00,1.116689841212749945e+00,2.424665692435521080e+01,8.152249992086817510e+06
2.268057592152335474e+03,2.000000000000000000e+00,1.000000000000000000e+00,1.286828570913658876e+00,2.930630047678597450e+01,6.504153657064821571e+06
4.020052481429325326e+03,8.000000000000000000e+00,1.000000000000000000e+00,1.196340675924506325e+00,3.196549818973403490e+01,1.237366001345789991e+07
4.001722322206084300e+03,2.000000000000000000e+00,3.000000000000000000e+00,9.190525080569249550e-01,1.338705728051122890e+01,1.158045699980466999e+07
1.656828788245385658e+04,7.000000000000000000e+00,2.000000000000000000e+00,1.236820544827021973e+00,9.822922828156157138e+00,5.534683168109159917e+07
8.331028495399721578e+03,4.000000000000000000e+00,1.000000000000000000e+00,1.231675163799218042e+00,2.943271330747738901e+01,2.366506898706883937e+07
1.981353607279335847e+04,8.000000000000000000e+00,1.000000000000000000e+00,9.575235293893982202e-01,1.369645035106996112e+01,4.389121720219069719e+07
3.261898401137880228e+03,2.000000000000000000e+00,2.000000000000000000e+00,1.173724794114161085e+00,6.957884349626620057e+00,9.611318559952409938e+06
1.327867261845668145e+04,4.000000000000000000e+00,3.000000000000000000e+00,1.166569419873161539e+00,3.075640690947912503e+01,4.841885566473477334e+07
9.305352439704261997e+03,8.000000000000000000e+00,2.000000000000000000e+00,1.303872574313708732e+00,2.117973401432580260e+01,3.484086972454053909e+07
8.222612627923233958e+03,1.000000000000000000e+00,3.000000000000000000e+00,8.816433871000647349e-01,1.579899397285265827e+01,1.884061679474021494e+07
1.757663346164919494e+04,3.000000000000000000e+00,3.000000000000000000e+00,9.169031027069136641e-01,6.342873156946474467e+00,4.802687473438809812e+07
1.952655552907095262e+04,1.000000000000000000e+00,3.000000000000000000e+00,1.091581702260683073e+00,7.059823341238431027e+00,5.759989307476608455e+07
1.753346380021906589e+04,3.000000000000000000e+00,2.000000000000000000e+00,8.264870893353842840e-01,2.977869811680884027e+01,3.968628149615454674e+07
4.330633173281581549e+03,4.000000000000000000e+00,3.000000000000000000e+00,1.049356518561023854e+00,2.069117654894593272e+01,1.535624699087046087e+07
4.883479671453320407e+03,5.000000000000000000e+00,3.000000000000000000e+00,1.272931425199833821e+00,1.049166147889380518e+01,2.042354929444320500e+07
1.332783325444422917e+04,3.000000000000000000e+00,2.000000000000000000e+00,8.892286363903989521e-01,1.675516881747054398e+01,2.999576053103218973e+07
6.208221483780918788e+03,2.000000000000000000e+00,2.000000000000000000e+00,1.075969242161914918e+00,1.095915442612568746e+01,1.603281009952541813e+07
1.485366753714325023e+04,2.000000000000000000e+00,3.000000000000000000e+00,1.393861540029466717e+00,9.386446595411598537e+00,5.911906240995636582e+07
1.158856062570710674e+04,8.000000000000000000e+00,2.000000000000000000e+00,1.103552008054918598e+00,1.428923462022430790e+01,3.925114497840405256e+07
1.128763010871381630e+04,8.000000000000000000e+00,1.000000000000000000e+00,1.098994294473254252e+00,2.248525642387192391e+01,2.818264311890100688e+07
1.667381034187244222e+04,2.000000000000000000e+00,3.000000000000000000e+00,1.135276150234500792e+00,1.230019823436680682e+01,5.036564313501232862e+07
1.438433577180794964e+04,2.000000000000000000e+00,1.000000000000000000e+00,9.116026221996447187e-01,1.631013243854301464e+01,2.771375364252293855e+07
1.115608640947458980e+03,1.000000000000000000e+00,3.000000000000000000e+00,8.882983296115666283e-01,2.033792651869379142e+01,3.532812859305226710e+06
1.559507260632704401e+03,8.000000000000000000e+00,2.000000000000000000e+00,1.206412777469064945e+00,1.860089217549455753e+01,6.153583660567800514e+06
1.227023397764670517e+04,6.000000000000000000e+00,2.000000000000000000e+00,1.037460085943462174e+00,9.858833973638688519e+00,3.605492703036216646e+07
1.003212626707214440e+04,7.000000000000000000e+00,1.000000000000000000e+00,9.739439769292854709e-01,7.165969066076645078e+00,2.315167211991180480e+07
5.647582313654032987e+03,3.000000000000000000e+00,2.000000000000000000e+00,8.188349719519385506e-01,7.063761808468167480e+00,1.185522634662808664e+07
8.721928093907150469e+03,6.000000000000000000e+00,3.000000000000000000e+00,1.307630298307089323e+00,1.650537054083601873e+01,3.390883490163446963e+07
1.530346018341749368e+04,1.000000000000000000e+00,1.000000000000000000e+00,8.193973195068996462e-01,2.756406235611968469e+01,2.516938803336236626e+07
1.663626280236384264e+04,6.000000000000000000e+00,3.000000000000000000e+00,1.249989874449991545e+00,9.937658961878121033e+00,6.858682207081821561e+07
1.148772751706685631e+04,5.000000000000000000e+00,3.000000000000000000e+00,1.029193135399148584e+00,2.960940349093276680e+01,3.760106443226988614e+07
8.076167928627797664e+03,3.000000000000000000e+00,3.000000000000000000e+00,1.159212686302790063e+00,2.747022927941510417e+01,2.849491155542898178e+07
5.851517173005076074e+03,6.000000000000000000e+00,2.000000000000000000e+00,9.486068004140973953e-01,6.118304726568335461e+00,1.455621459920156747e+07
1.072521833292351766e+04,6.000000000000000000e+00,1.000000000000000000e+00,8.932397997392439448e-01,6.802436189455352888e+00,2.033766903630518168e+07
6.706142600148991733e+03,4.000000000000000000e+00,3.000000000000000000e+00,1.120032800500968317e+00,1.185099646614154878e+01,2.502217906211637706e+07
1.154344565871612394e+04,2.000000000000000000e+00,2.000000000000000000e+00,1.217370616972486053e+00,7.683627331517550729e+00,3.736782569481033087e+07
1.372705622068697085e+04,1.000000000000000000e+00,2.000000000000000000e+00,9.172959769670879782e-01,2.194029315810917780e+01,3.076550564314068109e+07
1.881936691836259797e+03,8.000000000000000000e+00,3.000000000000000000e+00,1.061815368459538611e+00,7.188817843752473458e+00,6.948803501639142632e+06
6.207088214412964362e+02,3.000000000000000000e+00,3.000000000000000000e+00,1.066792982174837423e+00,3.007937513986193068e+01,2.626273697945800610e+06
4.718176493510412911e+03,3.000000000000000000e+00,1.000000000000000000e+00,9.295874894476776618e-01,2.078886206837431416e+01,9.744147909769622609e+06
1.795352305574435013e+04,6.000000000000000000e+00,3.000000000000000000e+00,1.139029667751278563e+00,2.783863100017432757e+01,7.092642982407702506e+07
1.313804080663404784e+04,3.000000000000000000e+00,2.000000000000000000e+00,8.875614120690203945e-01,2.852107652807523408e+01,2.825719923782372847e+07
3.936030827578243589e+03,4.000000000000000000e+00,3.000000000000000000e+00,1.105849503991148008e+00,2.120291819010698120e+01,1.412280757778617740e+07
1.787112085937820302e+04,6.000000000000000000e+00,2.000000000000000000e+00,8.680589068195997404e-01,3.376088628760398080e+01,4.365091207343277335e+07
9.717145241574395186e+03,5.000000000000000000e+00,3.000000000000000000e+00,1.091325445313082509e+00,3.570722321565924062e+01,3.485845808042347431e+07
9.836180079566016502e+03,6.000000000000000000e+00,3.000000000000000000e+00,9.869594329253341680e-01,1.677644058043637543e+01,3.361833334086866677e+07
1.874951371054750780e+04,1.000000000000000000e+00,3.000000000000000000e+00,1.071347775248920886e+00,9.775924207477006078e+00,6.217533672983837128e+07
1.754041828356796259e+03,4.000000000000000000e+00,3.000000000000000000e+00,1.060249615665904477e+00,1.689714535943600637e+01,6.062994217647233978e+06
4.774458527797139141e+03,4.000000000000000000e+00,2.000000000000000000e+00,1.344759873691155683e+00,1.270061691042810281e+01,1.733699771073914692e+07
1.196396370800161458e+04,6.000000000000000000e+00,1.000000000000000000e+00,1.093961359973877556e+00,2.193017001185250336e+01,2.935889251151185483e+07
4.392438285890879342e+03,2.000000000000000000e+00,2.000000000000000000e+00,1.291099342326124555e+00,1.735162803757204131e+01,1.402092332407618687e+07
1.378282397865378152e+04,2.000000000000000000e+00,2.000000000000000000e+00,9.353914357470292096e-01,2.041348242860372864e+01,3.257456708943389356e+07
4.753390413132371577e+03,7.000000000000000000e+00,3.000000000000000000e+00,1.011249676780555218e+00,2.889562728228004573e+01,1.691945807434483618e+07
2.523645229616998222e+03,6.000000000000000000e+00,2.000000000000000000e+00,8.450536283799146009e-01,1.422062923625556508e+01,6.166626152863867581e+06
4.615512097032291422e+03,7.000000000000000000e+00,2.000000000000000000e+00,1.052448676892896229e+00,2.212424173919176340e+01,1.346799987124679796e+07
8.801040264878007292e+03,3.000000000000000000e+00,1.000000000000000000e+00,1.201219932244958599e+00,1.605483747986065168e+01,2.163869588785561919e+07
4.017083003957749497e+03,8.000000000000000000e+00,3.000000000000000000e+00,1.302900220465637693e+00,2.954882592361984095e+01,1.793250676456980780e+07
3.213025283512937676e+03,3.000000000000000000e+00,2.000000000000000000e+00,1.139548947079493058e+00,2.518609897223089078e+01,9.524241522645883262e+06
1.728946859264745217e+04,6.000000000000000000e+00,1.000000000000000000e+00,1.184043601755847108e+00,6.255141915318322532e+00,4.563089323569196463e+07
6.815705749787772220e+03,2.000000000000000000e+00,1.000000000000000000e+00,9.063602465701688926e-01,2.580154023315655110e+01,1.320957541746155731e+07
7.598718518454119476e+03,8.000000000000000000e+00,3.000000000000000000e+00,8.223236229400636699e-01,1.110486024199746957e+01,2.203337434587234631e+07
1.672245944323816047e+03,3.000000000000000000e+00,1.000000000000000000e+00,1.275012887106389492e+00,2.773421370609117886e+01,4.885356922963079996e+06
7.532970695939849975e+03,7.000000000000000000e+00,2.000000000000000000e+00,9.002229244647718120e-01,2.302016000536374207e+01,1.884640840012242272e+07
5.737259240038645657e+03,3.000000000000000000e+00,2.000000000000000000e+00,8.547017213196514973e-01,1.804448033169524024e+01,1.360475385538757779e+07
1.244341030643069826e+04,7.000000000000000000e+00,1.000000000000000000e+00,1.362537392543957004e+00,2.682199287621775596e+01,3.843668472307737172e+07
4.584571774844689571e+03,4.000000000000000000e+00,1.000000000000000000e+00,1.378112818435505815e+00,3.169779857606340556e+01,1.405358979831549153e+07
1.783428978941910464e+04,1.000000000000000000e+00,3.000000000000000000e+00,1.169754374961496701e+00,2.936231141586219451e+01,5.976843271871665120e+07
1.863553244583936976e+04,2.000000000000000000e+00,2.000000000000000000e+00,1.027182363612376026e+00,2.236137829715722702e+01,4.980806873518368602e+07
2.536722509229729440e+03,6.000000000000000000e+00,1.000000000000000000e+00,1.299943724578431103e+00,2.768082960778589197e+01,8.297639070189166814e+06
2.683617351998397680e+03,2.000000000000000000e+00,1.000000000000000000e+00,9.228319756012475228e-01,1.841743663178260704e+01,5.651311930235393345e+06
2.837332899353166795e+03,3.000000000000000000e+00,2.000000000000000000e+00,1.057635396457809129e+00,2.967078364689385950e+01,8.312770770556230098e+06
1.261964357242005281e+04,5.000000000000000000e+00,3.000000000000000000e+00,1.014210379400360962e+00,3.087155674868454369e+01,3.946938523723364621e+07
2.966197905666684164e+03,3.000000000000000000e+00,3.000000000000000000e+00,1.347619994445008906e+00,1.011881510629196157e+01,1.315556582587455213e+07
1.713621696784716551e+04,2.000000000000000000e+00,1.000000000000000000e+00,1.351866449217363986e+00,1.314094078781838881e+01,4.822855245257398486e+07
1.523286738979511392e+04,5.000000000000000000e+00,3.000000000000000000e+00,1.190531555794199781e+00,1.409966212047475231e+01,5.616142059223492444e+07
1.650429184981766593e+04,6.000000000000000000e+00,3.000000000000000000e+00,8.664440841636151802e-01,1.098245156946274648e+01,4.875097749188982695e+07
1.080557422158880581e+04,6.000000000000000000e+00,1.000000000000000000e+00,1.089315673794981398e+00,1.777605020692261917e+01,2.570359420160534978e+07
1.993553790347157701e+04,8.000000000000000000e+00,1.000000000000000000e+00,9.471970197344340425e-01,1.179099634348836823e+01,4.601819817679512501e+07
1.456996997116728608e+03,1.000000000000000000e+00,3.000000000000000000e+00,1.330949397910689225e+00,2.386617932779828521e+01,6.485425718092199415e+06
8.384540305210599399e+03,4.000000000000000000e+00,2.000000000000000000e+00,8.830416794097211142e-01,9.048463286928477345e+00,1.861584314001753181e+07
6.884371377390141788e+03,2.000000000000000000e+00,3.000000000000000000e+00,8.325861655164245034e-01,1.409757459080269193e+01,1.749439717236478254e+07
1.900372267502523755e+04,8.000000000000000000e+00,1.000000000000000000e+00,1.222657420130046857e+00,2.596561937839070211e+01,5.557241033914218098e+07
1.179110259485330243e+04,5.000000000000000000e+00,1.000000000000000000e+00,1.071971644980891814e+00,1.795635369400047665e+01,3.044391817524171993e+07
1.624010472962767017e+04,1.000000000000000000e+00,1.000000000000000000e+00,1.303018932561850640e+00,1.864388225560222878e+01,4.049130680471127480e+07
3.904619156975265923e+03,6.000000000000000000e+00,1.000000000000000000e+00,8.447777787015871009e-01,2.993775758875167625e+01,8.442137945289021358e+06
1.958550239166851316e+04,1.000000000000000000e+00,2.000000000000000000e+00,1.280645679564705430e+00,3.553534659872959622e+01,6.112778084909009933e+07
1.027360720940051397e+04,3.000000000000000000e+00,1.000000000000000000e+00,8.224008517064950174e-01,2.295203349762638823e+01,1.698569125784996524e+07
1.017723827965052806e+04,6.000000000000000000e+00,3.000000000000000000e+00,8.168420071483741829e-01,8.372015143908232204e+00,2.673455329364872351e+07
1.943516373378731441e+04,5.000000000000000000e+00,2.000000000000000000e+00,1.076789451038617784e+00,9.087089226709078815e+00,5.548145595247372240e+07
7.986207807612613578e+03,7.000000000000000000e+00,3.000000000000000000e+00,9.327747738083911333e-01,3.505502166088248117e+01,2.422032543562266603e+07
8.311985476366862713e+03,5.000000000000000000e+00,2.000000000000000000e+00,1.156231224203918329e+00,2.637704738245414759e+01,2.635640186917872354e+07
1.194420243441577077e+04,7.000000000000000000e+00,1.000000000000000000e+00,8.154901965268822606e-01,2.857407355001458171e+01,2.342137200158523023e+07
3.084220644627066577e+03,5.000000000000000000e+00,2.000000000000000000e+00,8.212337254177871637e-01,2.627291273056624377e+01,7.413558993582773954e+06
6.829061152389985182e+03,1.000000000000000000e+00,1.000000000000000000e+00,1.236289097703164197e+00,1.138852805085459963e+01,1.638497474927011319e+07
4.348241455435532771e+03,1.000000000000000000e+00,3.000000000000000000e+00,9.260990974953869914e-01,1.945086482474285816e+01,1.189189719032001123e+07
2.603699494676762242e+03,7.000000000000000000e+00,3.000000000000000000e+00,1.193850274196440076e+00,2.994241312858097004e+01,1.093444346202024631e+07
1.740320536282179091e+04,1.000000000000000000e+00,1.000000000000000000e+00,1.249953296900454980e+00,3.199088888826219801e+01,4.359419295947455615e+07
1.203302462287303570e+04,4.000000000000000000e+00,2.000000000000000000e+00,8.355986994349804409e-01,1.312006544239116224e+01,2.743551389611601084e+07
7.558252155641477657e+03,1.000000000000000000e+00,2.000000000000000000e+00,1.261852372678543555e+00,2.387885372501461845e+01,2.374220653709967062e+07
8.528185920914227609e+03,3.000000000000000000e+00,1.000000000000000000e+00,9.610527307767716687e-01,1.071305708215360042e+01,1.609261606479814649e+07
8.971468671534679743e+03,5.000000000000000000e+00,1.000000000000000000e+00,1.033727574919848902e+00,3.474830619365254591e+01,2.029456828449420631e+07
1.288309413360736289e+04,2.000000000000000000e+00,3.000000000000000000e+00,8.519835153771900815e-01,1.356612866977462772e+01,3.261851562435043603e+07
1.857932619488647106e+04,4.000000000000000000e+00,1.000000000000000000e+00,1.303177990018911547e+00,2.779905385811689911e+01,5.376317184131385386e+07
1.869592462134546076e+04,8.000000000000000000e+00,2.000000000000000000e+00,1.136437271795458281e+00,1.293338832680563044e+01,6.336640425001918525e+07
8.194944402894871018e+03,1.000000000000000000e+00,1.000000000000000000e+00,1.102799166708303247e+00,2.448161828635624815e+01,1.952937760775797069e+07
6.987691716196729431e+03,1.000000000000000000e+00,2.000000000000000000e+00,1.381132886541653448e+00,2.577792921067969445e+01,2.393106204115268588e+07
9.350302103593947322e+03,3.000000000000000000e+00,1.000000000000000000e+00,1.000703455964402355e+00,1.585284310364258076e+01,2.015157827029762790e+07
1.161792407031275616e+04,7.000000000000000000e+00,2.000000000000000000e+00,1.334467571886017501e+00,3.056501596278153698e+01,4.102052464197136462e+07
9.559267482125116658e+03,4.000000000000000000e+00,2.000000000000000000e+00,1.231812728638762566e+00,3.256112694742351721e+01,3.173050577006294578e+07
1.337981615044399769e+04,6.000000000000000000e+00,2.000000000000000000e+00,1.357116881511343243e+00,3.165209790761985076e+01,4.767514013673554361e+07
1.135534105356741566e+04,1.000000000000000000e+00,2.000000000000000000e+00,1.344681231657475884e+00,1.592394658394151996e+01,3.695178303968778253e+07
6.821881605865076381e+03,6.000000000000000000e+00,1.000000000000000000e+00,1.394617883015641713e+00,2.833020777037961935e+01,2.419469834503029287e+07
7.307177631795072557e+03,1.000000000000000000e+00,2.000000000000000000e+00,8.790060512222945821e-01,2.278472264607672670e+01,1.617903804423982278e+07
7.944700078658779603e+03,6.000000000000000000e+00,3.000000000000000000e+00,1.277609835254956971e+00,2.377884973476034958e+01,3.199361274098806456e+07
2.436011504038140629e+03,2.000000000000000000e+00,2.000000000000000000e+00,1.282696612968501793e+00,2.032275255775385503e+01,8.328410549274345860e+06
3.821615068831078588e+03,7.000000000000000000e+00,1.000000000000000000e+00,1.186624116907092130e+00,2.400783443906614778e+01,1.054678477889537625e+07
1.462840776162049042e+04,3.000000000000000000e+00,3.000000000000000000e+00,9.673165749429212257e-01,1.006962474107249861e+01,4.095954311027619243e+07
8.148476203528352926e+03,2.000000000000000000e+00,3.000000000000000000e+00,1.379088962976988908e+00,1.826541699352365811e+01,3.608414986790374666e+07
4.762056067666786475e+03,3.000000000000000000e+00,3.000000000000000000e+00,9.226532827341257237e-01,1.133015285963838004e+01,1.400463547425922565e+07
1.151584476515223105e+04,1.000000000000000000e+00,3.000000000000000000e+00,1.099745227015063387e+00,1.440316592914277294e+01,3.695773697323271632e+07
1.525746712398448835e+04,2.000000000000000000e+00,3.000000000000000000e+00,1.112892267691511616e+00,9.834436077664012288e+00,4.906717273057610542e+07
5.593993829500205720e+03,5.000000000000000000e+00,3.000000000000000000e+00,8.970976069016233234e-01,1.237486815666060025e+01,1.584249906111228652e+07
1.663972370932064223e+04,3.000000000000000000e+00,2.000000000000000000e+00,1.233517293399944537e+00,2.945787767363147580e+01,5.569719205337511003e+07
1.859359427672596212e+04,3.000000000000000000e+00,1.000000000000000000e+00,8.533202985081438374e-01,2.249509386533010868e+01,3.345388747326357663e+07
1.218945386403250995e+04,7.000000000000000000e+00,2.000000000000000000e+00,1.215858667308026497e+00,6.709293555367049855e+00,3.600796543352820724e+07
1.357758458443664495e+04,1.000000000000000000e+00,1.000000000000000000e+00,1.309169297774382068e+00,2.965573451406346805e+01,3.883171157576224953e+07
1.619974212267274197e+03,4.000000000000000000e+00,3.000000000000000000e+00,1.009637855049439814e+00,3.328405187788472119e+01,5.885918152908776887e+06
1.894308588582498487e+04,2.000000000000000000e+00,2.000000000000000000e+00,1.225652485159520078e+00,3.241287827347913009e+01,5.872131291167551279e+07
8.214203844739909982e+03,4.000000000000000000e+00,3.000000000000000000e+00,8.940644048887098627e-01,3.069050648619965216e+01,2.427891421945474297e+07
1.852366777058133812e+04,3.000000000000000000e+00,2.000000000000000000e+00,1.307569400871727128e+00,3.576649328402810823e+01,6.308395002649907023e+07
1.183216398015470622e+04,1.000000000000000000e+00,2.000000000000000000e+00,1.371219019131934669e+00,2.359205866613798719e+01,4.070954263905072957e+07
6.896046975605556781e+02,1.000000000000000000e+00,3.000000000000000000e+00,8.916162160998661879e-01,3.487762885544714209e+01,2.579820413436396513e+06
1.347714786874652873e+03,7.000000000000000000e+00,2.000000000000000000e+00,1.215115684383399230e+00,3.446532697504282794e+01,5.116764989182372577e+06
1.380012482999648637e+04,1.000000000000000000e+00,2.000000000000000000e+00,1.103498657933915439e+00,1.539716191510317955e+01,3.734713020621203631e+07
1.151575946833950184e+04,7.000000000000000000e+00,2.000000000000000000e+00,1.118899599099427267e+00,3.190301268167612392e+01,3.844226341354558617e+07
1.114729281797842305e+03,8.000000000000000000e+00,3.000000000000000000e+00,1.223893831160412837e+00,2.977417996676331313e+01,5.175415292319430038e+06
1.502312324771427484e+04,4.000000000000000000e+00,3.000000000000000000e+00,1.093244299601862313e+00,2.927396332203256790e+01,4.956406147425886989e+07
1.713161953914212427e+04,3.000000000000000000e+00,1.000000000000000000e+00,1.160195835210630078e+00,3.288842313875765910e+01,4.354617958322725445e+07
1.023049915932258045e+04,7.000000000000000000e+00,2.000000000000000000e+00,9.385406116468263393e-01,1.752570029760923376e+01,2.644623389551056921e+07
9.635694342930746643e+03,8.000000000000000000e+00,2.000000000000000000e+00,1.027103957893178210e+00,1.800164897662145691e+01,2.789346005505705252e+07
7.061783113917731498e+02,1.000000000000000000e+00,2.000000000000000000e+00,1.319144210042901166e+00,2.520156927610909392e+01,2.822988002931760624e+06
1.586100442237582502e+04,8.000000000000000000e+00,1.000000000000000000e+00,8.659415069890313843e-01,2.813413613443026406e+01,3.208936422870641947e+07
7.015891694874445420e+03,8.000000000000000000e+00,3.000000000000000000e+00,1.158545156560183864e+00,3.239211307972843201e+01,2.626489120145777240e+07
1.764801422378126881e+04,2.000000000000000000e+00,3.000000000000000000e+00,9.105722373409341763e-01,3.227535961977845602e+01,4.672060719408800453e+07
7.837375398626229071e+03,1.000000000000000000e+00,1.000000000000000000e+00,1.307923758754023114e+00,2.764018873158779499e+01,2.087040826013204828e+07
1.156251146623568820e+04,6.000000000000000000e+00,1.000000000000000000e+00,1.147426372312129850e+00,3.470678333464567800e+01,3.024007670941150934e+07
5.844630691066953659e+03,1.000000000000000000e+00,2.000000000000000000e+00,1.041829269602162711e+00,1.135885856838726760e+01,1.558789234288836271e+07
3.715413264147422524e+03,5.000000000000000000e+00,1.000000000000000000e+00,9.498948041910907358e-01,3.451019541540259183e+01,9.053463676966536790e+06
1.563321332559776238e+04,1.000000000000000000e+00,3.000000000000000000e+00,1.062106819513780609e+00,7.925744461008647157e+00,5.039487518277317286e+07
1.023385528961786258e+04,6.000000000000000000e+00,3.000000000000000000e+00,1.374567395553045301e+00,2.266865643575754774e+01,4.734029833203675598e+07
1.100786572079366488e+04,2.000000000000000000e+00,3.000000000000000000e+00,1.105525573846172449e+00,8.705908710243667414e+00,3.555493663922315836e+07
1.932906949754566813e+04,1.000000000000000000e+00,2.000000000000000000e+00,1.081693719019916067e+00,2.304002925594409135e+01,4.949055231124555320e+07
1.929345029710978270e+04,1.000000000000000000e+00,3.000000000000000000e+00,1.247764288100185359e+00,1.770329137367158268e+01,6.910194743318340182e+07
1.719945716102662846e+04,2.000000000000000000e+00,1.000000000000000000e+00,1.027428242499144107e+00,8.448282945071605710e+00,3.636379463157199323e+07
4.239620279641650995e+03,5.000000000000000000e+00,1.000000000000000000e+00,1.056454369928476300e+00,2.544350415072565141e+01,1.058024807719346322e+07
1.212889026945065052e+04,1.000000000000000000e+00,1.000000000000000000e+00,1.002168638942971368e+00,2.793593998868525574e+01,2.500918297421192005e+07
1.763606003831742419e+04,7.000000000000000000e+00,3.000000000000000000e+00,8.905518531976348573e-01,1.122556240859943877e+01,5.150561896014988422e+07
7.864600367109391300e+03,5.000000000000000000e+00,2.000000000000000000e+00,1.228285528521590342e+00,2.683310157926306871e+01,2.699694794581959397e+07
2.561459619150348317e+03,3.000000000000000000e+00,1.000000000000000000e+00,1.323818548330174316e+00,1.137142647443198840e+01,7.591670851332520135e+06
1.633268030345448460e+04,8.000000000000000000e+00,1.000000000000000000e+00,1.343355589545659257e+00,1.012189347945829532e+01,5.230322553771765530e+07
9.946212896426130101e+03,6.000000000000000000e+00,2.000000000000000000e+00,1.328481762822667722e+00,1.042089799574237219e+01,3.589058342777510732e+07
1.154921799896806442e+04,6.000000000000000000e+00,1.000000000000000000e+00,1.071070281462795704e+00,2.397235406863004670e+01,2.681094264040083811e+07
1.965359934856618202e+04,2.000000000000000000e+00,2.000000000000000000e+00,9.704397153219177508e-01,2.936372424379809587e+01,4.601815258519060165e+07
1.237990175158499915e+04,6.000000000000000000e+00,2.000000000000000000e+00,1.182754249760494147e+00,2.390681104421440750e+01,3.903855232471730560e+07
8.844600081922366371e+03,5.000000000000000000e+00,1.000000000000000000e+00,1.372822947143618855e+00,3.028054359054735301e+01,2.707735627978185192e+07
7.777696736235637218e+03,8.000000000000000000e+00,1.000000000000000000e+00,1.236230388901162991e+00,2.374432023211107534e+01,2.309443649222731590e+07
8.701814277488485459e+03,4.000000000000000000e+00,2.000000000000000000e+00,1.096909136954093977e+00,2.991963742045460251e+01,2.393863447061941028e+07
2.896942213666174212e+03,6.000000000000000000e+00,2.000000000000000000e+00,1.213285144708069030e+00,3.529567503399901796e+01,1.016329214165246673e+07
1.601816083330089350e+04,3.000000000000000000e+00,1.000000000000000000e+00,1.263522747472638041e+00,1.772879423904673857e+01,4.229079131248597801e+07
1.685170704882859718e+04,1.000000000000000000e+00,2.000000000000000000e+00,1.351561556796842201e+00,1.049826530780684131e+01,5.294854130857037753e+07
6.117304410724132140e+03,2.000000000000000000e+00,2.000000000000000000e+00,1.257929452383292457e+00,1.006190435114872983e+01,1.951450436774125323e+07
6.493654397152915408e+03,7.000000000000000000e+00,1.000000000000000000e+00,1.059914333381543283e+00,2.392432789969794271e+01,1.583544688715243153e+07
1.756208457289537546e+04,6.000000000000000000e+00,2.000000000000000000e+00,9.641639110792904477e-01,2.241309197566025802e+01,4.493953550516942888e+07
1.065024897242335783e+03,3.000000000000000000e+00,1.000000000000000000e+00,1.099928998837754746e+00,1.152706135626092276e+01,2.692441963411560748e+06
1.069687440908421740e+04,6.000000000000000000e+00,1.000000000000000000e+00,9.969067667632830476e-01,3.246314888003020371e+01,2.458507021585690603e+07
9.595308864821119641e+03,1.000000000000000000e+00,1.000000000000000000e+00,1.365658755612688235e+00,3.470245105362565141e+01,2.552346836354713142e+07
1.398845932982211889e+04,1.000000000000000000e+00,1.000000000000000000e+00,1.104779506069977213e+00,1.359646929309905161e+01,3.017978031713452563e+07
3.769798982899416842e+03,5.000000000000000000e+00,1.000000000000000000e+00,1.083233801578404876e+00,1.220648792703201124e+01,9.233997223575985059e+06
1.356561637142598374e+04,5.000000000000000000e+00,3.000000000000000000e+00,1.008917730892917808e+00,1.241765556922641700e+01,4.190046621207971871e+07
7.908639752772603060e+03,8.000000000000000000e+00,1.000000000000000000e+00,1.183644194174960251e+00,1.762264589074078458e+01,2.043752786064209789e+07
1.260306669649105606e+04,7.000000000000000000e+00,3.000000000000000000e+00,1.112030767172568657e+00,3.159681525896839105e+01,4.385227635672648251e+07
1.377843191531852881e+03,3.000000000000000000e+00,3.000000000000000000e+00,8.774293537389539210e-01,2.387881829823353641e+01,4.144303685934679583e+06
9.557507625379481397e+03,7.000000000000000000e+00,3.000000000000000000e+00,1.321524686498296575e+00,8.026602951980098766e+00,3.940337717776504904e+07
1.073166734325801917e+04,4.000000000000000000e+00,3.000000000000000000e+00,1.015407699286279053e+00,2.018937255516201645e+01,3.341909376053846255e+07
4.757932215386740609e+03,7.000000000000000000e+00,1.000000000000000000e+00,1.059547057974892459e+00,8.709950490842777171e+00,1.229014819142652862e+07
3.308698891074941457e+03,2.000000000000000000e+00,2.000000000000000000e+00,9.234002339981475238e-01,1.818642342025320247e+01,7.531054420109513216e+06
4.256401478438647246e+03,1.000000000000000000e+00,3.000000000000000000e+00,1.132038924570733407e+00,1.810560426909950849e+01,1.402476345070037059e+07
7.276336914428951786e+03,1.000000000000000000e+00,2.000000000000000000e+00,1.221233037457149617e+00,2.545057997128937188e+01,2.383617644716933742e+07
2.478116896516446104e+03,8.000000000000000000e+00,1.000000000000000000e+00,1.328699192375563776e+00,2.248361900889302945e+01,8.238764046135524288e+06
1.897800403715432549e+04,1.000000000000000000e+00,2.000000000000000000e+00,8.309645989833576163e-01,3.224264347017258103e+01,3.808562316277416795e+07
8.456884793018856726e+03,8.000000000000000000e+00,3.000000000000000000e+00,1.383999145819626797e+00,6.488255479964170291e+00,3.911007491732796282e+07
1.629401028863093052e+04,6.000000000000000000e+00,3.000000000000000000e+00,1.222290645212213978e+00,2.921996466283947314e+01,6.569546270417000353e+07
1.950369218831162652e+04,2.000000000000000000e+00,2.000000000000000000e+00,9.705792106469104397e-01,6.679750228675252366e+00,4.990453577919649333e+07
2.166264432053138989e+03,7.000000000000000000e+00,1.000000000000000000e+00,9.226848530083796573e-01,1.512869485429098049e+01,4.757271992493095808e+06
1.324238767793888474e+04,2.000000000000000000e+00,1.000000000000000000e+00,9.776527511927587399e-01,3.238989414538690426e+01,2.587775977506955713e+07
1.750533628277954995e+04,2.000000000000000000e+00,1.000000000000000000e+00,1.325435450999865372e+00,2.671242515031365272e+01,4.444865177482162416e+07
1.290414801895452911e+04,5.000000000000000000e+00,2.000000000000000000e+00,9.748341039175703049e-01,1.115990035098429800e+01,3.362672470224678516e+07
8.923106754333806748e+03,3.000000000000000000e+00,1.000000000000000000e+00,1.077692680734341435e+00,2.072353632335828877e+01,1.907137681380537525e+07
8.962881338176002828e+03,3.000000000000000000e+00,2.000000000000000000e+00,1.223442832545339476e+00,2.765712542933957252e+01,2.779921229704203084e+07
1.296438388542762823e+03,2.000000000000000000e+00,1.000000000000000000e+00,1.323193918234331301e+00,3.412029964018587691e+01,4.126112052703465801e+06
1.097125457501194069e+04,5.000000000000000000e+00,1.000000000000000000e+00,1.195142697407662435e+00,2.502963597654611050e+01,2.998674559269594029e+07
1.987473413766484009e+04,1.000000000000000000e+00,1.000000000000000000e+00,1.251865517920653481e+00,6.740262342987819011e+00,4.769540983749517798e+07
1.919892600385552214e+04,2.000000000000000000e+00,1.000000000000000000e+00,9.039960777775734035e-01,2.099105579088850604e+01,3.577369885202729702e+07
1.383745039537965567e+03,5.000000000000000000e+00,3.000000000000000000e+00,1.326444696614683227e+00,1.058884917512483170e+01,5.632698027776618488e+06
1.429246187041207122e+04,4.000000000000000000e+00,3.000000000000000000e+00,9.654315101708663693e-01,7.433386514247639631e+00,4.268401625286909193e+07
6.454238413920457788e+03,6.000000000000000000e+00,3.000000000000000000e+00,8.770268984339094631e-01,2.395531904044752736e+01,1.784571801693159342e+07
1.811798957607905322e+04,2.000000000000000000e+00,2.000000000000000000e+00,1.385746574204401504e+00,2.930765707531273279e+01,6.143171950552994758e+07
1.475226066760003505e+03,6.000000000000000000e+00,1.000000000000000000e+00,9.209839552724965461e-01,7.081816664892128799e+00,3.436888930390524212e+06
1.875595757901496472e+04,7.000000000000000000e+00,3.000000000000000000e+00,8.819911820467859487e-01,2.950767812896558340e+01,5.700517209020143747e+07
1.684702942948287091e+04,4.000000000000000000e+00,2.000000000000000000e+00,1.175612540061071964e+00,2.719163639434526303e+01,5.151222606664457172e+07
2.879585015700469285e+03,3.000000000000000000e+00,3.000000000000000000e+00,9.913178896976571064e-01,2.855960664505084168e+01,1.044075209717312269e+07
1.760592143955604342e+03,5.000000000000000000e+00,2.000000000000000000e+00,8.800095231082960545e-01,1.334185118147101434e+01,4.261856285095067695e+06
1.679332868794255774e+04,5.000000000000000000e+00,2.000000000000000000e+00,1.160672670329525591e+00,1.780786366480287342e+01,5.432203357689174265e+07
3.621698816906839966e+03,1.000000000000000000e+00,2.000000000000000000e+00,1.255391136333341207e+00,9.592524816216569050e+00,1.046808843870048784e+07
1.097702416773188816e+04,5.000000000000000000e+00,1.000000000000000000e+00,1.275919024524293732e+00,1.316672850703399433e+01,3.007526333392042667e+07
1.836545024284696410e+04,2.000000000000000000e+00,2.000000000000000000e+00,8.933075606073634933e-01,1.508369014432290278e+01,3.853970734520341456e+07
1.160849340285687322e+04,5.000000000000000000e+00,3.000000000000000000e+00,1.134120240763965226e+00,1.558309918610358480e+01,4.209194960409630090e+07
8.306326048572787840e+03,8.000000000000000000e+00,1.000000000000000000e+00,1.288207022408876412e+00,1.125119664290435395e+01,2.485378654505580664e+07
9.233311464167449230e+03,5.000000000000000000e+00,1.000000000000000000e+00,8.966522068545111912e-01,1.166135394213430132e+01,1.782800139815301821e+07
1.824473111655097682e+03,7.000000000000000000e+00,3.000000000000000000e+00,9.246093510624049383e-01,3.304411199376480113e+01,6.632600017980181612e+06
1.939379503441501583e+04,3.000000000000000000e+00,2.000000000000000000e+00,8.014468384590066607e-01,2.951680844446817531e+01,3.900128352313223481e+07
6.626691190573005770e+03,8.000000000000000000e+00,3.000000000000000000e+00,1.114780493837172815e+00,1.633433110474312144e+01,2.547536790609727427e+07
4.273651738453363578e+03,7.000000000000000000e+00,2.000000000000000000e+00,9.168090181171705266e-01,3.442930618442882462e+01,1.205794160011154972e+07
6.149317655703668606e+03,8.000000000000000000e+00,2.000000000000000000e+00,1.234545545436139369e+00,1.316768138376971820e+01,2.044787669453986362e+07
1.930883998089468878e+04,6.000000000000000000e+00,3.000000000000000000e+00,1.377328313370563384e+00,1.820461360350152091e+01,8.315780454034708440e+07
2.429149437667335860e+03,6.000000000000000000e+00,2.000000000000000000e+00,9.252532933994421782e-01,3.040575934303711847e+01,6.843317793391943909e+06
1.742567898572291961e+04,5.000000000000000000e+00,1.000000000000000000e+00,1.189458207058119665e+00,1.928659110610880134e+01,4.607464041835813969e+07
1.433217155138808630e+04,8.000000000000000000e+00,2.000000000000000000e+00,9.271006768751068883e-01,1.303875968724437939e+01,3.994504444847406447e+07
1.670237207568514714e+04,7.000000000000000000e+00,1.000000000000000000e+00,8.108041153878224883e-01,1.705606402864464854e+01,3.052920417186059058e+07
1.953241228313718966e+04,4.000000000000000000e+00,2.000000000000000000e+00,1.255132516528750797e+00,2.102163217124044792e+01,6.296888349434978515e+07
1.693780031702731503e+04,1.000000000000000000e+00,3.000000000000000000e+00,1.060402805990535713e+00,2.461933150981012020e+01,4.999586321220345050e+07
1.890161761479034612e+04,1.000000000000000000e+00,1.000000000000000000e+00,1.368072116908791713e+00,1.816819498744569827e+01,5.155038614439176023e+07
3.062543981743843688e+03,2.000000000000000000e+00,3.000000000000000000e+00,1.120571529286043422e+00,1.893912993359922581e+01,1.037384979631014541e+07
1.603829816423921875e+04,1.000000000000000000e+00,2.000000000000000000e+00,8.944897213854103857e-01,1.391830838404275639e+01,3.439736243982060254e+07
1.118610846517232676e+04,2.000000000000000000e+00,1.000000000000000000e+00,1.069864665078366750e+00,2.206041895252235108e+01,2.437989050736589730e+07
1.114381454454929735e+04,1.000000000000000000e+00,1.000000000000000000e+00,9.217350768836098940e-01,1.258368701308639004e+01,2.079319890871798247e+07
1.803907858061796287e+04,8.000000000000000000e+00,3.000000000000000000e+00,1.326817563611944584e+00,3.202578654324227614e+01,7.912612964867497981e+07
1.945299408174619748e+04,1.000000000000000000e+00,3.000000000000000000e+00,1.214541908532514869e+00,2.842101210798904276e+01,6.594429323210132867e+07
1.427386346703771051e+04,6.000000000000000000e+00,3.000000000000000000e+00,1.004743282792822212e+00,1.830836965242552239e+01,4.724234016326043010e+07
9.969004755752608617e+03,3.000000000000000000e+00,2.000000000000000000e+00,1.116692193684284184e+00,2.841683541098543131e+01,2.528258268827805668e+07
9.454234843295798782e+03,2.000000000000000000e+00,2.000000000000000000e+00,1.201688112927816965e+00,6.209878254281190557e+00,2.742479276780240983e+07
8.095024270129726574e+03,6.000000000000000000e+00,2.000000000000000000e+00,1.269714629987255039e+00,1.633467667927189737e+01,2.686313438760013133e+07
7.615021173709655159e+03,8.000000000000000000e+00,2.000000000000000000e+00,8.480883259223250814e-01,1.920903444440365604e+01,1.959205001797270030e+07
8.195232728677969135e+03,7.000000000000000000e+00,1.000000000000000000e+00,8.135113051971480935e-01,2.009395522637091958e+01,1.518035691112283804e+07
2.341212763873188123e+03,8.000000000000000000e+00,1.000000000000000000e+00,8.686716183019339566e-01,2.846194433131016766e+01,5.250894541661628522e+06
2.102260054052501346e+03,5.000000000000000000e+00,3.000000000000000000e+00,1.036997786103537766e+00,3.488422282685141340e+01,7.691539482647205703e+06
1.572947497112284691e+04,6.000000000000000000e+00,2.000000000000000000e+00,1.080023966049255213e+00,1.739991391328409165e+01,4.520045958740543574e+07
9.253814122652385777e+03,2.000000000000000000e+00,1.000000000000000000e+00,8.818769781283090081e-01,1.651799548583624144e+01,1.645484151231373288e+07
1.865527907776563734e+04,7.000000000000000000e+00,3.000000000000000000e+00,1.046691882739763102e+00,2.431545679741188337e+01,6.485638470459404588e+07
1.247708756672267737e+04,6.000000000000000000e+00,1.000000000000000000e+00,1.064973671817098344e+00,1.443760842574736714e+01,2.901279196126221865e+07
1.282414054377743241e+03,3.000000000000000000e+00,2.000000000000000000e+00,8.654539782064920583e-01,1.024051001445567621e+01,3.000471941553463228e+06
3.655952821559101722e+03,3.000000000000000000e+00,1.000000000000000000e+00,1.349995976117440488e+00,3.484622611476596177e+01,1.053311079621574096e+07
4.592903984452346776e+03,5.000000000000000000e+00,2.000000000000000000e+00,1.159487556552624588e+00,3.028589870427066089e+01,1.413245350009463914e+07
1.952927887315941553e+04,1.000000000000000000e+00,2.000000000000000000e+00,1.033121318273769296e+00,3.475498659072383134e+01,4.941110453178129345e+07
4.842861987341716485e+03,7.000000000000000000e+00,3.000000000000000000e+00,1.104144310083323921e+00,1.253498636051750026e+01,1.805765974724371359e+07
1.060566011998819522e+04,3.000000000000000000e+00,3.000000000000000000e+00,9.885184918812840449e-01,6.534276449090117289e+00,2.973484433523450419e+07
1.876183247381980618e+04,1.000000000000000000e+00,3.000000000000000000e+00,1.312598618986755783e+00,1.911784727214319446e+01,7.281222511489875615e+07
1.955753896033853380e+04,3.000000000000000000e+00,1.000000000000000000e+00,1.145009024941102238e+00,3.400826888974744122e+01,4.812829008972922713e+07
5.185392446440764616e+03,7.000000000000000000e+00,1.000000000000000000e+00,1.096937488636126057e+00,1.014976016615276677e+01,1.351639620260457695e+07
1.552882288750778571e+03,3.000000000000000000e+00,3.000000000000000000e+00,1.346531241857358507e+00,9.515565685037952193e+00,6.573133983580254950e+06
3.579875551232514681e+03,5.000000000000000000e+00,3.000000000000000000e+00,1.302787818940440712e+00,8.068583527375261966e+00,1.520051807375400327e+07
1.828572486829626996e+03,7.000000000000000000e+00,1.000000000000000000e+00,1.287681134855509502e+00,2.895053996795924434e+01,6.528750397830084898e+06
4.385410277191325804e+03,1.000000000000000000e+00,1.000000000000000000e+00,9.353655225391065420e-01,2.957779601500616806e+01,8.632878886507518589e+06
1.163025246525246621e+04,7.000000000000000000e+00,2.000000000000000000e+00,8.918738668810141101e-01,2.686128166990392074e+01,2.807467413868609443e+07
1.830150664813545154e+04,3.000000000000000000e+00,1.000000000000000000e+00,1.214057911827648439e+00,7.598755353670082258e+00,4.288030122801980376e+07
1.102204634367019571e+04,6.000000000000000000e+00,1.000000000000000000e+00,1.081185353804837490e+00,2.769865007445611482e+01,2.871965913759355247e+07
1.274419739996216595e+04,2.000000000000000000e+00,3.000000000000000000e+00,1.210227627774106196e+00,1.945886425385061358e+01,4.876418558482522517e+07
4.516224681225097811e+03,2.000000000000000000e+00,2.000000000000000000e+00,1.256376339266669806e+00,1.073683265809814813e+01,1.370049392270677164e+07
1.613132224107269212e+04,7.000000000000000000e+00,1.000000000000000000e+00,9.771881044068505551e-01,1.485378031453806180e+01,3.468141175401933491e+07
1.258510482500831495e+04,7.000000000000000000e+00,2.000000000000000000e+00,9.707902598736852795e-01,2.103440519798882846e+01,3.380233449936612695e+07
1.736425448633886117e+04,8.000000000000000000e+00,2.000000000000000000e+00,1.094498939754910083e+00,1.588954416809043124e+01,5.663577704586199671e+07
1.900755627591221128e+04,6.000000000000000000e+00,2.000000000000000000e+00,9.641295881158984393e-01,3.509247680224777355e+01,4.776385159517142922e+07
7.349275049677889911e+03,4.000000000000000000e+00,3.000000000000000000e+00,1.200377165609719743e+00,2.024225225121598015e+01,2.536818987436977401e+07
2.357233735587523370e+03,2.000000000000000000e+00,1.000000000000000000e+00,1.248038267528430056e+00,1.716451530756430799e+01,6.856288775551745668e+06
4.983021783585580124e+03,3.000000000000000000e+00,2.000000000000000000e+00,1.083223367631946488e+00,2.619496286904109894e+01,1.443528469878756441e+07
9.094126374111241603e+03,6.000000000000000000e+00,3.000000000000000000e+00,1.234279859359185938e+00,2.551635170567744382e+01,3.729284716744789481e+07
1.894645684539478316e+04,3.000000000000000000e+00,2.000000000000000000e+00,1.106262541442465608e+00,6.073178412158022788e+00,5.253583132829748094e+07
7.939210554044256241e+03,4.000000000000000000e+00,3.000000000000000000e+00,1.227723033180205370e+00,2.455421094902228774e+01,3.104451451066129655e+07
1.555300034510817750e+04,2.000000000000000000e+00,2.000000000000000000e+00,9.349809486774351974e-01,1.331306924307101092e+01,3.391870422768833488e+07
1.108524782811264777e+04,4.000000000000000000e+00,2.000000000000000000e+00,1.243305827559824994e+00,1.725700924763764732e+01,3.477931078240721673e+07
4.146490146360944891e+03,2.000000000000000000e+00,3.000000000000000000e+00,1.229074414074210697e+00,2.719046672204532911e+01,1.563294098845949769e+07
6.822241907696960880e+03,1.000000000000000000e+00,2.000000000000000000e+00,9.599634242295065345e-01,2.272158663032087489e+01,1.480654733025868982e+07
1.327192256944268229e+04,2.000000000000000000e+00,3.000000000000000000e+00,1.133582594624104933e+00,1.705965432465290732e+01,4.383919005681130290e+07
1.365335585688693391e+04,5.000000000000000000e+00,3.000000000000000000e+00,1.313187000724640896e+00,1.102231055511372126e+01,5.566147417373790592e+07
9.034339088095495754e+03,3.000000000000000000e+00,3.000000000000000000e+00,9.497135881834634086e-01,2.116446561743259736e+01,2.588758688914605603e+07
5.035724691645023995e+03,1.000000000000000000e+00,1.000000000000000000e+00,1.241587870408805694e+00,1.558098070521609735e+01,1.230416176215761341e+07
1.460499152254592082e+04,5.000000000000000000e+00,2.000000000000000000e+00,1.372380030288132158e+00,3.338783425224225709e+01,5.160863691370628029e+07
3.876137007286666631e+03,2.000000000000000000e+00,3.000000000000000000e+00,1.319745151854538889e+00,2.203039920867151835e+01,1.436519696852813847e+07
1.877139202218345599e+04,1.000000000000000000e+00,2.000000000000000000e+00,1.040912049608165635e+00,3.197891982511237430e+01,4.797009891585053504e+07
4.245329433307648287e+03,2.000000000000000000e+00,1.000000000000000000e+00,1.164324639792883032e+00,1.770543085450533738e+01,1.019842114235383272e+07
2.681859838950896574e+03,4.000000000000000000e+00,1.000000000000000000e+00,1.395062080551622286e+00,3.082311491363881473e+01,8.139571477281062864e+06
1.025436542588834891e+04,8.000000000000000000e+00,3.000000000000000000e+00,1.141062446825431120e+00,7.696107065162358651e+00,3.947418731902394444e+07
1.067926220332806406e+04,2.000000000000000000e+00,1.000000000000000000e+00,8.690165614582199272e-01,1.494357076704044829e+01,1.869964761374863610e+07
1.045894254669794827e+04,3.000000000000000000e+00,1.000000000000000000e+00,8.272584528672566329e-01,8.345277991340982027e+00,1.759357323963094503e+07
9.071349293173485421e+03,2.000000000000000000e+00,3.000000000000000000e+00,1.274188705846416969e+00,6.949505421446216857e+00,3.101118683333863318e+07
1.989940892089440240e+04,3.000000000000000000e+00,1.000000000000000000e+00,1.054176995241107750e+00,3.356586735969356994e+01,4.498652740620288253e+07
1.003384388580928862e+04,6.000000000000000000e+00,3.000000000000000000e+00,9.480877343775166999e-01,2.750606233199039607e+01,2.965030829781431332e+07
9.872163666352720611e+03,3.000000000000000000e+00,2.000000000000000000e+00,1.008603218396568302e+00,2.475330193405411805e+01,2.577578352389089763e+07
8.782261616662490269e+03,6.000000000000000000e+00,3.000000000000000000e+00,1.254423719927871383e+00,2.197478428235498882e+01,3.471183615115191787e+07
1.896419641208380426e+03,8.000000000000000000e+00,2.000000000000000000e+00,1.079148401380297440e+00,2.308662108650526079e+01,6.249636087678398937e+06
1.210335864430255060e+04,8.000000000000000000e+00,3.000000000000000000e+00,1.321099695515525863e+00,2.516071144159360529e+01,5.667167373111739755e+07
5.022574781129738767e+03,5.000000000000000000e+00,3.000000000000000000e+00,1.240955353266619543e+00,3.079739384220309617e+01,2.074161581233181059e+07
1.296961421644356778e+04,6.000000000000000000e+00,1.000000000000000000e+00,1.384408490267254876e+00,2.390665667386584659e+01,4.179445854831285775e+07
1.586169161800456777e+03,8.000000000000000000e+00,3.000000000000000000e+00,1.333102260073905976e+00,2.845742289332647346e+01,7.895434035687826574e+06
1.963890976430823139e+04,7.000000000000000000e+00,3.000000000000000000e+00,9.527283270716054853e-01,1.442934155489204784e+01,6.266198439136748016e+07
9.698698532845841328e+03,3.000000000000000000e+00,1.000000000000000000e+00,1.195435539681531933e+00,3.530285213449415949e+01,2.286745018513480946e+07
1.799705420885955027e+04,2.000000000000000000e+00,1.000000000000000000e+00,8.123258207168864153e-01,6.956916253110867920e+00,2.902125151926024631e+07
9.825886760718934966e+03,1.000000000000000000e+00,1.000000000000000000e+00,1.394664034657759011e+00,1.759729785831946458e+01,2.691800132255390286e+07
1.770417880339901558e+03,8.000000000000000000e+00,1.000000000000000000e+00,9.566036652815579355e-01,3.246148654511111431e+01,4.921627207425624132e+06
1.655094279421985266e+04,5.000000000000000000e+00,2.000000000000000000e+00,1.198877056174150413e+00,1.141568888058570508e+01,5.160319441032700241e+07
1.317476435554240561e+04,3.000000000000000000e+00,3.000000000000000000e+00,1.309492172719739056e+00,1.024014278800973798e+01,5.243303618538260460e+07
1.576608672293453674e+04,3.000000000000000000e+00,2.000000000000000000e+00,8.962787976367828646e-01,1.696292300699740707e+01,3.635910739569257200e+07
8.906495352072142850e+03,3.000000000000000000e+00,1.000000000000000000e+00,1.308727605686287543e+00,1.884584101550482416e+01,2.546414842755813152e+07
1.297597283838491239e+04,7.000000000000000000e+00,2.000000000000000000e+00,8.073473994744935212e-01,3.400182181985182694e+01,2.960489996767449379e+07
1.721084267365418418e+04,5.000000000000000000e+00,1.000000000000000000e+00,1.065186282851244393e+00,3.108358604126463121e+01,4.142864425506649911e+07
1.284266959171461713e+04,8.000000000000000000e+00,3.000000000000000000e+00,1.083222573518683118e+00,1.992268913071542613e+01,4.387321937976979464e+07
7.344868515816524450e+03,3.000000000000000000e+00,1.000000000000000000e+00,1.024454427955241442e+00,3.518925302644808539e+01,1.523466647107249871e+07
1.345307413070427720e+04,4.000000000000000000e+00,3.000000000000000000e+00,1.151830847780299871e+00,2.526835212477192982e+01,4.371280164297131449e+07
1.363397125911290641e+04,1.000000000000000000e+00,2.000000000000000000e+00,1.348905409221579088e+00,3.220976195945674192e+01,4.635649069058059156e+07
1.923538707262852404e+04,8.000000000000000000e+00,1.000000000000000000e+00,9.961934685801734357e-01,1.338170941460476371e+01,4.543197498061354458e+07
7.795699037908382707e+03,5.000000000000000000e+00,3.000000000000000000e+00,1.147555932299854531e+00,2.066892222899948450e+01,2.958705835715909675e+07
8.846586289774144461e+03,5.000000000000000000e+00,2.000000000000000000e+00,1.326477515445993571e+00,6.891516400692998978e+00,3.030810289518890157e+07
1.635518544702894724e+04,4.000000000000000000e+00,3.000000000000000000e+00,1.263797237060826806e+00,6.266405797993465754e+00,6.205223032616999000e+07
1.041178890600918021e+04,3.000000000000000000e+00,2.000000000000000000e+00,8.244399588832976855e-01,2.716359662818393517e+01,2.220247949520856515e+07
1.488951800644522154e+04,8.000000000000000000e+00,3.000000000000000000e+00,1.365674458476597408e+00,9.548808673968022021e+00,7.227907927340151370e+07
9.518363610399686877e+03,4.000000000000000000e+00,2.000000000000000000e+00,8.279881425551677276e-01,2.243424711332452759e+01,2.230971288351538777e+07
4.780605751166389382e+03,6.000000000000000000e+00,1.000000000000000000e+00,1.153255084624597693e+00,2.688022446630060003e+01,1.317208818171235733e+07
1.505695454995160981e+04,1.000000000000000000e+00,1.000000000000000000e+00,1.145212172189098876e+00,6.967037586889177625e+00,3.424634386629377306e+07
3.144410282183372601e+03,3.000000000000000000e+00,2.000000000000000000e+00,1.271834138421389593e+00,1.946224197437046044e+01,1.112876416969037242e+07
4.452523072507376128e+03,7.000000000000000000e+00,2.000000000000000000e+00,8.890658311093866395e-01,2.652455810957519233e+01,1.147021525845223852e+07
1.276040466601364642e+04,1.000000000000000000e+00,3.000000000000000000e+00,9.076222352376223101e-01,3.269192963564550070e+01,3.329599232905227691e+07
1.509703412372615458e+04,1.000000000000000000e+00,2.000000000000000000e+00,1.251264159643016294e+00,1.497690301804969337e+01,4.547541818904433399e+07
1.795694500523561146e+04,7.000000000000000000e+00,3.000000000000000000e+00,8.897028514469750293e-01,3.522649589052990393e+01,5.115874090521466732e+07
5.888178049868299240e+03,3.000000000000000000e+00,1.000000000000000000e+00,1.081667076239383629e+00,3.133624498979092010e+01,1.372725918556262553e+07
2.748050616850754523e+03,3.000000000000000000e+00,2.000000000000000000e+00,1.238988854126559014e+00,2.551905216245562968e+01,8.806068212166711688e+06
1.914730519473900495e+04,5.000000000000000000e+00,3.000000000000000000e+00,1.190745157269608612e+00,1.775776521738393399e+01,7.486933343067663908e+07
3.595807907629563488e+03,2.000000000000000000e+00,1.000000000000000000e+00,9.263625116678571025e-01,2.733331128598495852e+01,7.500865277047656476e+06
4.434739455740006633e+03,1.000000000000000000e+00,1.000000000000000000e+00,9.823761552116513363e-01,3.048579807211060100e+01,9.786846265480373055e+06
6.251791399034234928e+03,1.000000000000000000e+00,3.000000000000000000e+00,1.381384941944624467e+00,1.509899624659671957e+01,2.336178661761428043e+07
1.087019226810997679e+04,1.000000000000000000e+00,2.000000000000000000e+00,1.069202372092930453e+00,3.578490194721088358e+01,3.097834503136306629e+07
1.772681598106111414e+04,2.000000000000000000e+00,3.000000000000000000e+00,8.266744858618283454e-01,3.325858109263916873e+01,4.089542179333201051e+07
1.535459284095941803e+04,6.000000000000000000e+00,2.000000000000000000e+00,9.317509396797996057e-01,2.056504321028767990e+01,3.726592642204084992e+07
1.433825654454712094e+04,3.000000000000000000e+00,3.000000000000000000e+00,1.005461053797102711e+00,2.768489747326185579e+01,4.274515828426844627e+07
3.998503016406471033e+03,1.000000000000000000e+00,3.000000000000000000e+00,1.399693642576751440e+00,2.172026683856345386e+01,1.735630041332249716e+07
7.539043051603900494e+03,1.000000000000000000e+00,3.000000000000000000e+00,9.816149284861511726e-01,2.882791656591078677e+01,2.200875181025345996e+07
9.881055566081551660e+03,4.000000000000000000e+00,1.000000000000000000e+00,8.158375092695270281e-01,3.080946611633943988e+01,1.749648481896558404e+07
3.460063497620365524e+03,7.000000000000000000e+00,2.000000000000000000e+00,1.107752946533201666e+00,6.696676654711275489e+00,1.040549900214684941e+07
5.904536221257446414e+03,3.000000000000000000e+00,1.000000000000000000e+00,8.501632309843862867e-01,8.373960891019477160e+00,9.910228712496984750e+06
6.581664156685178568e+03,1.000000000000000000e+00,1.000000000000000000e+00,9.644405592174331021e-01,1.609402247630180938e+01,1.335922601171655394e+07
3.069158247583361572e+03,2.000000000000000000e+00,1.000000000000000000e+00,1.395429905656363267e+00,3.352840897897048933e+01,9.698685893307374790e+06
1.127465002302019820e+04,4.000000000000000000e+00,2.000000000000000000e+00,1.222783111358092700e+00,1.794820749430169116e+01,3.796623920935615897e+07
1.427754701256934277e+04,2.000000000000000000e+00,2.000000000000000000e+00,8.303999775697222807e-01,3.262536645605772634e+01,3.045746731467404589e+07
1.956673650651107437e+03,8.000000000000000000e+00,3.000000000000000000e+00,1.069212031155077458e+00,1.987301737895258924e+01,6.709821466428312473e+06
9.933788174205104951e+03,7.000000000000000000e+00,1.000000000000000000e+00,9.029825075773095788e-01,1.466558760934720240e+01,1.946228826788888127e+07
1.577489718819522386e+04,3.000000000000000000e+00,2.000000000000000000e+00,8.737667938412727597e-01,3.301935549187485464e+01,3.622134383206118643e+07
1.511100850167747012e+04,8.000000000000000000e+00,3.000000000000000000e+00,1.152239248009281125e+00,2.282012306756032416e+01,5.800653697205511481e+07
1.641241806664382966e+04,3.000000000000000000e+00,3.000000000000000000e+00,1.103393533784129410e+00,1.681452885090124028e+01,5.339181819994708151e+07
9.295868283509777029e+03,2.000000000000000000e+00,1.000000000000000000e+00,1.245719950589304847e+00,7.332210108834503970e+00,2.229944346770310774e+07
1.651880740321329722e+04,8.000000000000000000e+00,3.000000000000000000e+00,1.335383736939115717e+00,9.327993973446716325e+00,7.691187070745654404e+07
5.270609581556827834e+03,8.000000000000000000e+00,1.000000000000000000e+00,9.480091144589971597e-01,1.017930982924591632e+01,1.191646149918227829e+07
7.599724891499797195e+03,3.000000000000000000e+00,2.000000000000000000e+00,1.353795191993238056e+00,1.694508871231818858e+01,2.687884124463624507e+07
4.021298182505345267e+03,5.000000000000000000e+00,2.000000000000000000e+00,1.110795063532457272e+00,2.421998867233032016e+01,1.208373766290593892e+07
9.669200064914293762e+03,2.000000000000000000e+00,3.000000000000000000e+00,9.553009509110703679e-01,1.522770343265789528e+01,2.755722661273749545e+07
8.205964434859599351e+03,6.000000000000000000e+00,3.000000000000000000e+00,1.307471502861565549e+00,7.965829012944006138e+00,3.274778492082779482e+07
5.273986058437656538e+03,6.000000000000000000e+00,3.000000000000000000e+00,8.213179508174135446e-01,1.394426211952001360e+01,1.416292760689656436e+07
1.518454575907716207e+04,6.000000000000000000e+00,3.000000000000000000e+00,1.135705626483776376e+00,1.826044952698830315e+01,5.011168381834699959e+07
6.688627378965943535e+03,5.000000000000000000e+00,2.000000000000000000e+00,1.232972921017979839e+00,3.576809786016987402e+01,2.124429165686699003e+07
5.892404004829212681e+03,6.000000000000000000e+00,3.000000000000000000e+00,9.679866122936859885e-01,1.778960714252816189e+01,1.849093935980594903e+07
3.139272418499604100e+03,5.000000000000000000e+00,1.000000000000000000e+00,1.318095150537930582e+00,8.675862562423318991e+00,9.956446244699420407e+06
9.113141014957804146e+03,7.000000000000000000e+00,2.000000000000000000e+00,9.441707380147909001e-01,2.343344443421800349e+01,2.258111057786614075e+07
6.477513799443659082e+03,2.000000000000000000e+00,1.000000000000000000e+00,1.303924569639043352e+00,3.358920217878868897e+01,1.684002402335029840e+07
7.763893122014790606e+03,4.000000000000000000e+00,3.000000000000000000e+00,8.471269782994743647e-01,2.960087096585250066e+01,2.107145545421230420e+07
5.178346894838721710e+03,4.000000000000000000e+00,3.000000000000000000e+00,8.959565551210587619e-01,3.108654927561709869e+01,1.605272142952430807e+07
1.540521650250606945e+04,5.000000000000000000e+00,3.000000000000000000e+00,1.028590750341144888e+00,3.384695388306991504e+01,5.093089699180289358e+07
1.864206493868151665e+04,2.000000000000000000e+00,3.000000000000000000e+00,1.312433307678907646e+00,2.509630510156614136e+01,7.412505338969013095e+07
1.025987794410442075e+04,3.000000000000000000e+00,1.000000000000000000e+00,8.867512190760694635e-01,3.584768191960495898e+01,1.926060507687489688e+07
1.307416941281215259e+04,8.000000000000000000e+00,3.000000000000000000e+00,1.325262943876544863e+00,6.998447096389524447e+00,5.700910691132670641e+07
1.742314216617009879e+04,1.000000000000000000e+00,2.000000000000000000e+00,9.378389159676762121e-01,3.104519028430686589e+01,4.012384147145631164e+07
1.997729496427297636e+04,6.000000000000000000e+00,3.000000000000000000e+00,1.071505039156717132e+00,3.171032008566784910e+01,6.759694515414221585e+07
1.250221980375874227e+04,6.000000000000000000e+00,3.000000000000000000e+00,1.011640642556202563e+00,3.350101172285894791e+01,4.258846803072880954e+07
1.786172165087345275e+04,4.000000000000000000e+00,2.000000000000000000e+00,8.708757359687141486e-01,2.034508372907547269e+01,3.803015843916009367e+07
1.822699998317945574e+04,1.000000000000000000e+00,1.000000000000000000e+00,1.366585843711483950e+00,2.963267770861800088e+01,5.106841287021177262e+07
1.595415886346787374e+04,1.000000000000000000e+00,2.000000000000000000e+00,1.062906974451327979e+00,1.185241197363539456e+01,4.105946392043288052e+07
9.542068986818338090e+03,3.000000000000000000e+00,2.000000000000000000e+00,1.214198756813716695e+00,2.409390675534643123e+01,2.954304920632164553e+07
2.174387608223646566e+03,1.000000000000000000e+00,3.000000000000000000e+00,1.145160605998418735e+00,1.675935457090384162e+01,7.021632231147387065e+06
9.066277755385965520e+02,1.000000000000000000e+00,2.000000000000000000e+00,1.101029550111324529e+00,2.388520951985926288e+01,2.875572652836144902e+06
9.857692285688737684e+03,2.000000000000000000e+00,2.000000000000000000e+00,1.169946574134109296e+00,2.626681521474900904e+01,3.041955262170564756e+07
1.018970195057158344e+04,2.000000000000000000e+00,2.000000000000000000e+00,1.339005383721457276e+00,1.641206000238536689e+01,3.369121973244394362e+07
8.502830324541662776e+03,7.000000000000000000e+00,1.000000000000000000e+00,1.219587425416465809e+00,1.248714897908615917e+01,2.382921848080194369e+07
1.162244661505247132e+04,6.000000000000000000e+00,1.000000000000000000e+00,1.119488047673132591e+00,1.565063726578004122e+01,2.791660912990971655e+07
1.131195644410588466e+04,1.000000000000000000e+00,1.000000000000000000e+00,1.187111576399585644e+00,2.591871735322327908e+01,2.680246342802288756e+07
1.683029299603424442e+04,6.000000000000000000e+00,2.000000000000000000e+00,1.163836568305412822e+00,2.630622701018431542e+01,5.060562749458487332e+07
2.707947803287890565e+03,2.000000000000000000e+00,2.000000000000000000e+00,1.059872724491787821e+00,2.823950808072296681e+01,7.797413501333595254e+06
4.968446722447582033e+03,4.000000000000000000e+00,3.000000000000000000e+00,1.174858406078270079e+00,9.796098257181180102e+00,1.839745886142396554e+07
1.598429659181683019e+04,1.000000000000000000e+00,3.000000000000000000e+00,1.066141880098498085e+00,3.055552170763384723e+01,4.996490864494282007e+07
1.704803522413889732e+04,1.000000000000000000e+00,1.000000000000000000e+00,1.254568626723147284e+00,2.664443404622866396e+01,4.084108599680244923e+07
1.989958974424483677e+04,2.000000000000000000e+00,1.000000000000000000e+00,1.381347490113371101e+00,6.915152300719174860e+00,5.436092938467377424e+07
1.753449311790943102e+04,4.000000000000000000e+00,2.000000000000000000e+00,1.375919214498337428e+00,1.606793548305152086e+01,6.399303891501192003e+07
1.786404073720322413e+04,4.000000000000000000e+00,3.000000000000000000e+00,1.292441471854988144e+00,2.000133767719431432e+01,7.063410550588300824e+07
6.698350087020154206e+03,3.000000000000000000e+00,1.000000000000000000e+00,1.161055338235691181e+00,1.681852471160444296e+01,1.615635730805192329e+07
8.392235699781900621e+03,5.000000000000000000e+00,1.000000000000000000e+00,1.249599192842444140e+00,9.522506646252393736e+00,2.446335491583980247e+07
5.800851033518690201e+03,6.000000000000000000e+00,1.000000000000000000e+00,9.068289771545327005e-01,1.222038853515021017e+01,1.139487147614637762e+07
1.236220832493868329e+04,6.000000000000000000e+00,2.000000000000000000e+00,1.087411074388353605e+00,6.736841847303976394e+00,3.803984168720746785e+07
1.881282387161654333e+04,5.000000000000000000e+00,3.000000000000000000e+00,9.543828589948186725e-01,8.792314840576885615e+00,5.389766468137600273e+07
7.286033198325383637e+03,5.000000000000000000e+00,3.000000000000000000e+00,8.020969886656083014e-01,1.398900353173634237e+01,1.916001174468398839e+07
1.140583456850013499e+04,4.000000000000000000e+00,2.000000000000000000e+00,1.380042544803245619e+00,3.059910796907191965e+01,4.254757149823749810e+07
6.348212830797609968e+03,2.000000000000000000e+00,1.000000000000000000e+00,1.318309137111104867e+00,2.179912529811601019e+01,1.691972312237792462e+07
3.894119491190525423e+03,4.000000000000000000e+00,2.000000000000000000e+00,1.108219171081956000e+00,1.873493672073318095e+01,1.103743201983971708e+07
4.386599278481920010e+03,1.000000000000000000e+00,2.000000000000000000e+00,9.524913728714040628e-01,2.586488831875647065e+01,9.832977737831009552e+06
1.724139684039720805e+03,8.000000000000000000e+00,1.000000000000000000e+00,1.215785126119542037e+00,2.224531680975015746e+01,5.227157042999578640e+06
1.901629434637959275e+04,3.000000000000000000e+00,3.000000000000000000e+00,1.060880650729956409e+00,9.945417802668787388e+00,6.189534853008750826e+07
8.415864405048014305e+03,7.000000000000000000e+00,3.000000000000000000e+00,1.282009720053619573e+00,1.267870091472568816e+01,3.414070386498443037e+07
1.678194530484089773e+04,8.000000000000000000e+00,1.000000000000000000e+00,1.399710866108569540e+00,1.267567082971822856e+01,5.434800347265359759e+07
1.381779177018000701e+04,4.000000000000000000e+00,1.000000000000000000e+00,1.009449564493922091e+00,2.399857537837026555e+01,2.807700150692493841e+07
4.323270531375056635e+03,7.000000000000000000e+00,1.000000000000000000e+00,9.466418260868286749e-01,1.984873098568039396e+01,9.583344500851577148e+06
4.003967583634303537e+03,4.000000000000000000e+00,3.000000000000000000e+00,9.604294932768548954e-01,1.762755187682560987e+01,1.166164050331305712e+07
1.635257110930457020e+04,2.000000000000000000e+00,2.000000000000000000e+00,8.560077474084032412e-01,2.269917518645364041e+01,3.489320104624059051e+07
5.735407186019024266e+03,1.000000000000000000e+00,1.000000000000000000e+00,1.036427717900093137e+00,3.510347357347671959e+01,1.221912085331431963e+07
1.831773256381832834e+04,2.000000000000000000e+00,1.000000000000000000e+00,8.104550316301456503e-01,1.542580368167630311e+01,2.862726091082371771e+07
3.317074850976118341e+03,8.000000000000000000e+00,1.000000000000000000e+00,8.686373344407654074e-01,2.160586300900551748e+01,6.953778403126975521e+06
1.374754712041670791e+04,4.000000000000000000e+00,2.000000000000000000e+00,9.630174483636022575e-01,2.041110046932346833e+01,3.337184198078578338e+07
1.640079319500011843e+04,3.000000000000000000e+00,3.000000000000000000e+00,8.959176655456884131e-01,2.749929095237534327e+01,4.231144071907104552e+07
5.163973935263513340e+03,4.000000000000000000e+00,1.000000000000000000e+00,1.239295459700435087e+00,2.790870803948748247e+01,1.472430127740273811e+07
5.958422851057381195e+03,3.000000000000000000e+00,1.000000000000000000e+00,8.633628745207402311e-01,2.787212164239121392e+01,1.106793205866636522e+07
1.931166639110051256e+04,7.000000000000000000e+00,2.000000000000000000e+00,1.319596463014714782e+00,1.204558739816234336e+01,6.441364753691542149e+07
5.733193543715470696e+03,8.000000000000000000e+00,3.000000000000000000e+00,9.326687022265717220e-01,1.947279409083563451e+01,1.793459195432724431e+07
8.941166768060928007e+03,1.000000000000000000e+00,2.000000000000000000e+00,8.651543701829406130e-01,3.033524073087412631e+01,2.003057514241379872e+07
8.990802508901902911e+03,6.000000000000000000e+00,1.000000000000000000e+00,8.060639866587551161e-01,1.744590511621931483e+01,1.583714967559422180e+07
5.508874148635861275e+03,3.000000000000000000e+00,1.000000000000000000e+00,1.229123002593287772e+00,3.552765351869786770e+01,1.563577354434399121e+07
1.565034707687955597e+04,1.000000000000000000e+00,3.000000000000000000e+00,9.539700475631252008e-01,1.694360225376597384e+01,4.150141552590457350e+07
1.557387725864561071e+04,8.000000000000000000e+00,3.000000000000000000e+00,1.105699163082664915e+00,2.093000482025904674e+01,5.936051078568232805e+07
7.939369475941441124e+03,1.000000000000000000e+00,3.000000000000000000e+00,8.669696280032934688e-01,2.023576784407640616e+01,2.095740276585771516e+07
1.680144034696623567e+04,2.000000000000000000e+00,2.000000000000000000e+00,1.391177553941749467e+00,1.900991407407727607e+01,5.901875865162418783e+07
4.733653727340646583e+03,1.000000000000000000e+00,3.000000000000000000e+00,8.752308434419732164e-01,3.136894104958864915e+01,1.189958789630869776e+07
6.835320479529657405e+02,4.000000000000000000e+00,2.000000000000000000e+00,1.047155555985126885e+00,1.065825712644040557e+01,2.033466243314518360e+06
1.168064682388137589e+04,5.000000000000000000e+00,1.000000000000000000e+00,1.310989701400679497e+00,2.302994119241949278e+01,3.498685063455369323e+07
1.988510878557614342e+04,3.000000000000000000e+00,2.000000000000000000e+00,9.469321690882440690e-01,2.455804732066270901e+01,4.651821965967107564e+07
1.349699610641561321e+03,1.000000000000000000e+00,3.000000000000000000e+00,9.601830712077040753e-01,3.153663924208112235e+01,4.656813642865857109e+06
4.635162629944135006e+03,1.000000000000000000e+00,2.000000000000000000e+00,1.285099709534439638e+00,2.427600479778325138e+01,1.464635211669151112e+07
1.066694406424943372e+04,8.000000000000000000e+00,3.000000000000000000e+00,9.640037943152076627e-01,3.480061043363342321e+01,3.550486478748497367e+07
1.631285028703049102e+04,7.000000000000000000e+00,3.000000000000000000e+00,8.017227866568877870e-01,3.216503136782786498e+01,4.124735804339563847e+07
2.327414898456032461e+03,8.000000000000000000e+00,1.000000000000000000e+00,1.056748232293969858e+00,1.646219845058194409e+01,5.899740566003059037e+06
8.267552282922550148e+03,5.000000000000000000e+00,1.000000000000000000e+00,8.075211258070850162e-01,3.179719335872503549e+01,1.458620320343152620e+07
1.509327053221979440e+04,5.000000000000000000e+00,1.000000000000000000e+00,1.345875370297620055e+00,3.475433442280366592e+01,4.484270227914357930e+07
7.807938243083414818e+03,7.000000000000000000e+00,3.000000000000000000e+00,1.185087934507532470e+00,1.371591542773759009e+01,3.078424598238273337e+07
4.263426557227396188e+03,5.000000000000000000e+00,3.000000000000000000e+00,1.149808559732745206e+00,2.430626419993225440e+01,1.627146483276537061e+07
4.392619051493794359e+03,4.000000000000000000e+00,1.000000000000000000e+00,9.209537065174178139e-01,1.445411737026406662e+01,8.668041577991344035e+06
8.554946466150888227e+03,3.000000000000000000e+00,1.000000000000000000e+00,1.219967711257181620e+00,2.548701837246652602e+01,2.118759637593033165e+07
9.900691251234287847e+03,4.000000000000000000e+00,2.000000000000000000e+00,1.206352786207007366e+00,8.809284136410656885e+00,3.126188663829853758e+07
1.731919970563067182e+04,1.000000000000000000e+00,2.000000000000000000e+00,8.362781443552189664e-01,2.802564065607172594e+01,3.400101627917869389e+07
1.305969692021907395e+04,2.000000000000000000e+00,3.000000000000000000e+00,1.328507918486343531e+00,1.859459485786028665e+01,5.335467051166114211e+07
1.399379791760072840e+04,6.000000000000000000e+00,3.000000000000000000e+00,1.147648017757883387e+00,2.361921536029310431e+01,5.184412386377718300e+07
1.966995112779659394e+04,7.000000000000000000e+00,1.000000000000000000e+00,1.275480128623166065e+00,6.775872075704944208e+00,5.569449290492808819e+07
8.589762741838891088e+03,1.000000000000000000e+00,1.000000000000000000e+00,9.577484432773065715e-01,2.686324365630984801e+01,1.702289363130918518e+07
8.425075423033089464e+03,1.000000000000000000e+00,2.000000000000000000e+00,8.732286798520725313e-01,2.087974062405730180e+01,1.812330678304617479e+07
1.851293117388075916e+04,1.000000000000000000e+00,2.000000000000000000e+00,1.221469743912070749e+00,2.475753023063526115e+01,5.124967779676582664e+07
5.369986387898137764e+03,7.000000000000000000e+00,3.000000000000000000e+00,1.276329611753097115e+00,1.547003917128522232e+01,2.188015810878389701e+07
1.475841577827561377e+04,3.000000000000000000e+00,2.000000000000000000e+00,1.031620120171574895e+00,1.037460520264243158e+01,4.026078944028683007e+07
1.523871888143181241e+04,3.000000000000000000e+00,2.000000000000000000e+00,8.142153651897867661e-01,1.906286825988426159e+01,3.185023338984729722e+07
2.497087150441595895e+03,1.000000000000000000e+00,1.000000000000000000e+00,1.290952414792318592e+00,3.431937363859090340e+01,6.663516859725483693e+06
9.683689270455530277e+03,8.000000000000000000e+00,1.000000000000000000e+00,9.236563437982644453e-01,1.283382079961415911e+01,2.110786871383949369e+07
4.490911943638147932e+03,4.000000000000000000e+00,3.000000000000000000e+00,1.003419165138492941e+00,2.627517036105755110e+01,1.413941371843230166e+07
4.196280292368222035e+03,7.000000000000000000e+00,3.000000000000000000e+00,1.176938604666278199e+00,7.495306321036241393e+00,1.580141368495936133e+07
9.598265342979797424e+03,6.000000000000000000e+00,1.000000000000000000e+00,8.599728315267816114e-01,2.754299355800785065e+01,1.793555389881444350e+07
6.214936325656460212e+03,2.000000000000000000e+00,3.000000000000000000e+00,8.431974596830779101e-01,1.315311560404479252e+01,1.626285240163638815e+07
1.604357268394189487e+04,7.000000000000000000e+00,2.000000000000000000e+00,8.154222629451646220e-01,1.954551180687997203e+01,3.371859277088310570e+07
1.820753489297535998e+04,5.000000000000000000e+00,2.000000000000000000e+00,1.349983916143673301e+00,1.703259301784322233e+01,6.312850294884042442e+07
1.617277974259429357e+04,5.000000000000000000e+00,3.000000000000000000e+00,9.868296465611934298e-01,9.385210299520664989e+00,5.051007977504677325e+07
5.760998928860305568e+03,2.000000000000000000e+00,3.000000000000000000e+00,1.196395289070279144e+00,1.636745857535327175e+01,2.184072029123329371e+07
5.918207237559002351e+03,7.000000000000000000e+00,1.000000000000000000e+00,1.393541149410645108e+00,1.650374874879556586e+01,1.932595997670197487e+07
5.541729992278867940e+03,8.000000000000000000e+00,1.000000000000000000e+00,1.201670476137166155e+00,2.166316917089254801e+01,1.526509669499916583e+07
3.219739063490979788e+03,4.000000000000000000e+00,3.000000000000000000e+00,1.115056877513707967e+00,3.517054598819962052e+01,1.260538511148519069e+07
1.890968834121199689e+04,1.000000000000000000e+00,3.000000000000000000e+00,1.112551960110343074e+00,2.010052567531890944e+01,5.718356782572037727e+07
8.399727284247146599e+03,7.000000000000000000e+00,1.000000000000000000e+00,1.026150289073330946e+00,3.343278466897901069e+01,2.037880292398048192e+07
4.958975806189950163e+03,8.000000000000000000e+00,3.000000000000000000e+00,1.159867793573051031e+00,1.984672975687666252e+01,2.014285576069194824e+07
1.702541837985992606e+04,5.000000000000000000e+00,2.000000000000000000e+00,1.375274833727422541e+00,9.226299026248184987e+00,5.985851668102234602e+07
8.344388871561135602e+03,5.000000000000000000e+00,2.000000000000000000e+00,1.272826420218986065e+00,1.290458685827820595e+01,2.915334926097950712e+07
1.281266135527531787e+03,2.000000000000000000e+00,1.000000000000000000e+00,1.054535970219942609e+00,1.822553028172800538e+01,3.091353530823719222e+06
3.741666462842844794e+03,1.000000000000000000e+00,3.000000000000000000e+00,9.994668974195199951e-01,1.576106318910554194e+01,1.135940222468974069e+07
1.300145660290969863e+04,8.000000000000000000e+00,3.000000000000000000e+00,1.330118917773872811e+00,3.197487862597474972e+01,5.439075037528654188e+07
1.578836231893144395e+04,4.000000000000000000e+00,2.000000000000000000e+00,8.814714953759562599e-01,2.635936806589653969e+01,3.705475550883131474e+07
4.692127136681030606e+03,3.000000000000000000e+00,3.000000000000000000e+00,1.309751154178580901e+00,2.334925355756020338e+01,1.866142102189340815e+07
1.839747443176315937e+04,6.000000000000000000e+00,3.000000000000000000e+00,9.530460568053994441e-01,2.073688653710071605e+01,5.934482487039673328e+07
1.710934412901199175e+04,1.000000000000000000e+00,3.000000000000000000e+00,1.229377541465550561e+00,1.791811854867200537e+01,6.028815911148739606e+07
1.705858662878497125e+04,1.000000000000000000e+00,3.000000000000000000e+00,1.283732348464897921e+00,2.436577319496034022e+01,6.616939782231696695e+07
5.016626247904753654e+03,2.000000000000000000e+00,3.000000000000000000e+00,1.086197910358083440e+00,9.738214963331429885e+00,1.648964074919155799e+07
1.580398179811119462e+03,4.000000000000000000e+00,3.000000000000000000e+00,9.153703856853646625e-01,1.087599564650716921e+01,4.680080519775984809e+06
1.742801666596212453e+04,3.000000000000000000e+00,3.000000000000000000e+00,1.306860646077425248e+00,1.509349060190099934e+01,7.069378511656968296e+07
6.532524437528207272e+03,2.000000000000000000e+00,2.000000000000000000e+00,1.020505007031988765e+00,1.113553849383223238e+01,1.720764380831081048e+07
1.260697779476640244e+04,3.000000000000000000e+00,3.000000000000000000e+00,9.924081562895115116e-01,2.631296157074449837e+01,3.881694147484926134e+07
1.534335754379416358e+04,3.000000000000000000e+00,1.000000000000000000e+00,1.106009709412063780e+00,6.743049642187358472e+00,3.171307364130258560e+07
3.088889215115731076e+03,5.000000000000000000e+00,2.000000000000000000e+00,1.061051744662350638e+00,1.080532475000250336e+01,8.571975303914595395e+06
1.574826407766952980e+04,5.000000000000000000e+00,2.000000000000000000e+00,1.209831330223234414e+00,3.307824328496410260e+01,5.395676113653093576e+07
1.880712230384467694e+04,8.000000000000000000e+00,3.000000000000000000e+00,8.823186850235992251e-01,3.592629444666260952e+01,5.363012303043505549e+07
1.473047433548033587e+04,7.000000000000000000e+00,1.000000000000000000e+00,1.061413792428723690e+00,2.062771433484279271e+01,3.683329816985958815e+07
9.159721320522827227e+03,3.000000000000000000e+00,2.000000000000000000e+00,1.335021086735122431e+00,2.086110219065274762e+01,3.222267723556171730e+07
1.760755589178303489e+04,8.000000000000000000e+00,1.000000000000000000e+00,8.216376256638353581e-01,2.920196286712314659e+01,3.289416164179845154e+07
1.083267802340764320e+04,5.000000000000000000e+00,3.000000000000000000e+00,1.074402999891995947e+00,7.085687328617251701e+00,3.373819224287214875e+07
1.504855599964503017e+04,2.000000000000000000e+00,3.000000000000000000e+00,1.196319179831126123e+00,1.881064445702934407e+01,5.185368144600611925e+07
1.651781531085691677e+04,3.000000000000000000e+00,1.000000000000000000e+00,1.332626652225191055e+00,8.994836454448794427e+00,4.905952155057515949e+07
1.513744551696071539e+04,6.000000000000000000e+00,3.000000000000000000e+00,1.156271736159905306e+00,1.802779147969457796e+01,5.461627670117138326e+07
6.184384595334186997e+03,7.000000000000000000e+00,2.000000000000000000e+00,1.294690562743597173e+00,3.551465523386624312e+01,2.225651427554110065e+07
2.886171677573122906e+03,3.000000000000000000e+00,3.000000000000000000e+00,9.336146113755718901e-01,2.860899842410083238e+01,8.428431479753518477e+06
5.223767469623966463e+03,2.000000000000000000e+00,3.000000000000000000e+00,1.011685661736715813e+00,3.555137627055653837e+01,1.712039078482576832e+07
1.035577377741885357e+04,2.000000000000000000e+00,1.000000000000000000e+00,1.365279364356825509e+00,2.838145877011805140e+01,2.868743164152529463e+07
1.040237229248605945e+04,1.000000000000000000e+00,1.000000000000000000e+00,1.331585067855611815e+00,2.424330215419765011e+01,2.692536682763476670e+07
1.190330037670202910e+04,6.000000000000000000e+00,2.000000000000000000e+00,1.134771789613222559e+00,2.862662498781730136e+01,3.928845271629671007e+07
8.264975648429082867e+03,5.000000000000000000e+00,1.000000000000000000e+00,1.085293002676907204e+00,2.577275018912954252e+01,2.034572257388467342e+07
1.586569280013053685e+04,4.000000000000000000e+00,1.000000000000000000e+00,1.070640434872675018e+00,1.992198089705725295e+01,3.477822796603583544e+07
1.831518275673583048e+04,6.000000000000000000e+00,3.000000000000000000e+00,8.352737969402096452e-01,1.477639002015630076e+01,4.700049521786899120e+07
5.386466037501742903e+03,7.000000000000000000e+00,3.000000000000000000e+00,1.335426262373939910e+00,2.160534178003064909e+01,2.523315324457023665e+07
1.488855042341662738e+04,7.000000000000000000e+00,2.000000000000000000e+00,1.290889705049201197e+00,1.375480421704291523e+01,5.342547769874648750e+07
1.375265393937386580e+04,2.000000000000000000e+00,1.000000000000000000e+00,1.073750686836720369e+00,2.060029039326435907e+01,2.816963185456959531e+07
1.074795568601870946e+04,5.000000000000000000e+00,1.000000000000000000e+00,9.676639836316840437e-01,1.038406217763257899e+01,2.095879173724148795e+07
4.257486537158708416e+03,8.000000000000000000e+00,3.000000000000000000e+00,1.005752363855918263e+00,2.296185296910122275e+01,1.424756372216319107e+07
1.602750581650456479e+04,7.000000000000000000e+00,1.000000000000000000e+00,8.738963515237336832e-01,1.335851072436314269e+01,3.016945572857926041e+07
1.923614994119935363e+04,3.000000000000000000e+00,1.000000000000000000e+00,1.233073844783433515e+00,1.480824311824708950e+01,4.493099457542730868e+07
1.460362484533210045e+04,4.000000000000000000e+00,2.000000000000000000e+00,1.134001913932914496e+00,2.097084425347165393e+01,4.134829316089273989e+07
1.840648393453923927e+04,8.000000000000000000e+00,2.000000000000000000e+00,9.404620536949369614e-01,1.087578759064742329e+01,4.728316060457783192e+07
1.969319413999119570e+04,1.000000000000000000e+00,2.000000000000000000e+00,1.173803343246613728e+00,3.487139650907757016e+01,5.530714974915894121e+07
7.429783080241220887e+03,5.000000000000000000e+00,2.000000000000000000e+00,1.387538128552984862e+00,1.940832946178628404e+01,2.957708061639782041e+07
1.298153692677093568e+04,1.000000000000000000e+00,3.000000000000000000e+00,8.734370812857075173e-01,1.656837688880253268e+01,3.237975170212645829e+07
9.794295110178713003e+03,8.000000000000000000e+00,2.000000000000000000e+00,1.075091006375196612e+00,6.875898152777427441e+00,2.966562629312739521e+07
1.974059768914666347e+04,1.000000000000000000e+00,3.000000000000000000e+00,1.096495292553276046e+00,3.129763089336698556e+01,6.374460602329754829e+07
2.419871785749863193e+03,1.000000000000000000e+00,2.000000000000000000e+00,9.000783282942814711e-01,2.477501745919153109e+01,5.791251790771224536e+06
8.600073337366156920e+03,3.000000000000000000e+00,2.000000000000000000e+00,1.118948126598388715e+00,1.849215464523891939e+01,2.510790333400821686e+07
1.758545746382838115e+04,2.000000000000000000e+00,2.000000000000000000e+00,1.163586355128853889e+00,1.336598398015427236e+01,5.123992077501226962e+07
6.110595424214399827e+03,4.000000000000000000e+00,3.000000000000000000e+00,8.944067232910971610e-01,2.835412256026155475e+01,1.753892571405779943e+07
1.588318130239413040e+04,3.000000000000000000e+00,3.000000000000000000e+00,8.928343394053258608e-01,3.436423727225001556e+01,4.808696235518845916e+07
8.025993357936960820e+03,3.000000000000000000e+00,1.000000000000000000e+00,1.313809229380253463e+00,1.742429116956060398e+01,2.282845352290009335e+07
1.961158367386907048e+04,5.000000000000000000e+00,3.000000000000000000e+00,9.868324620020269000e-01,1.004628205137693797e+01,5.828779222147843242e+07
1.774047882661992480e+04,5.000000000000000000e+00,3.000000000000000000e+00,1.178200032247178619e+00,9.275842418182120852e+00,6.673296138264383376e+07
6.445614938654737671e+03,8.000000000000000000e+00,3.000000000000000000e+00,1.176063845405128427e+00,6.190859170016577373e+00,2.473098653145120665e+07
1.554174640263438960e+04,4.000000000000000000e+00,1.000000000000000000e+00,1.303502525349581109e+00,2.831866322315165974e+01,4.394595840949701518e+07
7.135016950365412413e+03,5.000000000000000000e+00,3.000000000000000000e+00,1.243936778738913951e+00,3.544186157705011908e+01,2.713146278682499751e+07
1.236343910018138013e+04,6.000000000000000000e+00,1.000000000000000000e+00,1.304345860062966711e+00,3.578453258260704217e+01,3.466423451617758721e+07
1.337452690682986395e+04,2.000000000000000000e+00,1.000000000000000000e+00,1.175128873790399320e+00,2.952591763028776484e+01,3.259438127355488017e+07
1.669415093626267480e+04,6.000000000000000000e+00,3.000000000000000000e+00,1.069674296308396499e+00,1.086551334888130782e+01,5.982232053204306960e+07
1.074346313111088648e+03,7.000000000000000000e+00,1.000000000000000000e+00,1.036139912787844786e+00,3.533128367739364251e+01,3.447521683772935998e+06
4.871063088354613683e+03,3.000000000000000000e+00,3.000000000000000000e+00,1.027417859996861527e+00,1.583440329005852831e+01,1.589736281266178563e+07
1.441120552541842699e+04,2.000000000000000000e+00,2.000000000000000000e+00,1.051035858745494656e+00,1.600858828477630880e+01,3.822421784025646746e+07
1.153235079720902468e+04,3.000000000000000000e+00,1.000000000000000000e+00,8.775855512922622337e-01,2.662010858677316705e+01,2.153505152259767801e+07
1.021473851710217605e+04,3.000000000000000000e+00,1.000000000000000000e+00,1.054375022601900191e+00,7.471475612233541952e+00,2.179064069921148568e+07
1.671073160134820910e+03,5.000000000000000000e+00,3.000000000000000000e+00,1.033666944321572689e+00,3.077309189722677729e+01,6.385637450580315664e+06
7.356552139152250675e+03,7.000000000000000000e+00,3.000000000000000000e+00,8.207429979909389717e-01,3.591891829463232000e+01,2.153505578062400594e+07
1.738294449906657610e+04,5.000000000000000000e+00,2.000000000000000000e+00,9.650784531958039869e-01,2.925209334269752048e+01,4.490603407347287238e+07
1.199321038499024326e+03,2.000000000000000000e+00,3.000000000000000000e+00,1.251144184844130036e+00,2.945029473621999472e+01,5.095716897191801108e+06
8.290862966077354940e+03,3.000000000000000000e+00,1.000000000000000000e+00,1.146767342845775195e+00,1.770941011699652989e+01,2.117711090871521086e+07
1.893587678081298873e+04,6.000000000000000000e+00,2.000000000000000000e+00,1.283700498053617967e+00,7.977641670469707513e+00,6.577725060043452680e+07
1.587086250173283815e+03,3.000000000000000000e+00,1.000000000000000000e+00,1.125612826628458851e+00,2.978002302703269777e+01,4.415573489136446267e+06
1.514429157026595385e+04,5.000000000000000000e+00,2.000000000000000000e+00,1.312450259285160348e+00,2.391474260714401723e+01,5.409878140019471943e+07
5.597684753931507657e+03,6.000000000000000000e+00,1.000000000000000000e+00,1.277640259761029906e+00,3.328016067366253594e+01,1.645668982317199744e+07
1.741221134378124407e+04,3.000000000000000000e+00,2.000000000000000000e+00,8.589707420853482933e-01,9.478887005004976274e+00,3.668301394899609685e+07
1.507371879181168151e+04,6.000000000000000000e+00,2.000000000000000000e+00,1.386203820809595477e+00,1.515369189282324847e+01,5.765468550659809262e+07
1.778268031465223976e+04,4.000000000000000000e+00,2.000000000000000000e+00,8.088484681407973609e-01,1.681968461170159301e+01,3.747172706846859306e+07
4.788940934366560214e+03,2.000000000000000000e+00,2.000000000000000000e+00,1.158102822757771211e+00,2.649839125634074222e+01,1.536002795087234303e+07
1.090707944348093588e+04,3.000000000000000000e+00,2.000000000000000000e+00,1.275506905590057194e+00,2.963235489309465009e+01,3.692822056076293439e+07
1.571783690535113419e+04,4.000000000000000000e+00,2.000000000000000000e+00,9.991364839105421058e-01,3.483061225753260715e+01,4.040193991144193709e+07
5.366575014102631030e+03,1.000000000000000000e+00,1.000000000000000000e+00,1.159141875378294717e+00,1.486221474972463241e+01,1.286634959653124958e+07
5.076478322184008903e+03,8.000000000000000000e+00,1.000000000000000000e+00,1.017273518508468921e+00,2.080909225692741771e+01,1.250474291028777882e+07
1.127333389853149583e+03,5.000000000000000000e+00,2.000000000000000000e+00,8.363689850045011864e-01,6.868827902438952471e+00,2.800258248917042278e+06
1.919519670312377639e+04,1.000000000000000000e+00,3.000000000000000000e+00,8.050769114535986093e-01,1.358963634326663694e+01,4.345146432496101409e+07
1.437432747305969315e+04,7.000000000000000000e+00,3.000000000000000000e+00,8.569172180667130601e-01,1.722010524358920946e+01,4.110939570932453126e+07
1.292987086779758647e+04,7.000000000000000000e+00,2.000000000000000000e+00,8.590457564720280770e-01,2.381418619576344753e+01,3.112776901669087261e+07
1.503349762028282385e+04,1.000000000000000000e+00,3.000000000000000000e+00,1.166533866436249900e+00,2.012536480797522387e+01,5.060191441521798819e+07
1.091329062269152382e+04,2.000000000000000000e+00,3.000000000000000000e+00,1.115519138577508063e+00,1.693425179330991881e+01,3.471239634750249982e+07
9.836996129153960283e+03,3.000000000000000000e+00,2.000000000000000000e+00,1.073277980103885199e+00,2.472233899588024642e+01,2.785093345258613303e+07
9.320925477796305131e+03,5.000000000000000000e+00,1.000000000000000000e+00,1.215152885361450608e+00,3.085847031351001135e+01,2.548555716088800877e+07
1.302452071481064195e+04,6.000000000000000000e+00,2.000000000000000000e+00,8.100956822074690811e-01,1.325043398954367646e+01,3.030081978721045330e+07
4.509778522612234156e+03,4.000000000000000000e+00,2.000000000000000000e+00,9.625900888494385299e-01,1.628627637781237070e+01,1.160245778234969638e+07
1.782833868328847166e+04,5.000000000000000000e+00,1.000000000000000000e+00,1.266435638772576588e+00,2.714770949061059824e+01,4.830044548460108787e+07
1.634799600165374432e+04,1.000000000000000000e+00,3.000000000000000000e+00,1.345986263910270875e+00,2.933821796275590899e+01,6.544844565246281028e+07
7.381534062169456774e+03,6.000000000000000000e+00,3.000000000000000000e+00,1.063001957742548909e+00,3.076190615203941903e+01,2.510350271565051377e+07
1.182502035816297212e+04,8.000000000000000000e+00,1.000000000000000000e+00,8.488903880830798165e-01,1.227993656691085889e+01,2.431840578716310859e+07
3.335929619030283448e+03,5.000000000000000000e+00,2.000000000000000000e+00,1.279237243537092672e+00,2.217800883733247019e+01,1.233249572223600186e+07
1.946351720991180264e+04,4.000000000000000000e+00,1.000000000000000000e+00,1.331102259963639955e+00,3.300033295575853032e+01,5.790728850243470818e+07
1.811611814002750179e+04,3.000000000000000000e+00,1.000000000000000000e+00,1.048196162416231703e+00,1.775851365274475313e+01,3.991686259182007611e+07
1.848481162608448722e+04,8.000000000000000000e+00,1.000000000000000000e+00,9.460131523521662089e-01,1.889649270664666858e+01,3.975032722356110811e+07
7.043963125446961385e+03,1.000000000000000000e+00,2.000000000000000000e+00,8.263830009337672644e-01,3.554468831702057230e+01,1.492394154601399228e+07
3.881213323227401361e+03,3.000000000000000000e+00,1.000000000000000000e+00,1.154649693136913458e+00,9.391579380975162650e+00,9.553607678666448221e+06
4.708379971246420610e+03,2.000000000000000000e+00,1.000000000000000000e+00,1.345921694337499419e+00,2.716805968384907999e+01,1.304648675173270144e+07
2.346026986274743649e+03,7.000000000000000000e+00,2.000000000000000000e+00,1.206732815312195228e+00,3.150552381122675527e+01,9.059934660661539063e+06
2.930146223966856269e+03,4.000000000000000000e+00,2.000000000000000000e+00,9.903491587368405957e-01,1.052380549902052209e+01,7.929738285759360529e+06
1.983307963186000507e+03,8.000000000000000000e+00,1.000000000000000000e+00,1.185732994573980070e+00,2.743359708021712251e+01,5.857333774001389742e+06
1.980256754257454668e+04,6.000000000000000000e+00,2.000000000000000000e+00,1.299241044468815165e+00,2.009214666031326857e+01,7.523842841848254204e+07
2.036719057360027591e+03,5.000000000000000000e+00,1.000000000000000000e+00,1.085498035609674616e+00,3.158672654023929738e+01,5.553501251394275576e+06
3.171316370457424455e+03,5.000000000000000000e+00,3.000000000000000000e+00,1.291849093998703069e+00,3.322356950507717954e+01,1.307581053540292755e+07
1.664873915446028695e+04,2.000000000000000000e+00,2.000000000000000000e+00,1.035145805999812429e+00,3.217454709463720519e+01,4.176502122348253429e+07
1.185666020481309715e+04,5.000000000000000000e+00,3.000000000000000000e+00,1.009103407157462495e+00,7.931554127370382901e+00,3.995130994876838475e+07
1.562369376864504738e+04,6.000000000000000000e+00,1.000000000000000000e+00,1.149793175527132449e+00,2.870565830444922639e+01,4.305539117148357630e+07
1.283969295078950745e+04,8.000000000000000000e+00,3.000000000000000000e+00,1.078811850616688606e+00,3.364582724957487869e+01,4.913372172672354430e+07
1.771419636438159068e+04,5.000000000000000000e+00,2.000000000000000000e+00,1.386267152276649872e+00,2.464045322012793093e+01,6.889916824436405301e+07
1.298627003863596656e+04,8.000000000000000000e+00,1.000000000000000000e+00,1.109833654116904711e+00,2.402628181435470367e+01,3.525980176599622518e+07
1.072922680232112725e+04,8.000000000000000000e+00,3.000000000000000000e+00,1.031103217349612855e+00,7.350161621943329671e+00,3.806015209380568564e+07
1.442734405896921453e+04,5.000000000000000000e+00,1.000000000000000000e+00,1.036960125877121719e+00,3.168099066617815396e+01,3.331525823191916570e+07
9.279419384766923031e+03,4.000000000000000000e+00,1.000000000000000000e+00,1.128763970367870018e+00,7.392106824874845827e+00,2.261963534284213930e+07
7.313638164351853447e+03,2.000000000000000000e+00,3.000000000000000000e+00,1.012947222804917224e+00,1.540528819154021889e+01,2.267519474687090144e+07
9.672457577534121810e+03,3.000000000000000000e+00,1.000000000000000000e+00,1.233743961178961568e+00,3.377589195861646942e+01,2.452806131757314876e+07
3.892453638912076713e+03,8.000000000000000000e+00,2.000000000000000000e+00,1.028397756620984538e+00,3.449235428188536901e+01,1.250649599724606983e+07
1.605349155817221435e+04,2.000000000000000000e+00,1.000000000000000000e+00,1.030486631915145779e+00,3.575701621427767662e+01,3.594039415736885369e+07
5.657653357917325593e+03,4.000000000000000000e+00,1.000000000000000000e+00,1.170183949626082853e+00,2.029206856838658624e+01,1.426676373269142210e+07
3.578511998938720808e+03,6.000000000000000000e+00,1.000000000000000000e+00,8.365081236176059587e-01,1.132288639143032505e+01,6.764133231446471065e+06
5.379233490594599971e+03,2.000000000000000000e+00,1.000000000000000000e+00,1.193212950869087630e+00,2.063833460487251514e+01,1.359945917780273408e+07
1.693616094438145228e+04,8.000000000000000000e+00,2.000000000000000000e+00,1.102983330295212117e+00,9.069387752491476107e+00,5.153037948190772533e+07
7.005905134595988784e+03,6.000000000000000000e+00,2.000000000000000000e+00,1.071815668571984848e+00,3.217608326909909522e+01,1.996852847611548007e+07
1.390936746841446438e+04,1.000000000000000000e+00,1.000000000000000000e+00,1.231551794424770696e+00,2.281611699799514525e+01,3.553381987289495021e+07
1.721434683472134202e+04,2.000000000000000000e+00,2.000000000000000000e+00,1.254953469202916505e+00,1.813517697500265768e+01,5.263047184142597020e+07
2.108246538345817044e+03,6.000000000000000000e+00,1.000000000000000000e+00,1.307756518047475502e+00,8.385921074424132371e+00,6.262595285879927687e+06
1.544147346045403356e+04,7.000000000000000000e+00,2.000000000000000000e+00,1.024881872490468471e+00,1.815722030449891378e+01,4.305576285924581438e+07
6.568710047753182153e+03,8.000000000000000000e+00,3.000000000000000000e+00,9.962226153520286065e-01,3.198574825170326719e+01,2.387350433530591056e+07
4.802473865170428326e+03,7.000000000000000000e+00,3.000000000000000000e+00,1.228605260896711737e+00,2.710217797431638331e+01,2.069901876863671839e+07
1.396468817758766090e+04,1.000000000000000000e+00,3.000000000000000000e+00,1.149082915484267442e+00,8.473665525328996750e+00,4.550218041054067761e+07
1.825005448102473747e+04,6.000000000000000000e+00,1.000000000000000000e+00,1.179080927811089863e+00,1.079721599178527569e+01,4.523502438721542805e+07
6.323372649020470817e+03,1.000000000000000000e+00,1.000000000000000000e+00,1.133313744263501066e+00,1.776925472122513838e+01,1.421855309250275418e+07
1.163537582445579028e+04,1.000000000000000000e+00,3.000000000000000000e+00,1.263615813922312592e+00,9.041252480577560036e+00,4.308935795650139451e+07
6.222781808680136237e+03,6.000000000000000000e+00,1.000000000000000000e+00,9.140245330952919689e-01,3.402123575979813097e+01,1.342865394987786561e+07
1.135314036309270159e+04,4.000000000000000000e+00,3.000000000000000000e+00,1.133427279644838137e+00,2.556876133892627578e+01,4.023826207878848910e+07
1.266412339469420658e+04,6.000000000000000000e+00,2.000000000000000000e+00,8.948610733661779282e-01,8.844690039118351166e+00,3.108019673233150318e+07
1.244050654252948880e+04,7.000000000000000000e+00,1.000000000000000000e+00,1.044351163574595009e+00,2.964172387141382004e+01,3.078297782982647046e+07
1.269679957106927031e+04,1.000000000000000000e+00,3.000000000000000000e+00,1.198396294049644872e+00,1.705217785715828427e+01,4.371800466585701704e+07
3.220547969019967240e+03,5.000000000000000000e+00,2.000000000000000000e+00,1.095842964988502199e+00,1.334611933659662597e+01,9.824499383467517793e+06
1.405468510998235979e+04,7.000000000000000000e+00,3.000000000000000000e+00,1.027754922003308646e+00,2.309954825819073321e+01,4.602849252857809514e+07
1.369015691377633266e+04,4.000000000000000000e+00,2.000000000000000000e+00,1.330982000849363578e+00,6.401163993616239445e+00,5.198983829255580902e+07
1.384220957100753367e+04,5.000000000000000000e+00,1.000000000000000000e+00,1.263695428698486944e+00,1.996192980312764931e+01,3.758841650654325634e+07
2.036968723130902845e+03,4.000000000000000000e+00,3.000000000000000000e+00,1.115774471000225088e+00,3.131414979285508693e+01,7.809220075576149859e+06
9.268673542834560067e+03,8.000000000000000000e+00,1.000000000000000000e+00,1.370031893405292633e+00,3.384172787956705264e+01,3.061962898400963470e+07
8.535281561687155772e+03,1.000000000000000000e+00,2.000000000000000000e+00,1.054619173660996223e+00,1.627664113249319300e+01,2.164878051260478050e+07
2.282202782678063159e+03,8.000000000000000000e+00,2.000000000000000000e+00,1.272843756552863415e+00,2.527309764495133138e+01,8.826372086547365412e+06
4.913937801198128000e+03,7.000000000000000000e+00,3.000000000000000000e+00,9.007617438808507293e-01,1.280470315106500578e+01,1.482470886600810289e+07
9.154675056881913406e+03,7.000000000000000000e+00,3.000000000000000000e+00,9.714754862663581569e-01,2.280639212954127260e+01,2.863218242667409033e+07
1.501238241124679553e+04,4.000000000000000000e+00,2.000000000000000000e+00,1.002851348800372966e+00,1.362083178459567101e+01,3.987031402933365852e+07
5.199004293502465771e+03,5.000000000000000000e+00,3.000000000000000000e+00,8.634924516227140412e-01,2.314069525882358747e+01,1.368586857204275392e+07
1.669714825642328287e+04,3.000000000000000000e+00,1.000000000000000000e+00,1.101082889045640778e+00,1.115166351879692819e+01,4.058061084426221251e+07
1.118848674334559109e+04,3.000000000000000000e+00,1.000000000000000000e+00,9.153560804758974490e-01,3.423697670282230376e+01,2.251756485111376643e+07
1.535218069258157993e+04,8.000000000000000000e+00,3.000000000000000000e+00,1.180511533669795110e+00,3.260752429221875559e+01,6.307840687971669436e+07
9.767586076735027746e+03,5.000000000000000000e+00,2.000000000000000000e+00,9.140554157438109950e-01,1.610754748346519705e+01,2.230761740820318460e+07
1.028436797319113248e+04,6.000000000000000000e+00,2.000000000000000000e+00,8.741037544035652473e-01,2.929988666774827877e+01,2.421176063953254744e+07
1.262255615396502071e+04,1.000000000000000000e+00,1.000000000000000000e+00,1.381452036559354557e+00,8.865123921965835763e+00,3.612666208436052501e+07
1.860262979841699052e+04,7.000000000000000000e+00,1.000000000000000000e+00,1.194944183486663647e+00,2.821082726116271644e+01,5.894851746897146106e+07
1.014116407941045327e+04,6.000000000000000000e+00,3.000000000000000000e+00,1.361870548825093064e+00,1.447377388838112466e+01,4.677660774285272509e+07
1.085595623930084548e+04,8.000000000000000000e+00,3.000000000000000000e+00,1.093932675195939286e+00,1.006925306027586942e+01,4.168038925203958154e+07
1.227874109243407293e+04,2.000000000000000000e+00,3.000000000000000000e+00,8.200414778380246128e-01,2.634573653710841157e+01,3.070443519926100969e+07
1.490779366357587969e+04,5.000000000000000000e+00,2.000000000000000000e+00,1.144622702258866198e+00,2.009420453458167799e+01,4.400661816245135665e+07
1.993896508432945666e+03,5.000000000000000000e+00,2.000000000000000000e+00,1.134997332101425060e+00,2.190418805191331586e+01,6.781727236981792375e+06
1.060433630732625898e+04,5.000000000000000000e+00,1.000000000000000000e+00,8.089853635619563832e-01,2.161589352413762555e+01,1.810746728439242765e+07
9.942876830597244407e+03,1.000000000000000000e+00,1.000000000000000000e+00,1.316745226641098832e+00,7.783439463180585882e+00,2.447878013765866682e+07
1.848068869420886404e+04,4.000000000000000000e+00,2.000000000000000000e+00,1.171982408369854678e+00,7.541407472780310428e+00,5.321264997614356130e+07
1.017402766046501711e+04,3.000000000000000000e+00,2.000000000000000000e+00,1.246814701625687638e+00,2.403502511844290623e+01,3.383846617311528325e+07
9.685418373070020607e+03,5.000000000000000000e+00,1.000000000000000000e+00,1.096352663694508678e+00,2.471593927066249918e+01,2.334114113852878660e+07
1.926667977757321933e+04,2.000000000000000000e+00,2.000000000000000000e+00,1.171041462744957684e+00,7.415236695453438109e+00,5.591276369259433448e+07
9.341183393857101692e+03,4.000000000000000000e+00,2.000000000000000000e+00,9.544819359371145007e-01,1.735317995663453416e+01,2.342264485220855474e+07
4.109157948248552202e+03,5.000000000000000000e+00,3.000000000000000000e+00,1.384254660661188296e+00,2.438553838681282215e+01,1.761148394224216044e+07
4.808172782432293388e+03,1.000000000000000000e+00,3.000000000000000000e+00,1.040432004528599075e+00,2.570041967259228954e+01,1.450010278690871596e+07
2.446638243737298126e+03,7.000000000000000000e+00,2.000000000000000000e+00,8.973959728025774352e-01,3.084827277829654690e+01,6.661544904228957370e+06
6.110217076235222748e+02,6.000000000000000000e+00,2.000000000000000000e+00,8.335492510247763942e-01,1.862196850790642344e+01,1.737236700957610039e+06
8.979745823409350123e+03,1.000000000000000000e+00,3.000000000000000000e+00,1.181703159851222651e+00,2.244773343440906288e+01,3.018240549593301490e+07
1.552330607718549618e+04,1.000000000000000000e+00,3.000000000000000000e+00,1.390027910705873282e+00,2.335681126826451859e+01,5.939560025761783123e+07
1.482924899031681525e+04,7.000000000000000000e+00,1.000000000000000000e+00,1.337476698107769035e+00,1.536135849900957062e+01,4.589788493861846626e+07
1.223692303375293704e+03,3.000000000000000000e+00,3.000000000000000000e+00,1.221262740491848131e+00,7.614762073248348528e+00,4.785781497178629972e+06
1.165766832972423799e+04,7.000000000000000000e+00,1.000000000000000000e+00,1.394358757395716353e+00,6.126777786153139616e+00,3.471080048445301503e+07
3.593092633021434267e+03,4.000000000000000000e+00,2.000000000000000000e+00,1.233696957225263846e+00,3.108376248355574489e+01,1.206876699369106442e+07
1.885687992443512849e+04,3.000000000000000000e+00,1.000000000000000000e+00,1.003550674040837531e+00,1.200695467567159014e+01,4.194564752544713765e+07
3.846880993097077862e+03,3.000000000000000000e+00,3.000000000000000000e+00,1.160730879836103790e+00,2.490763992477406674e+01,1.343615248447202519e+07
1.275680082333114115e+04,6.000000000000000000e+00,1.000000000000000000e+00,8.478599854913368983e-01,2.331142435931758783e+01,2.472521232401111349e+07
6.929024225982700955e+03,1.000000000000000000e+00,3.000000000000000000e+00,9.330094941335245196e-01,1.798899230221556778e+01,1.895420125706800446e+07
1.304628972370843258e+04,4.000000000000000000e+00,1.000000000000000000e+00,1.050524141557095392e+00,3.100479926101901285e+01,3.079498603210642561e+07
8.597816771403056919e+03,3.000000000000000000e+00,1.000000000000000000e+00,9.210910961378271367e-01,2.695204787080136910e+01,1.708831856486914679e+07
1.533707521474405803e+04,2.000000000000000000e+00,2.000000000000000000e+00,1.372100608896902330e+00,6.682243903175187683e+00,5.103934252138835937e+07
5.075175031360441608e+03,3.000000000000000000e+00,3.000000000000000000e+00,1.397358516046789401e+00,2.930082220070054078e+01,2.201348076162895560e+07
1.817236194653664643e+04,5.000000000000000000e+00,1.000000000000000000e+00,1.022561552072999369e+00,2.120996454005286580e+01,4.052086774549448490e+07
1.030406719667903053e+04,6.000000000000000000e+00,1.000000000000000000e+00,1.225537391646319030e+00,1.641057867248540703e+01,2.800986953998662531e+07
1.526820706562934538e+04,1.000000000000000000e+00,1.000000000000000000e+00,1.044662438397944371e+00,2.780653969535033809e+01,3.012010313470068946e+07
1.708476571318380593e+04,7.000000000000000000e+00,2.000000000000000000e+00,8.837055226317238610e-01,2.658196888938808300e+01,4.443979245413277298e+07
1.997727505252321498e+04,8.000000000000000000e+00,1.000000000000000000e+00,1.002156108621265140e+00,1.531764713606847295e+01,4.822766088264168799e+07
4.944545912522789877e+03,6.000000000000000000e+00,3.000000000000000000e+00,9.400230192293979048e-01,3.549116614493644306e+01,1.513038231359694153e+07
6.165712823131024379e+03,8.000000000000000000e+00,1.000000000000000000e+00,9.968469322444518665e-01,2.546125460135259999e+01,1.454211953436233848e+07
5.458401882598632255e+03,4.000000000000000000e+00,3.000000000000000000e+00,9.290130130386299312e-01,2.417339137361680912e+01,1.599506670024156943e+07
5.699703843899783351e+03,7.000000000000000000e+00,3.000000000000000000e+00,8.674070714349478850e-01,8.096410904453161805e+00,1.564728489893823862e+07
1.189942798586392200e+04,6.000000000000000000e+00,3.000000000000000000e+00,9.304570576174477914e-01,1.437956341034212393e+01,3.318114788439527526e+07
1.987433694902935531e+04,5.000000000000000000e+00,3.000000000000000000e+00,1.343454219097905522e+00,1.940922006979324266e+01,8.193224872289939225e+07
1.981139488959943628e+04,2.000000000000000000e+00,3.000000000000000000e+00,8.511330054659173028e-01,2.491877112929029181e+01,4.917035765908809006e+07
1.081940068842877008e+04,5.000000000000000000e+00,1.000000000000000000e+00,9.948539862531406985e-01,2.138290892191133352e+01,2.226092410244777799e+07
1.299712787913467218e+04,8.000000000000000000e+00,2.000000000000000000e+00,1.117069936701581057e+00,2.889098800414173596e+01,4.195996222426962852e+07
1.728342854781115602e+04,8.000000000000000000e+00,3.000000000000000000e+00,1.012707593707014020e+00,1.387703137403705611e+01,6.170278979626264423e+07
1.869890909399800148e+04,4.000000000000000000e+00,2.000000000000000000e+00,1.110564257011332323e+00,2.706470985847452937e+01,5.608129436779105663e+07
4.554896170193151193e+03,2.000000000000000000e+00,3.000000000000000000e+00,8.260520361406124001e-01,3.049791140673487533e+01,1.169432631811624393e+07
1.085370954148358578e+04,6.000000000000000000e+00,3.000000000000000000e+00,1.189141780018626582e+00,2.895149926748860025e+01,3.900590858356970549e+07
1.675703886043333841e+04,1.000000000000000000e+00,3.000000000000000000e+00,1.138087280933635981e+00,2.912539753764100325e+01,5.665725445897112042e+07
6.482120286711077824e+03,2.000000000000000000e+00,1.000000000000000000e+00,1.208579759512814933e+00,3.265521171786495813e+01,1.657137823923593387e+07
9.132295424121053657e+03,5.000000000000000000e+00,2.000000000000000000e+00,1.140354689496342111e+00,8.525356274414685132e+00,2.817652848934565112e+07
1.972104936933295539e+04,8.000000000000000000e+00,1.000000000000000000e+00,1.062742149455397911e+00,2.691574714122308976e+01,5.246485421492266655e+07
1.970990591638489786e+04,3.000000000000000000e+00,1.000000000000000000e+00,1.010084925376449450e+00,3.506034603349382905e+01,4.026573789236170799e+07
1.817847212884452529e+04,4.000000000000000000e+00,1.000000000000000000e+00,9.358611140598657174e-01,2.320951949623614397e+01,3.207509518853582814e+07
1.608989788966431661e+04,3.000000000000000000e+00,2.000000000000000000e+00,1.100040636083967627e+00,1.251948935953177866e+01,4.302316029026424885e+07
5.821131714022431879e+03,4.000000000000000000e+00,2.000000000000000000e+00,8.156314714265042731e-01,3.596261417322638465e+01,1.340427609456041269e+07
6.824491436903436806e+03,1.000000000000000000e+00,3.000000000000000000e+00,9.969444968595955192e-01,1.124031878464436751e+01,1.969256642340734228e+07
1.121728711937456865e+04,5.000000000000000000e+00,3.000000000000000000e+00,1.206723376138717718e+00,1.606673092124577806e+01,4.075454361873783916e+07
1.147908106650303489e+04,5.000000000000000000e+00,3.000000000000000000e+00,8.652302238118155797e-01,1.116186565251503460e+01,2.963194214274416491e+07
1.040675469552709910e+04,3.000000000000000000e+00,1.000000000000000000e+00,8.377347453917172171e-01,1.993538606250204737e+01,1.808842989336618409e+07
1.295140343037633829e+04,3.000000000000000000e+00,2.000000000000000000e+00,1.191307163174819106e+00,1.856628028832874833e+01,3.738436007503072172e+07
8.521466639079982997e+03,7.000000000000000000e+00,3.000000000000000000e+00,1.038664832685410211e+00,2.073722689531718544e+01,3.014233012176175043e+07
1.513397865192133941e+04,2.000000000000000000e+00,1.000000000000000000e+00,1.281095021929628652e+00,3.383950200166288624e+01,3.894621656131041050e+07
7.070868573680093505e+03,1.000000000000000000e+00,2.000000000000000000e+00,1.362386782382794204e+00,2.034973157502675178e+01,2.303584645498310030e+07
7.015133740759239117e+03,1.000000000000000000e+00,3.000000000000000000e+00,1.374224272239546130e+00,2.143878978640932331e+01,2.716141217032532394e+07
3.068183660701463396e+03,8.000000000000000000e+00,3.000000000000000000e+00,1.055355712336507601e+00,3.260046317755404743e+01,1.178105136573041417e+07
4.261016874561033546e+03,3.000000000000000000e+00,3.000000000000000000e+00,9.585963345650193590e-01,3.053273982044497004e+01,1.300860323965015635e+07
1.710010505107433710e+04,1.000000000000000000e+00,2.000000000000000000e+00,1.165168243245486845e+00,1.319166093676332707e+01,4.853754830273178965e+07
9.257877368460565776e+03,8.000000000000000000e+00,2.000000000000000000e+00,1.176915755556941834e+00,6.387778656865505944e+00,3.110822302629170939e+07
5.020635059124975669e+03,2.000000000000000000e+00,2.000000000000000000e+00,1.173406961645538038e+00,2.488498776606153129e+01,1.507094684245660901e+07
1.533121734043431570e+04,3.000000000000000000e+00,3.000000000000000000e+00,9.930671682313286786e-01,3.134549471512560004e+01,4.442905026257930696e+07
1.134723384084707322e+04,1.000000000000000000e+00,2.000000000000000000e+00,8.382510418503819061e-01,2.258550337831200139e+01,2.270959880074741319e+07
1.010426621611893552e+03,6.000000000000000000e+00,2.000000000000000000e+00,9.260029032953593919e-01,1.233530760038535590e+01,2.789908495170669165e+06
6.737412272332274370e+03,6.000000000000000000e+00,1.000000000000000000e+00,8.926516568133402441e-01,2.824065272025920592e+01,1.504779895039299130e+07
4.033827375754016430e+03,7.000000000000000000e+00,2.000000000000000000e+00,8.743402074699861970e-01,2.608617847833809833e+01,9.826114226029964164e+06
1.332393350306710818e+04,3.000000000000000000e+00,1.000000000000000000e+00,1.355769992642943844e+00,2.295097612225658423e+01,3.693072816487982124e+07
5.935602188226905128e+03,3.000000000000000000e+00,2.000000000000000000e+00,8.083085875843808443e-01,3.190008522062951357e+01,1.293861210064464808e+07
1.859967516672906413e+03,8.000000000000000000e+00,3.000000000000000000e+00,1.161114643541792946e+00,2.952727058817098182e+01,7.873555561591307633e+06
1.665738790434783596e+03,7.000000000000000000e+00,3.000000000000000000e+00,1.368484277444081965e+00,2.603856274268341053e+01,8.471065287293201312e+06
1.188550958039906982e+04,1.000000000000000000e+00,2.000000000000000000e+00,1.016031876496476638e+00,2.594276007069655066e+01,2.926545946583290026e+07
1.021435040659338711e+03,6.000000000000000000e+00,3.000000000000000000e+00,1.116258853503477422e+00,2.586607902894824562e+01,4.262009657660345547e+06
1.706656699484012279e+04,7.000000000000000000e+00,3.000000000000000000e+00,1.217470198085095712e+00,2.175494234749691813e+01,7.088065960787646472e+07
3.614704113591146779e+03,5.000000000000000000e+00,2.000000000000000000e+00,9.903018167949433348e-01,1.991764933931541037e+01,1.066874583386798203e+07
1.236738690279133880e+04,6.000000000000000000e+00,3.000000000000000000e+00,1.086591192624349445e+00,2.728801378496158847e+01,4.623290609243032336e+07
9.226947743408465612e+03,1.000000000000000000e+00,2.000000000000000000e+00,1.290261710199651191e+00,2.431483444410693195e+01,2.902079252731629461e+07
9.191319511898909695e+03,1.000000000000000000e+00,3.000000000000000000e+00,1.247213399168157988e+00,2.069941686901629296e+01,3.312283322159495577e+07
1.992864561784889702e+03,1.000000000000000000e+00,2.000000000000000000e+00,1.285069646895704354e+00,9.799840617331248893e+00,6.403267348535324447e+06
1.617339365411698418e+04,2.000000000000000000e+00,1.000000000000000000e+00,1.392404098176593497e+00,2.705786365959496464e+01,4.595674085082152486e+07
1.792521820421309894e+04,8.000000000000000000e+00,1.000000000000000000e+00,1.022196484961707341e+00,2.537995711733896087e+01,4.117282321181923896e+07
8.137233472540322055e+02,6.000000000000000000e+00,3.000000000000000000e+00,1.248254757761463773e+00,1.626745277920510802e+01,3.800627678220449947e+06
4.064921008524083845e+03,7.000000000000000000e+00,1.000000000000000000e+00,1.161670740261189660e+00,1.668969498645230232e+01,1.109751332705848292e+07
1.813574126263229118e+04,3.000000000000000000e+00,3.000000000000000000e+00,1.199962860332717707e+00,1.340167152405756923e+01,6.534102434262666851e+07
1.126017608832112819e+04,8.000000000000000000e+00,1.000000000000000000e+00,1.243924342899760616e+00,3.485745769095056801e+01,3.128842474139899388e+07
3.510767818015276589e+03,2.000000000000000000e+00,2.000000000000000000e+00,1.249838790167788760e+00,3.180604088606168034e+01,1.161824409171776101e+07
4.534134780617681827e+03,8.000000000000000000e+00,2.000000000000000000e+00,1.331447089576891729e+00,2.283147088236650291e+01,1.626257154780941457e+07
1.340373313820001385e+04,1.000000000000000000e+00,2.000000000000000000e+00,1.009593005141633304e+00,1.804959439675542754e+01,3.216267587308475375e+07
1.466144635158933670e+04,1.000000000000000000e+00,1.000000000000000000e+00,1.192088813667146363e+00,2.810475791089270103e+01,3.400074734363593161e+07
1.222888008645074297e+04,1.000000000000000000e+00,1.000000000000000000e+00,9.681742589581134872e-01,2.183184528377991640e+01,2.390449004427197948e+07
1.909107857030300147e+04,7.000000000000000000e+00,2.000000000000000000e+00,1.156741223070185010e+00,3.527553101745341735e+01,6.648158468537581712e+07
1.018483391103847498e+04,3.000000000000000000e+00,2.000000000000000000e+00,1.250705084103156617e+00,7.653678417664636413e+00,3.303037909360255301e+07
6.425275095565018091e+03,4.000000000000000000e+00,3.000000000000000000e+00,1.274600651696984110e+00,7.028572021604253983e+00,2.673064311331904307e+07
9.858318453530451734e+03,4.000000000000000000e+00,2.000000000000000000e+00,1.052074701793473732e+00,2.305833053920120079e+01,2.804089749721165746e+07
7.577526097132252289e+03,7.000000000000000000e+00,1.000000000000000000e+00,1.105232133920815762e+00,1.209837668066720262e+01,1.994201564506581798e+07
4.953668317888914316e+03,3.000000000000000000e+00,1.000000000000000000e+00,1.000309910702103622e+00,2.412912490650577269e+01,1.154749833501018025e+07
1.491687037198717235e+03,1.000000000000000000e+00,2.000000000000000000e+00,9.014218079237783510e-01,2.944269085641532158e+01,3.847184742904596496e+06
7.432922375163409015e+03,4.000000000000000000e+00,2.000000000000000000e+00,9.563104431155193819e-01,1.014329283554618399e+01,1.799987742245511711e+07
1.440134134556900062e+04,3.000000000000000000e+00,3.000000000000000000e+00,1.347282202939894535e+00,1.921824672568583736e+01,6.010911530906685442e+07
9.576933757787599006e+02,6.000000000000000000e+00,2.000000000000000000e+00,9.853817254455895513e-01,2.666001250348065810e+01,3.213999928847318050e+06
9.120063156195134070e+03,7.000000000000000000e+00,2.000000000000000000e+00,1.384855600127365971e+00,3.101590712018913720e+01,3.594820092033781111e+07
1.309378238812744712e+04,1.000000000000000000e+00,1.000000000000000000e+00,9.448868511292289885e-01,2.089032270109071732e+01,2.440277151607893407e+07
1.244183971798156017e+04,7.000000000000000000e+00,1.000000000000000000e+00,1.233842652488626790e+00,1.218460760718064861e+01,3.390152493047073483e+07
1.566697965624108838e+04,1.000000000000000000e+00,3.000000000000000000e+00,1.144341976143101292e+00,2.357397766756898960e+01,5.503602385282371938e+07
1.632408248380007171e+04,5.000000000000000000e+00,2.000000000000000000e+00,1.218122029714879151e+00,1.963551206174998498e+01,5.065544615511748195e+07
1.440709292583612478e+04,4.000000000000000000e+00,2.000000000000000000e+00,1.186374767965508559e+00,2.915776281013457449e+01,4.605760191839946061e+07
2.594275305208138889e+03,3.000000000000000000e+00,2.000000000000000000e+00,1.224049150158553534e+00,2.266728192608844239e+01,8.748678018711766228e+06
9.815435413684597734e+03,4.000000000000000000e+00,1.000000000000000000e+00,1.343328229061275358e+00,1.438268534911292384e+01,2.623090567592945322e+07
1.230607557525960692e+04,3.000000000000000000e+00,2.000000000000000000e+00,1.138081697637488787e+00,2.863178759163564635e+01,3.481257014548669010e+07
5.363981152903361362e+03,7.000000000000000000e+00,2.000000000000000000e+00,8.407092697423971250e-01,2.153241038885879277e+01,1.264047202392674051e+07
1.425505262347464395e+03,8.000000000000000000e+00,1.000000000000000000e+00,9.624952606681397294e-01,1.132639656834982489e+01,3.504241113747510593e+06
4.937652224995310462e+03,7.000000000000000000e+00,2.000000000000000000e+00,1.224931388245258379e+00,2.289216969425983450e+01,1.701208854674148187e+07
9.424951393613193432e+03,4.000000000000000000e+00,2.000000000000000000e+00,1.096444776785403974e+00,3.444960179537618217e+01,2.742857510861435533e+07
8.630248189659258060e+03,5.000000000000000000e+00,1.000000000000000000e+00,1.129131189571812133e+00,2.716548782813208263e+01,2.032315340688044950e+07
4.027339437746935801e+03,4.000000000000000000e+00,2.000000000000000000e+00,1.157948273228174951e+00,1.496410084373936833e+01,1.355999778007082269e+07
1.659366152805976162e+04,7.000000000000000000e+00,3.000000000000000000e+00,1.029577563790742056e+00,2.732619525878574152e+01,5.683888533369725943e+07
1.855832137349245750e+04,5.000000000000000000e+00,1.000000000000000000e+00,1.264337315052713073e+00,1.447818933006536746e+01,5.170400590134844929e+07
4.506157389622674600e+03,4.000000000000000000e+00,3.000000000000000000e+00,1.234120930337929023e+00,2.228066512623785655e+01,1.721447740627826378e+07
1.863371456200410103e+04,4.000000000000000000e+00,2.000000000000000000e+00,1.228579647315868328e+00,2.179787291362658408e+01,5.805279747687888891e+07
9.465026079985079832e+02,4.000000000000000000e+00,3.000000000000000000e+00,1.229186104420966874e+00,1.342172636735411118e+01,4.198373687915775925e+06
1.854427197051474286e+04,5.000000000000000000e+00,1.000000000000000000e+00,1.334214800992548522e+00,1.643643599639454322e+01,4.938214175067227334e+07
1.906741852756961453e+04,6.000000000000000000e+00,3.000000000000000000e+00,1.157235667665964529e+00,3.426544364358137074e+01,7.240222653437376022e+07
8.338061425089489376e+02,4.000000000000000000e+00,2.000000000000000000e+00,1.380243319698174931e+00,1.351795609246300955e+01,3.146890445029713679e+06
1.540257435746891315e+04,7.000000000000000000e+00,3.000000000000000000e+00,8.715156106343827647e-01,3.003081130892957518e+01,4.402167038234458864e+07
1.942191050785496191e+04,7.000000000000000000e+00,3.000000000000000000e+00,1.179175385956318545e+00,2.602111740036420073e+01,7.377886607876317203e+07
1.817450304506489920e+04,4.000000000000000000e+00,1.000000000000000000e+00,1.230155927561477291e+00,2.197887397577293456e+01,4.554626640722689778e+07
1.943177712720653290e+04,8.000000000000000000e+00,1.000000000000000000e+00,1.086332246572615734e+00,1.012544608395490364e+01,4.868889826730262488e+07
1.127627601053420221e+04,2.000000000000000000e+00,1.000000000000000000e+00,9.729250318741619052e-01,1.213712258119133480e+01,1.994799504396660253e+07
2.116229113776532358e+03,8.000000000000000000e+00,2.000000000000000000e+00,1.130022471626659364e+00,1.136932870771211768e+01,6.939253614126313478e+06
1.708591043741770045e+04,3.000000000000000000e+00,3.000000000000000000e+00,1.018848608174421688e+00,2.360382776921257175e+01,5.249313289861474186e+07
1.250826816269482515e+04,5.000000000000000000e+00,2.000000000000000000e+00,1.345474442640689716e+00,3.520149590155433827e+01,4.284650671736676246e+07
1.252589283725280802e+04,3.000000000000000000e+00,1.000000000000000000e+00,1.014075447519952933e+00,3.231717788324984042e+01,2.843880458113717288e+07
8.694720031258511881e+03,4.000000000000000000e+00,1.000000000000000000e+00,9.054241956212775166e-01,6.757556487887317331e+00,1.627505815291900933e+07
1.169373434450951754e+04,3.000000000000000000e+00,2.000000000000000000e+00,1.145833484099271660e+00,1.421179873387039549e+01,3.379682974276406318e+07
3.579447714270621873e+03,6.000000000000000000e+00,3.000000000000000000e+00,1.037595554828221633e+00,1.071772376811066430e+01,1.188758181621975638e+07
1.495153851538331583e+04,1.000000000000000000e+00,1.000000000000000000e+00,8.575388868805046139e-01,3.527033525693705229e+01,2.579928405899267271e+07
2.055335762619921297e+03,7.000000000000000000e+00,2.000000000000000000e+00,1.138905410598745060e+00,1.306830703793445103e+01,7.142563058230554685e+06
1.475774688064956536e+04,8.000000000000000000e+00,2.000000000000000000e+00,1.122707846699420919e+00,1.203939555116381754e+01,5.167624236252231151e+07
1.707018139892216641e+04,5.000000000000000000e+00,1.000000000000000000e+00,9.039182519799170423e-01,2.462625880746777796e+01,3.471862324615201354e+07
9.765892344751071505e+03,5.000000000000000000e+00,3.000000000000000000e+00,1.158582901375905694e+00,2.268559750724359247e+01,3.760678014214441180e+07
1.049070910150675809e+04,6.000000000000000000e+00,3.000000000000000000e+00,1.140415384314493297e+00,1.277554451343704578e+01,4.133374746072828770e+07
6.656956894688318243e+03,2.000000000000000000e+00,2.000000000000000000e+00,1.264167573824954482e+00,2.611094593611726467e+01,2.156751083922756463e+07
1.940749652427639739e+04,6.000000000000000000e+00,3.000000000000000000e+00,1.016941957905580729e+00,8.910216338840674766e+00,6.749083843732269108e+07
1.482261480645517986e+04,2.000000000000000000e+00,3.000000000000000000e+00,9.492557141981835533e-01,6.581071980926765264e+00,4.257586127302056551e+07
7.758377934026691946e+03,6.000000000000000000e+00,3.000000000000000000e+00,1.370731932182465140e+00,8.472443721190405341e+00,3.450678161711774766e+07
3.991263292920298227e+03,3.000000000000000000e+00,1.000000000000000000e+00,1.136730513669672815e+00,1.694604677927317837e+01,9.849256235007952899e+06
4.859844088720571563e+03,6.000000000000000000e+00,1.000000000000000000e+00,8.162839753305082269e-01,3.525048983624452603e+01,8.885645810191566125e+06
9.600092350534971047e+03,7.000000000000000000e+00,2.000000000000000000e+00,1.292427010467045889e+00,2.241740996428091748e+01,3.521159813333389163e+07
1.888582696609815321e+04,2.000000000000000000e+00,1.000000000000000000e+00,9.180548365513644393e-01,2.864178309046401338e+01,3.318667666162758693e+07
1.484243910776181110e+04,5.000000000000000000e+00,1.000000000000000000e+00,1.271621790587506018e+00,1.564487256694678052e+01,3.821841919185629487e+07
4.775728714675506126e+03,4.000000000000000000e+00,2.000000000000000000e+00,1.223097456293578800e+00,2.758017196449987551e+01,1.588134175715094432e+07
1.727548598832662174e+04,3.000000000000000000e+00,2.000000000000000000e+00,1.381288234557894290e+00,3.498543594367072274e+01,5.828924229236109555e+07
7.937090146387813547e+03,5.000000000000000000e+00,1.000000000000000000e+00,1.379347580956715724e+00,1.673282670846159803e+01,2.389499248109021038e+07
1.712341034539886095e+04,8.000000000000000000e+00,1.000000000000000000e+00,9.646463747934559407e-01,3.597178304205074539e+01,3.896079661133763939e+07
5.288972200833940406e+03,1.000000000000000000e+00,1.000000000000000000e+00,1.259869748734050887e+00,2.515229853094998447e+01,1.372221231398753077e+07
1.260201587156456117e+04,8.000000000000000000e+00,2.000000000000000000e+00,9.901130514679543637e-01,2.845774237394171635e+01,3.459953139823213220e+07
1.857740746877686979e+04,7.000000000000000000e+00,3.000000000000000000e+00,1.177518763297756621e+00,1.356501716544449820e+01,7.462471594065767527e+07
5.603143777467206746e+03,5.000000000000000000e+00,2.000000000000000000e+00,1.158647650972755905e+00,2.529272307531724806e+01,1.770794789280875027e+07
1.404277585736558649e+04,5.000000000000000000e+00,1.000000000000000000e+00,8.327261093726988639e-01,2.133018754387162375e+01,2.606837718153405562e+07
1.975386482716858882e+04,3.000000000000000000e+00,2.000000000000000000e+00,8.031090499012145667e-01,3.469207936432307804e+01,3.889107691467794776e+07
3.521606772514267959e+03,2.000000000000000000e+00,1.000000000000000000e+00,8.346584087568857946e-01,3.314025143368546367e+01,6.655692703485164791e+06
2.315004439593083589e+03,5.000000000000000000e+00,1.000000000000000000e+00,8.767652285190447037e-01,1.790017796775231673e+01,5.011979115742044523e+06
1.367938673342943366e+04,7.000000000000000000e+00,1.000000000000000000e+00,9.545914948086642315e-01,3.440609254614700063e+01,3.131299592590241134e+07
7.190877386331188973e+03,2.000000000000000000e+00,2.000000000000000000e+00,1.344173133945537391e+00,3.254437658250029131e+01,2.380717556736295670e+07
1.982142860911867729e+03,6.000000000000000000e+00,2.000000000000000000e+00,1.111179605208011845e+00,2.371151551107417532e+01,6.396874112707804888e+06
9.820928986941920812e+03,6.000000000000000000e+00,2.000000000000000000e+00,1.278135043304473140e+00,8.463537263686209400e+00,3.275456897455238923e+07
1.522315118509274180e+04,7.000000000000000000e+00,2.000000000000000000e+00,1.302987051264324680e+00,1.082370721978613304e+01,5.357221421950326115e+07
6.131374568054661722e+03,3.000000000000000000e+00,2.000000000000000000e+00,1.240965859154324669e+00,8.306227340214006105e+00,1.829723508336425573e+07
7.099909423599613547e+03,4.000000000000000000e+00,3.000000000000000000e+00,1.034831074652343252e+00,9.239793439471831960e+00,2.261530967163307220e+07
1.700656837255126084e+04,4.000000000000000000e+00,3.000000000000000000e+00,1.318315636304589589e+00,3.530857123179232815e+01,7.133401574540600181e+07
1.068939509787286806e+04,7.000000000000000000e+00,1.000000000000000000e+00,1.245229851992552206e+00,1.236501897648456882e+01,2.921145065010701492e+07
1.694900019484555742e+04,8.000000000000000000e+00,3.000000000000000000e+00,1.245890866043031453e+00,2.672563747021989045e+01,7.112366271197396517e+07
9.259956147587963642e+03,4.000000000000000000e+00,1.000000000000000000e+00,1.340944596299341374e+00,2.509584773048309003e+01,2.642160669642606005e+07
1.908771813426600784e+04,8.000000000000000000e+00,1.000000000000000000e+00,1.159198083474610286e+00,2.493434594559011330e+01,5.348655084124106169e+07
1.322541504052409255e+04,5.000000000000000000e+00,2.000000000000000000e+00,1.117144657977305888e+00,1.220111998788089380e+01,3.834856776010864228e+07
2.848437987193438858e+03,4.000000000000000000e+00,1.000000000000000000e+00,1.334097534558245091e+00,2.338039783153828566e+01,8.353722766401943751e+06
1.777080397159993299e+04,1.000000000000000000e+00,2.000000000000000000e+00,1.072677036898518121e+00,2.476615048754854698e+01,4.479959598016189039e+07
1.009174470211747757e+04,5.000000000000000000e+00,1.000000000000000000e+00,1.286942417617305656e+00,2.311215949935333214e+01,2.714213142711953074e+07
3.347795978674356775e+03,6.000000000000000000e+00,2.000000000000000000e+00,8.323078162668846591e-01,1.158487401827035868e+01,7.978271734116174281e+06
3.562188596523561955e+03,8.000000000000000000e+00,3.000000000000000000e+00,8.007739666737933026e-01,2.769181791224126954e+01,1.018926484127601609e+07
1.393815834113151323e+04,6.000000000000000000e+00,3.000000000000000000e+00,1.116975493762613958e+00,8.197294857495331044e+00,5.023158267486041784e+07
1.519026630552101778e+03,1.000000000000000000e+00,1.000000000000000000e+00,8.441671362898282016e-01,2.373600035458865776e+01,3.251654067669144366e+06
6.159919039327977771e+03,5.000000000000000000e+00,2.000000000000000000e+00,1.385925808071838183e+00,1.908777997203939947e+01,2.424171180271191150e+07
3.311879255115441083e+03,6.000000000000000000e+00,2.000000000000000000e+00,8.033007044238793526e-01,1.350859779399220884e+01,7.025643440807227045e+06
9.156902134575313539e+03,4.000000000000000000e+00,2.000000000000000000e+00,1.230889781899187740e+00,3.022166967078416278e+01,3.060820376746556163e+07
8.638463176690609544e+03,4.000000000000000000e+00,2.000000000000000000e+00,9.460308174717324547e-01,1.127677700016551654e+01,2.155918043957367912e+07
1.072440283296380403e+04,7.000000000000000000e+00,3.000000000000000000e+00,1.380531203163233744e+00,3.398945279693852939e+01,4.846271535681030154e+07
6.024944784589086339e+03,5.000000000000000000e+00,2.000000000000000000e+00,1.028924990376737680e+00,3.253695084963560902e+01,1.740453045446382090e+07
1.221645633936637751e+03,6.000000000000000000e+00,1.000000000000000000e+00,8.163700557583191131e-01,1.681762641486248810e+01,2.428183220393769909e+06
1.251909046678260347e+04,4.000000000000000000e+00,3.000000000000000000e+00,8.161614592452697270e-01,1.515458792575779867e+01,3.353667196236458048e+07
7.850129255917616319e+03,3.000000000000000000e+00,3.000000000000000000e+00,1.132024023034813087e+00,1.012460050256706445e+01,2.739903973126206920e+07
1.323589897555690004e+04,5.000000000000000000e+00,1.000000000000000000e+00,1.392027187418768630e+00,3.348983447801867896e+01,3.896157812738899142e+07
2.708139233602807963e+03,8.000000000000000000e+00,2.000000000000000000e+00,1.387864121027431619e+00,2.482595576469816123e+01,1.095697633872704022e+07
8.672806927045764951e+02,5.000000000000000000e+00,3.000000000000000000e+00,1.002363783373559469e+00,6.953507464302094654e+00,2.701679825374224223e+06
5.416908408974679332e+03,6.000000000000000000e+00,2.000000000000000000e+00,1.089622189513338224e+00,2.132998243684831152e+01,1.626285419967585243e+07
9.457018066084612656e+03,1.000000000000000000e+00,2.000000000000000000e+00,8.602734834786897045e-01,8.573968434881606981e+00,1.935867959816598892e+07
8.244996298868265512e+03,8.000000000000000000e+00,3.000000000000000000e+00,1.113306113595039060e+00,2.321252054858525327e+01,2.965912047463437542e+07
1.631986957230524786e+04,2.000000000000000000e+00,3.000000000000000000e+00,1.159820959428963905e+00,2.126885154962437241e+01,5.755990364389759302e+07
7.930050297340784709e+03,8.000000000000000000e+00,2.000000000000000000e+00,9.506369993667926899e-01,8.485381365081661187e+00,2.256754803135260940e+07
1.089055888429973129e+04,4.000000000000000000e+00,1.000000000000000000e+00,1.167268661549104358e+00,3.047581779350318598e+01,2.737986376864627749e+07
1.211420249337852874e+04,8.000000000000000000e+00,2.000000000000000000e+00,1.339815651017752351e+00,1.386951531498833035e+01,4.555376063842577487e+07
1.023528997928745184e+03,8.000000000000000000e+00,3.000000000000000000e+00,8.005732000540883853e-01,2.224453092500096929e+01,3.357532044664578978e+06
1.059358751081606715e+04,7.000000000000000000e+00,1.000000000000000000e+00,9.373602645847667336e-01,2.517116629891603097e+01,2.287933489364121482e+07
7.289726432337454753e+03,8.000000000000000000e+00,2.000000000000000000e+00,9.259517379943629223e-01,3.486913600725499407e+01,1.904484674621777609e+07
8.772834477055139359e+03,5.000000000000000000e+00,2.000000000000000000e+00,8.743317218202962815e-01,2.081435078639538006e+01,2.022788066341836005e+07
2.545575530807855102e+03,7.000000000000000000e+00,1.000000000000000000e+00,8.996607276422611266e-01,3.351947316863770254e+01,5.902825631891382858e+06
1.578671897358371643e+04,2.000000000000000000e+00,2.000000000000000000e+00,1.175547527219232613e+00,1.664572024043096832e+01,4.652626510947358608e+07
1.888264246568533781e+04,1.000000000000000000e+00,3.000000000000000000e+00,8.616166340903855803e-01,3.172311604949984698e+01,4.717904792706592381e+07
1.032015120214240142e+03,5.000000000000000000e+00,1.000000000000000000e+00,1.243118965412433052e+00,1.307478680854250186e+01,3.104634657509736717e+06
1.226663159854014884e+04,7.000000000000000000e+00,2.000000000000000000e+00,1.332213554335029970e+00,2.722439287306253419e+01,4.299139991745530069e+07
1.541857490539414721e+04,7.000000000000000000e+00,3.000000000000000000e+00,1.355952634507021415e+00,8.658359812649894849e+00,7.056773135927273333e+07
6.125267219807854417e+03,5.000000000000000000e+00,1.000000000000000000e+00,1.196105488591820531e+00,3.558151070050978149e+01,1.660707558508021012e+07
1.587857834634640494e+04,5.000000000000000000e+00,2.000000000000000000e+00,9.184378463801696757e-01,3.461809199587104047e+01,4.338544213634528965e+07
1.286768798486624473e+04,5.000000000000000000e+00,1.000000000000000000e+00,8.511779453239447513e-01,1.926640915552133038e+01,2.360344081072133780e+07
1.862575506605875853e+04,7.000000000000000000e+00,2.000000000000000000e+00,9.392149722841998116e-01,2.171805653970760730e+01,4.945697210325006396e+07
1.963149334026319411e+04,7.000000000000000000e+00,2.000000000000000000e+00,1.377174311471025536e+00,2.393324586954066291e+01,8.372994859928309917e+07
1.421514611574873243e+03,1.000000000000000000e+00,1.000000000000000000e+00,1.377407121050427286e+00,1.425112679069010113e+01,4.206795189935470000e+06
9.231792563923920170e+03,5.000000000000000000e+00,1.000000000000000000e+00,1.029151330351005145e+00,2.623414305615487763e+01,2.097840378404694051e+07
1.121156307901743276e+04,4.000000000000000000e+00,2.000000000000000000e+00,9.954749246585303801e-01,2.695685839813548057e+01,2.830552400156697258e+07
3.446818724228457995e+03,7.000000000000000000e+00,3.000000000000000000e+00,1.106006349355439067e+00,2.175229476975826870e+01,1.383534405245869979e+07
7.123945110290816956e+03,5.000000000000000000e+00,1.000000000000000000e+00,9.750128548804404272e-01,1.043222077455653007e+01,1.445697075121018477e+07
1.976036048647535790e+04,8.000000000000000000e+00,3.000000000000000000e+00,1.387797470993338056e+00,3.357557831674800042e+01,9.425673794439256191e+07
9.148708530439459992e+02,4.000000000000000000e+00,1.000000000000000000e+00,9.327328340147464925e-01,9.451352470368458825e+00,1.986717559768359410e+06
9.378653871573051219e+03,6.000000000000000000e+00,2.000000000000000000e+00,1.021485609309661147e+00,2.487516506131534300e+01,2.628770311820273846e+07
1.694749966133300768e+04,1.000000000000000000e+00,2.000000000000000000e+00,1.057622525420107040e+00,9.092657898292653584e+00,4.078193306218570471e+07
6.883684496754195607e+03,8.000000000000000000e+00,2.000000000000000000e+00,8.750384138486972940e-01,1.038302127398767816e+01,1.817234553768517077e+07
9.908090953449975132e+03,2.000000000000000000e+00,1.000000000000000000e+00,1.029694896062077980e+00,6.616149420864870123e+00,2.032884202259171009e+07
1.957408746828681251e+04,4.000000000000000000e+00,3.000000000000000000e+00,1.314038432061183981e+00,1.690092251570278847e+01,7.537490700254085660e+07
9.812610627628655493e+03,7.000000000000000000e+00,1.000000000000000000e+00,8.842166008740550698e-01,2.518747693266113430e+01,2.109317381929428130e+07
3.139873455642081353e+03,8.000000000000000000e+00,3.000000000000000000e+00,1.150413170495712345e+00,2.164632659198615983e+01,1.238251326526068710e+07
1.603396938327986618e+03,4.000000000000000000e+00,2.000000000000000000e+00,1.043982282836010134e+00,2.623617453745457340e+01,5.041194461597038433e+06
1.894108150533500157e+04,4.000000000000000000e+00,2.000000000000000000e+00,9.023220356704728662e-01,2.625056582612858591e+01,4.625709519580809772e+07
5.756702617536274374e+03,1.000000000000000000e+00,1.000000000000000000e+00,8.074016986695234932e-01,1.020521231982715982e+01,9.495369547182617709e+06
1.037883978735228811e+04,8.000000000000000000e+00,2.000000000000000000e+00,9.640059820939401725e-01,7.720122102651466811e+00,2.591177910010416433e+07
2.359614262145390967e+03,1.000000000000000000e+00,3.000000000000000000e+00,8.370973764188012201e-01,2.476074421304009476e+01,6.422210391501261853e+06
8.818909338681738518e+03,1.000000000000000000e+00,3.000000000000000000e+00,1.026061082778041200e+00,2.559672914925727838e+01,2.632246212772396952e+07
1.864404707345240604e+04,4.000000000000000000e+00,3.000000000000000000e+00,1.286125913419607247e+00,2.270111205425113354e+01,7.305759396260966361e+07
1.034681207644020469e+04,1.000000000000000000e+00,1.000000000000000000e+00,1.231811156526567475e+00,1.337287398972212138e+01,2.507779916946638376e+07
1.944002194496515949e+04,2.000000000000000000e+00,2.000000000000000000e+00,1.368430227021060208e+00,3.032295650946761612e+01,6.193641374092920870e+07
5.621411362405553518e+03,6.000000000000000000e+00,2.000000000000000000e+00,1.056209250402241562e+00,8.270580464887713035e+00,1.636252516327361576e+07
1.038817765025638073e+04,6.000000000000000000e+00,3.000000000000000000e+00,1.224680839155111611e+00,2.496935367964077912e+01,3.915455486698388308e+07
1.727489736110090962e+04,3.000000000000000000e+00,3.000000000000000000e+00,1.199205033261212083e+00,9.612346076381165005e+00,6.152181843974430859e+07
9.296095678342629981e+03,7.000000000000000000e+00,3.000000000000000000e+00,9.302277818949558075e-01,2.563343149299688761e+01,2.916413298023675382e+07
6.022055047261677828e+03,5.000000000000000000e+00,1.000000000000000000e+00,9.821495031395951480e-01,1.853177363470489425e+01,1.371496650556309149e+07
1.719622205030690384e+04,2.000000000000000000e+00,1.000000000000000000e+00,1.117897720038656173e+00,2.754309166313014146e+01,3.782952134691220522e+07
8.163855696128614909e+03,6.000000000000000000e+00,3.000000000000000000e+00,1.277994391403552976e+00,7.565766074308040601e+00,3.559443083816474676e+07
1.089603184656854137e+04,5.000000000000000000e+00,3.000000000000000000e+00,1.077087640677759417e+00,2.265248965441103834e+01,3.877353839731597900e+07
1.954462508845382399e+04,7.000000000000000000e+00,2.000000000000000000e+00,9.366449217053163245e-01,1.034633696640238831e+01,4.991196013856396824e+07
4.217775918263760104e+03,2.000000000000000000e+00,1.000000000000000000e+00,1.396079414168221788e+00,2.647144894831421169e+01,1.187980597653061524e+07
6.447172352371602756e+03,2.000000000000000000e+00,1.000000000000000000e+00,8.693472838122011659e-01,9.598668939350471163e+00,1.078178238819238730e+07
1.202750241354895024e+03,3.000000000000000000e+00,3.000000000000000000e+00,1.373533344494796582e+00,8.207499688557774675e+00,5.204818838533381000e+06
8.201651572255022984e+03,3.000000000000000000e+00,2.000000000000000000e+00,1.285427773058293255e+00,2.739368394550837849e+01,2.644856479004687071e+07
4.483558553346275403e+03,8.000000000000000000e+00,2.000000000000000000e+00,1.303336111584711077e+00,7.905958037048469222e+00,1.747660078308764473e+07
1.379267774691309387e+04,6.000000000000000000e+00,3.000000000000000000e+00,1.276950549854899641e+00,1.273592453794548263e+01,5.524512165390800685e+07
4.117636300057536573e+03,5.000000000000000000e+00,1.000000000000000000e+00,9.249025647827732177e-01,3.074205591377016233e+01,8.615602609871642664e+06
1.369136739667387155e+04,5.000000000000000000e+00,3.000000000000000000e+00,1.179549426437145110e+00,3.029064923424678923e+01,5.186661062952435017e+07
5.711423306872762623e+03,8.000000000000000000e+00,1.000000000000000000e+00,1.254049887470559010e+00,3.162377273342328010e+01,1.672942521166114695e+07
7.491225981951275571e+03,4.000000000000000000e+00,3.000000000000000000e+00,1.247411475260990832e+00,1.578299668766141117e+01,2.903414583348048851e+07
7.367896649700111084e+03,2.000000000000000000e+00,3.000000000000000000e+00,9.629392223264465756e-01,2.184144086250627836e+01,2.211077944743856415e+07
1.450498395317402174e+04,2.000000000000000000e+00,2.000000000000000000e+00,9.086716326582088277e-01,2.920042057818455916e+01,3.330893080038795620e+07
9.650279704883854720e+03,3.000000000000000000e+00,1.000000000000000000e+00,9.968737903487294716e-01,1.010956545033241483e+01,2.004644545328254253e+07
7.609198637742051687e+03,6.000000000000000000e+00,1.000000000000000000e+00,1.087906688226434992e+00,2.773172637647154559e+01,1.900807912366644293e+07
1.714088074936532576e+04,4.000000000000000000e+00,1.000000000000000000e+00,1.144268448238205949e+00,8.924590481839638656e+00,3.853887264418018609e+07
1.169584213743933287e+04,4.000000000000000000e+00,3.000000000000000000e+00,1.302170217391496188e+00,3.339751825880603064e+01,4.824020650216465443e+07
4.748317932793157524e+03,4.000000000000000000e+00,1.000000000000000000e+00,1.261420536622769539e+00,2.511930547534877434e+01,1.326807545049467124e+07
1.806177079598744240e+04,8.000000000000000000e+00,2.000000000000000000e+00,1.205690315399909673e+00,2.079915938069267511e+01,6.414275835096892715e+07
7.247415743052627477e+03,8.000000000000000000e+00,2.000000000000000000e+00,9.580935757656563467e-01,2.054187764001492411e+01,2.058173347240953147e+07
1.356199924224015604e+03,2.000000000000000000e+00,3.000000000000000000e+00,1.087328299360966088e+00,1.144086143534731193e+01,4.556689289436944760e+06
1.019524434510438732e+04,1.000000000000000000e+00,3.000000000000000000e+00,1.001261524476776632e+00,1.637752117363961091e+01,3.072086832733955607e+07
3.004398256153029251e+03,2.000000000000000000e+00,2.000000000000000000e+00,9.409569077303204798e-01,2.781370995951447256e+01,7.560243125055831857e+06
5.226249008085405876e+03,7.000000000000000000e+00,3.000000000000000000e+00,8.061472162300876709e-01,2.222830862563165510e+01,1.450623731743946485e+07
1.509395093013577389e+04,4.000000000000000000e+00,2.000000000000000000e+00,1.003677182342414431e+00,2.187918612300788368e+01,3.913930525424358249e+07
3.136585179500580580e+03,7.000000000000000000e+00,2.000000000000000000e+00,9.536697606287729556e-01,1.185737683636738282e+01,8.710293989123295993e+06
1.625471795246829242e+04,6.000000000000000000e+00,1.000000000000000000e+00,1.143141396180090030e+00,2.671086935861051970e+01,4.080687683819679171e+07
1.877600138974050060e+04,5.000000000000000000e+00,1.000000000000000000e+00,8.373810621702273416e-01,1.776101703184050962e+01,3.642096566556598246e+07
1.236672274791412747e+04,3.000000000000000000e+00,2.000000000000000000e+00,9.623117580261206783e-01,1.148260015315602445e+01,3.271984684454214573e+07
1.438096832524288766e+04,3.000000000000000000e+00,1.000000000000000000e+00,8.268616939930492071e-01,3.431354254788988101e+01,2.608590597780910879e+07
1.444358023220389805e+04,2.000000000000000000e+00,1.000000000000000000e+00,1.184850742708061677e+00,2.120396240596815574e+01,3.687720026580823213e+07
1.986047437104663186e+04,5.000000000000000000e+00,2.000000000000000000e+00,1.140913735141174890e+00,2.184109942537096316e+01,5.664936972311635315e+07
7.225842286711483212e+03,3.000000000000000000e+00,2.000000000000000000e+00,1.002488013844683890e+00,3.544115730644418250e+01,1.805222331551422924e+07
3.759417094108428046e+03,3.000000000000000000e+00,3.000000000000000000e+00,8.884007602613263055e-01,1.699218411511480298e+01,1.028534435332928039e+07
1.067184435733783721e+04,1.000000000000000000e+00,3.000000000000000000e+00,1.374751899661240895e+00,3.429062053687349021e+01,4.274038270483294129e+07
1.094504631073513883e+04,7.000000000000000000e+00,3.000000000000000000e+00,1.150635468433168107e+00,2.684776083406439895e+01,4.161466732241677493e+07
4.051502272945203003e+03,8.000000000000000000e+00,1.000000000000000000e+00,1.207468019943240822e+00,2.499286898234399601e+01,1.105644797730715014e+07
1.249432272848630600e+04,4.000000000000000000e+00,2.000000000000000000e+00,1.118809251961671025e+00,1.303254905827441767e+01,3.806732857971282303e+07
8.740198294503850320e+02,5.000000000000000000e+00,3.000000000000000000e+00,1.283919948587723070e+00,7.552670171633703688e+00,4.026233771576283965e+06
1.859676700761189932e+04,8.000000000000000000e+00,2.000000000000000000e+00,1.337828029728872714e+00,1.913351514855416369e+01,7.425734767674140632e+07
5.732740989732476010e+03,5.000000000000000000e+00,2.000000000000000000e+00,1.029626326158577854e+00,6.305128859871752312e+00,1.642390682766211033e+07
1.367468042769721251e+03,5.000000000000000000e+00,2.000000000000000000e+00,1.214015187338366442e+00,8.130075323111503494e+00,4.627466353075739928e+06
2.700039164612226614e+03,4.000000000000000000e+00,2.000000000000000000e+00,9.379324907278381307e-01,2.385980267083118989e+01,6.889797046510075219e+06
5.260829596625048907e+03,5.000000000000000000e+00,2.000000000000000000e+00,1.191113028297223098e+00,2.773415499219082392e+01,1.728623895039865747e+07
5.913779670957277631e+03,5.000000000000000000e+00,1.000000000000000000e+00,1.039493377985931666e+00,1.103844995772830728e+01,1.459581098482339829e+07
1.236513990255936278e+03,6.000000000000000000e+00,2.000000000000000000e+00,8.040689596407830653e-01,2.797501238021321512e+01,3.336187388465053868e+06
6.019483356558345804e+03,5.000000000000000000e+00,1.000000000000000000e+00,1.373316721053572387e+00,3.449177479784255240e+01,1.825588995938234031e+07
4.343069687973553300e+03,5.000000000000000000e+00,3.000000000000000000e+00,1.321064927323231331e+00,2.829528242178589892e+01,1.952238647305970266e+07
7.945245992229660260e+03,1.000000000000000000e+00,3.000000000000000000e+00,9.745019302076169954e-01,2.954145658725098755e+01,2.387575204829873517e+07
8.072254104705803002e+03,8.000000000000000000e+00,2.000000000000000000e+00,1.398654388539716242e+00,2.702137740805115484e+01,3.141140978602916747e+07
7.176750167695854543e+03,8.000000000000000000e+00,2.000000000000000000e+00,9.902766047339204292e-01,1.274212321364253597e+01,2.014724706118852273e+07
6.961723340495657794e+03,2.000000000000000000e+00,3.000000000000000000e+00,1.075306511875444793e+00,1.682669826467508045e+01,2.184162437109061703e+07
2.340786788180274016e+03,3.000000000000000000e+00,2.000000000000000000e+00,1.310755415704650151e+00,3.447800888309451750e+01,8.617767496080426499e+06
1.088975974247546219e+03,8.000000000000000000e+00,2.000000000000000000e+00,9.827578107968245602e-01,2.583631736910356125e+01,3.825621552062212955e+06
4.521017423035451429e+03,3.000000000000000000e+00,1.000000000000000000e+00,1.070324170632499960e+00,2.967074201802216749e+01,1.030702680132362060e+07
1.527899889188233828e+04,7.000000000000000000e+00,1.000000000000000000e+00,1.199352300273953231e+00,3.506083856534031895e+01,4.379944903424578905e+07
1.982170945169176775e+04,7.000000000000000000e+00,1.000000000000000000e+00,8.782805328634569753e-01,1.294310761537997223e+01,3.952336167150365561e+07
1.861340779611218386e+04,7.000000000000000000e+00,1.000000000000000000e+00,1.053410221215030695e+00,1.565060001979660420e+01,4.848891233925037086e+07
1.038185549743271258e+04,1.000000000000000000e+00,3.000000000000000000e+00,9.856459624169758849e-01,2.534404958503498762e+01,3.017718843156110495e+07
1.091738280209192453e+04,4.000000000000000000e+00,2.000000000000000000e+00,1.206064583518890787e+00,6.730724213520219656e+00,3.400695615439211577e+07
6.702882439295345648e+03,5.000000000000000000e+00,3.000000000000000000e+00,8.815816340362231385e-01,2.313657232001117237e+01,1.954272604530217499e+07
1.561442510957053128e+04,7.000000000000000000e+00,2.000000000000000000e+00,9.396388874605624553e-01,3.026065138543496502e+01,4.069471332449176908e+07
1.543627974589338373e+04,2.000000000000000000e+00,3.000000000000000000e+00,1.226825722251489559e+00,2.431330121472375438e+01,5.191302993292645365e+07
1.697888373709942243e+04,3.000000000000000000e+00,2.000000000000000000e+00,8.937346218344689452e-01,1.486179851688332576e+01,3.824010179544860125e+07
1.797278879761955614e+04,2.000000000000000000e+00,2.000000000000000000e+00,1.053211557343933791e+00,2.772312250008184975e+01,4.677429933011669666e+07
9.026375415570737459e+03,7.000000000000000000e+00,3.000000000000000000e+00,1.227728433255571128e+00,1.038094874039836668e+01,3.425065917263334990e+07
1.547738602127963350e+04,8.000000000000000000e+00,2.000000000000000000e+00,1.259281030658003120e+00,3.284320407835549815e+01,5.562098016388791800e+07
1.624413533864004421e+04,2.000000000000000000e+00,1.000000000000000000e+00,8.569287072030010721e-01,9.027450931213662599e+00,2.572925111789412051e+07
6.584116676456353161e+03,2.000000000000000000e+00,2.000000000000000000e+00,1.311197365651686875e+00,3.190473401287304256e+01,2.172853540864348784e+07
1.862729953371930969e+04,3.000000000000000000e+00,2.000000000000000000e+00,1.234383380677979813e+00,2.093428283208697493e+01,5.903598027485307306e+07
2.430225151209316209e+03,8.000000000000000000e+00,2.000000000000000000e+00,1.003576753215988271e+00,1.885941010463405476e+01,7.377746407420350239e+06
1.988882207576768633e+04,4.000000000000000000e+00,3.000000000000000000e+00,1.258281711398143932e+00,2.101985281726294019e+01,7.592875908730490506e+07
1.553975993228206607e+04,3.000000000000000000e+00,3.000000000000000000e+00,1.236979319204395411e+00,1.200618909278763624e+01,5.762524677615899593e+07
2.409455563291948692e+03,3.000000000000000000e+00,2.000000000000000000e+00,1.160534735905031312e+00,1.973056738676440602e+01,7.303362961618279107e+06
1.333085517323701242e+04,5.000000000000000000e+00,1.000000000000000000e+00,1.135088704043506702e+00,3.149159447695975445e+01,3.325917677742485702e+07
1.263080572008247145e+03,4.000000000000000000e+00,2.000000000000000000e+00,1.240822093339751131e+00,3.002865726656396816e+01,4.805382006003418006e+06
1.554162681921714830e+04,2.000000000000000000e+00,3.000000000000000000e+00,1.399555941023272521e+00,1.089145603473987833e+01,6.151557011165093631e+07
1.610492468018567342e+04,7.000000000000000000e+00,1.000000000000000000e+00,1.147131349589531224e+00,2.620262934387185183e+01,4.253468589100693166e+07
1.228675890997408533e+04,4.000000000000000000e+00,3.000000000000000000e+00,1.285230723057348756e+00,3.170511794896275859e+01,4.968754414874076098e+07
1.722309160318146678e+04,3.000000000000000000e+00,2.000000000000000000e+00,1.246564230389349603e+00,3.059302765856427797e+01,5.450365713765721023e+07
2.498935636168278506e+03,6.000000000000000000e+00,3.000000000000000000e+00,1.313485041220295191e+00,1.876897329891544075e+01,1.205774233321967907e+07
5.952922535591776068e+03,6.000000000000000000e+00,3.000000000000000000e+00,1.372714916830482856e+00,7.442785210383474848e+00,2.623796675733658299e+07
8.635043918897808908e+03,2.000000000000000000e+00,3.000000000000000000e+00,9.158499244764891634e-01,3.393508268921247861e+01,2.368328781168270856e+07
1.423684284865106747e+03,1.000000000000000000e+00,3.000000000000000000e+00,8.992757818370697986e-01,1.787655347544185958e+01,4.026525262872872874e+06
9.295392098880623962e+03,1.000000000000000000e+00,1.000000000000000000e+00,1.151811097048940358e+00,1.682929911769031150e+01,2.047129615379650891e+07
5.745141048583779593e+03,7.000000000000000000e+00,2.000000000000000000e+00,1.069577037731902713e+00,2.878544833436438921e+01,1.816453236066665500e+07
8.219059234774007564e+03,6.000000000000000000e+00,1.000000000000000000e+00,1.142433615751501375e+00,1.391916646476067676e+01,2.037171405290279165e+07
8.846991060650745567e+03,7.000000000000000000e+00,1.000000000000000000e+00,1.278825640691304999e+00,3.104243769501875860e+01,2.555315615690316632e+07
1.766058762966109134e+04,6.000000000000000000e+00,1.000000000000000000e+00,1.359028688029547904e+00,8.281546824579468336e+00,5.172171739702206850e+07
5.844614828236197354e+03,4.000000000000000000e+00,3.000000000000000000e+00,1.050449495119134991e+00,2.822133602148632647e+01,1.874648245450675860e+07
1.793861669709567650e+04,5.000000000000000000e+00,2.000000000000000000e+00,1.230759587326174742e+00,3.497368471324594452e+01,5.501678577729685605e+07
8.863836717369274993e+03,6.000000000000000000e+00,3.000000000000000000e+00,9.180795127048456683e-01,3.587306390622520524e+01,2.648859001301930845e+07
6.959469781463328218e+03,4.000000000000000000e+00,1.000000000000000000e+00,1.120731169612714240e+00,3.371413080192499478e+01,1.779357218109280616e+07
1.034873375710183245e+04,8.000000000000000000e+00,1.000000000000000000e+00,8.130828666683119765e-01,3.212287216218928165e+01,2.024074964872353896e+07
8.704219755439087749e+03,8.000000000000000000e+00,3.000000000000000000e+00,1.102250340279858243e+00,1.436640673373190680e+01,3.451582364458922297e+07
5.593022873269834236e+03,7.000000000000000000e+00,3.000000000000000000e+00,1.127201875475299930e+00,3.499945087889292239e+01,2.218483323459913582e+07
1.035197890104369799e+04,8.000000000000000000e+00,3.000000000000000000e+00,1.241267201466998760e+00,3.383689781443058564e+01,4.479550393452756107e+07
3.544953621729326642e+03,4.000000000000000000e+00,1.000000000000000000e+00,1.189690874124194941e+00,2.203117521075559893e+01,1.009873805810224824e+07
7.427440894645542357e+03,1.000000000000000000e+00,2.000000000000000000e+00,1.015038040583480905e+00,1.806232963181038542e+01,1.847341788943333551e+07
1.157633025585735777e+04,4.000000000000000000e+00,1.000000000000000000e+00,8.034385404278728826e-01,9.278017606745645907e+00,1.977867547859809175e+07
8.620119941163255135e+03,6.000000000000000000e+00,3.000000000000000000e+00,8.692915241737694254e-01,2.371902233475374189e+01,2.460739078068468720e+07
1.658389980438545172e+04,7.000000000000000000e+00,1.000000000000000000e+00,1.383836392110471269e+00,2.701637845566592944e+01,5.535913561933627725e+07
5.580402173782224963e+03,4.000000000000000000e+00,3.000000000000000000e+00,1.353399894989183450e+00,1.811989749544586914e+01,2.359439111785664037e+07
1.941356862932159493e+04,3.000000000000000000e+00,1.000000000000000000e+00,9.950558978486871986e-01,1.818088681891595826e+01,3.896984686740279198e+07
1.582360720451621637e+04,4.000000000000000000e+00,1.000000000000000000e+00,9.553117639543325934e-01,2.319934172142911422e+01,3.302642302057315782e+07
1.937130470435096140e+04,7.000000000000000000e+00,3.000000000000000000e+00,1.061849776214022434e+00,6.833522877214853963e+00,6.538035232690846175e+07
1.685984916370789870e+04,1.000000000000000000e+00,2.000000000000000000e+00,1.213964017767243497e+00,3.473597689160246915e+01,5.105652534191693366e+07
3.356816161521867798e+03,3.000000000000000000e+00,2.000000000000000000e+00,1.014096603594784263e+00,1.469717121290128148e+01,9.093938052862953395e+06
1.081332575831926624e+04,2.000000000000000000e+00,2.000000000000000000e+00,8.403763086386933923e-01,1.022672585306640336e+01,2.243903628943356499e+07
3.897583311198242882e+03,7.000000000000000000e+00,1.000000000000000000e+00,1.041677055466637913e+00,6.164651884037711582e+00,9.468265708727452904e+06
1.647361064096879272e+04,4.000000000000000000e+00,3.000000000000000000e+00,9.563533966888591031e-01,3.170674624157139831e+01,4.614111763342650980e+07
1.193274569415594124e+04,1.000000000000000000e+00,2.000000000000000000e+00,9.949580067267270733e-01,3.189622127399007212e+01,2.948253646982418373e+07
5.710916698523971718e+03,3.000000000000000000e+00,1.000000000000000000e+00,8.977743474723827166e-01,8.859198135531304530e+00,1.052082706077601016e+07
1.863422005693912433e+04,1.000000000000000000e+00,2.000000000000000000e+00,1.195304041667388351e+00,1.056723908666402956e+01,5.987123606962701678e+07
2.834609434296657128e+03,4.000000000000000000e+00,1.000000000000000000e+00,1.115978559947135018e+00,1.943706693773303940e+01,7.161488178384678438e+06
1.153893062734349223e+04,8.000000000000000000e+00,1.000000000000000000e+00,9.625178703772125921e-01,1.157112519198946821e+01,2.512290804490432888e+07
1.458818676053447416e+04,5.000000000000000000e+00,2.000000000000000000e+00,1.132317488783744830e+00,2.807463410510270663e+01,4.186766266452566534e+07
1.741661624249176612e+03,7.000000000000000000e+00,1.000000000000000000e+00,1.095624708300342753e+00,7.741192371171670139e+00,4.706231984624331817e+06
1.219840704420035036e+04,6.000000000000000000e+00,1.000000000000000000e+00,1.277584913939616706e+00,2.249127997157598102e+01,3.426422424909405410e+07
1.642848357998402571e+04,8.000000000000000000e+00,2.000000000000000000e+00,1.373590561604120852e+00,1.748374695341712481e+01,6.204506214211324602e+07
1.910029899710235441e+03,3.000000000000000000e+00,2.000000000000000000e+00,8.784023053871936604e-01,1.994839451076754600e+01,4.790285471299059689e+06
1.053751363946856509e+04,8.000000000000000000e+00,1.000000000000000000e+00,1.330348087344789709e+00,1.874271353086805192e+01,3.343553297474138439e+07
5.616009256085556444e+03,2.000000000000000000e+00,3.000000000000000000e+00,1.222878162970941318e+00,1.059477547603960979e+01,2.084258123246449605e+07
1.346073435981626426e+04,4.000000000000000000e+00,3.000000000000000000e+00,1.215532127178742705e+00,1.260844455925686880e+01,5.048400269189838320e+07
2.902340921329591310e+03,6.000000000000000000e+00,1.000000000000000000e+00,1.024580538285483344e+00,7.944230967312797986e+00,6.764924525816516951e+06
1.877879775500783217e+04,3.000000000000000000e+00,1.000000000000000000e+00,1.006344917278952700e+00,9.458567258972138347e+00,3.929134028870599717e+07
1.795773448526579523e+04,3.000000000000000000e+00,2.000000000000000000e+00,8.033836908935102494e-01,3.533684467256745165e+01,3.774042462916650623e+07
4.207903745588757374e+03,2.000000000000000000e+00,3.000000000000000000e+00,1.389322924782384616e+00,1.439360435031755792e+01,1.773423190842673555e+07
6.871358156683029847e+03,1.000000000000000000e+00,1.000000000000000000e+00,1.163903499423829313e+00,1.521076618018692628e+01,1.667496578572139703e+07
1.200011850826903537e+04,5.000000000000000000e+00,3.000000000000000000e+00,1.041397174354355304e+00,9.813189912963631301e+00,3.951204025150936097e+07
1.453040933070445863e+04,8.000000000000000000e+00,1.000000000000000000e+00,1.126261293135307096e+00,2.865492613490254570e+01,3.696427309205204248e+07
9.187526694109008531e+03,2.000000000000000000e+00,1.000000000000000000e+00,8.243162204577575425e-01,3.372428430561845403e+01,1.588826077030020393e+07
3.632051646042916218e+03,4.000000000000000000e+00,3.000000000000000000e+00,9.041905731750012887e-01,2.969251611199953089e+01,1.112962282571168989e+07
2.620538979775708867e+03,8.000000000000000000e+00,1.000000000000000000e+00,1.174015954978041565e+00,2.437847488302515586e+01,7.111324163115981035e+06
1.999544753613827197e+04,7.000000000000000000e+00,1.000000000000000000e+00,1.108557037810172119e+00,3.039698746831728471e+01,4.687259401408637315e+07
9.433831156003652723e+03,1.000000000000000000e+00,3.000000000000000000e+00,1.272244893756579787e+00,1.812690698798575184e+01,3.593235332824224979e+07
1.752711593348086535e+04,5.000000000000000000e+00,2.000000000000000000e+00,1.195245614267202328e+00,3.178492065242062381e+01,5.951172135475140810e+07
9.958094489804820114e+03,2.000000000000000000e+00,2.000000000000000000e+00,1.160861405587632289e+00,2.995556548914546013e+01,2.770934350529681891e+07
1.849373818779246358e+04,2.000000000000000000e+00,3.000000000000000000e+00,1.289159422583187942e+00,6.051739327689571013e+00,7.007838949572098255e+07
2.302532025768081439e+03,2.000000000000000000e+00,2.000000000000000000e+00,8.409578633311404205e-01,2.063382404752550769e+01,5.194851820925677195e+06
2.811972311890288893e+03,5.000000000000000000e+00,2.000000000000000000e+00,1.214532077858771153e+00,1.393849728237678498e+01,9.266967620558168739e+06
1.863486444184994980e+04,2.000000000000000000e+00,1.000000000000000000e+00,1.229354427973409214e+00,8.586987491030864561e+00,4.656596767629095167e+07
1.898136507386882658e+04,3.000000000000000000e+00,2.000000000000000000e+00,9.650981298080065773e-01,3.138588128243324604e+01,4.452030599705924839e+07
6.705518480828049178e+03,2.000000000000000000e+00,1.000000000000000000e+00,9.173897818924366954e-01,6.238490529033668963e+00,1.189996381622693874e+07
7.490198807681113976e+03,3.000000000000000000e+00,3.000000000000000000e+00,9.283114852735995237e-01,2.790490506166080920e+01,2.124604758386775479e+07
9.377534555794305561e+03,6.000000000000000000e+00,2.000000000000000000e+00,9.188845180591965756e-01,3.564576362991558511e+01,2.401622488834891096e+07
8.673536593305441784e+03,4.000000000000000000e+00,1.000000000000000000e+00,1.114269314542156719e+00,2.046059300118707114e+01,1.983555852304683626e+07
4.286877189616175201e+03,3.000000000000000000e+00,3.000000000000000000e+00,8.813757868194971312e-01,1.713721589824303848e+01,1.210580714735578746e+07
1.802848244842386703e+04,5.000000000000000000e+00,1.000000000000000000e+00,1.195571516851610117e+00,2.417498863424140154e+01,4.605611815890388191e+07
5.514167453689487957e+03,5.000000000000000000e+00,1.000000000000000000e+00,8.630469553692617923e-01,3.014093482943016511e+01,1.077659618037671968e+07
1.428228474386644120e+04,1.000000000000000000e+00,3.000000000000000000e+00,8.161337841861537878e-01,1.320755981325836537e+01,3.392984994635624439e+07
1.902820148058473933e+03,8.000000000000000000e+00,3.000000000000000000e+00,9.915741454675226496e-01,1.352104287460608667e+01,6.622082289153494872e+06
1.351775831651531689e+03,8.000000000000000000e+00,3.000000000000000000e+00,9.151158342398246770e-01,2.421534042260540431e+01,4.906942638453291729e+06
1.328237116799225987e+04,5.000000000000000000e+00,2.000000000000000000e+00,1.393197233246049382e+00,3.419639462562916066e+01,4.785206842593919486e+07
7.176907636921250742e+03,5.000000000000000000e+00,3.000000000000000000e+00,9.817977803703303863e-01,1.495319927276290350e+01,2.120826296268852055e+07
1.331591221876802592e+04,6.000000000000000000e+00,1.000000000000000000e+00,9.332384516153082732e-01,1.730263989687039228e+01,2.735095278557556495e+07
2.424011322075309181e+03,4.000000000000000000e+00,2.000000000000000000e+00,9.180618940995287636e-01,3.579999904380868259e+01,6.652502758733302355e+06
1.902711677036774927e+04,3.000000000000000000e+00,1.000000000000000000e+00,1.024311742882094256e+00,1.128666495619547305e+01,3.819281908987843245e+07
1.512118065772605041e+04,3.000000000000000000e+00,2.000000000000000000e+00,1.163509337198946669e+00,8.309045051259122516e+00,4.207105967791859806e+07
1.759958432070050549e+04,2.000000000000000000e+00,1.000000000000000000e+00,1.269167165027769384e+00,2.369265716641818287e+01,4.556789614858201891e+07
3.247528748463511874e+03,7.000000000000000000e+00,1.000000000000000000e+00,1.018745748645841109e+00,6.728009652648990091e+00,7.357320565996912308e+06
6.811122796521665805e+03,3.000000000000000000e+00,2.000000000000000000e+00,1.175582588025673614e+00,1.141299693824468164e+01,1.927414575868951529e+07
7.745876785603075405e+03,3.000000000000000000e+00,3.000000000000000000e+00,1.089235938967632489e+00,2.466627542071404022e+01,2.686336908428221568e+07
1.102114937754027960e+04,8.000000000000000000e+00,2.000000000000000000e+00,1.307897207752038993e+00,2.578537202073998813e+01,4.025004698175105453e+07
6.359248618843836994e+03,5.000000000000000000e+00,2.000000000000000000e+00,1.141425066295061130e+00,2.131275748942859138e+01,2.060138452086360008e+07
1.776236398474459293e+03,5.000000000000000000e+00,2.000000000000000000e+00,9.739350031274600639e-01,1.751244138688149832e+01,5.010549153707746416e+06
7.756240586306931618e+03,2.000000000000000000e+00,2.000000000000000000e+00,1.222152354306953459e+00,2.328592753265544957e+01,2.418304926586005092e+07
5.538256703769273372e+03,3.000000000000000000e+00,1.000000000000000000e+00,1.292038692813797462e+00,2.530157259099716072e+01,1.515441612757979520e+07
8.086873054386368494e+03,6.000000000000000000e+00,2.000000000000000000e+00,1.079264394058379040e+00,3.010446138874952027e+01,2.173515593572344631e+07
4.421015126828508983e+03,4.000000000000000000e+00,3.000000000000000000e+00,1.392318343329391306e+00,2.978252484629542352e+01,1.871196192682295293e+07
5.680789666555868280e+03,2.000000000000000000e+00,1.000000000000000000e+00,1.327458127514788089e+00,2.594402296544843622e+01,1.564214302038392052e+07
1.276287540438601354e+04,7.000000000000000000e+00,2.000000000000000000e+00,9.181728017992949464e-01,3.282697749685397071e+01,3.364763584749190509e+07
8.130184390814461949e+03,4.000000000000000000e+00,3.000000000000000000e+00,1.272053523293742217e+00,3.114075760786256453e+01,3.013991960186275095e+07
7.300437827488146468e+03,6.000000000000000000e+00,2.000000000000000000e+00,1.160570746609859594e+00,9.997380246538206450e+00,2.307657181419579685e+07
1.095776927481403436e+04,3.000000000000000000e+00,1.000000000000000000e+00,1.120886778684700769e+00,3.470038323970450023e+01,2.484789966720268875e+07
1.557409449237215995e+04,5.000000000000000000e+00,2.000000000000000000e+00,1.108363151947741043e+00,3.275226906953761130e+01,4.682519283508437127e+07
7.950038353150370313e+03,7.000000000000000000e+00,3.000000000000000000e+00,1.312046685669457258e+00,1.562781538523879377e+01,3.455087936794372648e+07
1.199787815558330658e+04,8.000000000000000000e+00,1.000000000000000000e+00,1.166523673342068967e+00,6.605532558211184124e+00,3.319164799272527173e+07
1.934433093214262044e+04,2.000000000000000000e+00,2.000000000000000000e+00,1.122623591032240187e+00,2.411927840274862334e+01,5.633075001142562181e+07
1.072641421389018251e+04,6.000000000000000000e+00,3.000000000000000000e+00,8.293159440548294459e-01,1.915252730599164011e+01,2.953272040325629711e+07
1.825007298444036132e+04,8.000000000000000000e+00,1.000000000000000000e+00,1.068981721855134293e+00,2.848699987758395835e+01,4.697505171608648449e+07
1.599724891057468267e+04,6.000000000000000000e+00,2.000000000000000000e+00,1.344824937227304673e+00,2.173799293525867427e+01,5.780827608794213831e+07
1.739142424012904257e+03,2.000000000000000000e+00,3.000000000000000000e+00,1.227042037606771441e+00,8.294713057528403155e+00,7.168701712256228551e+06
8.924518106503583112e+03,2.000000000000000000e+00,2.000000000000000000e+00,8.305723868336920557e-01,1.334062260764327590e+01,1.766291372980020940e+07
1.414737711265060898e+04,2.000000000000000000e+00,2.000000000000000000e+00,1.330395369290625407e+00,3.247571268379589071e+01,4.611847392637247592e+07
1.974221110149507876e+04,1.000000000000000000e+00,1.000000000000000000e+00,1.296000332826232393e+00,7.130690871451502488e+00,5.187606564847591519e+07
9.492500048533343943e+03,7.000000000000000000e+00,3.000000000000000000e+00,1.128010526941716662e+00,2.810009008194861124e+01,3.687459262036376446e+07
2.400037810058744981e+03,8.000000000000000000e+00,2.000000000000000000e+00,8.134432791093689774e-01,1.475830523854297027e+01,5.988953754183559678e+06
1.150297798942963527e+04,5.000000000000000000e+00,3.000000000000000000e+00,1.137457770820280434e+00,1.957919409127491406e+01,4.262954849176171422e+07
3.055337567204829611e+03,5.000000000000000000e+00,2.000000000000000000e+00,8.327534299558556619e-01,2.193016295734825860e+01,6.659810858925896697e+06
1.517947946942023191e+04,7.000000000000000000e+00,2.000000000000000000e+00,9.922273757824882079e-01,1.350244071921603251e+01,4.457141532658460736e+07
1.044893375075848962e+04,4.000000000000000000e+00,2.000000000000000000e+00,1.177345771341643310e+00,2.555881328992988344e+01,3.211408639656104520e+07
1.463456854651935828e+04,4.000000000000000000e+00,3.000000000000000000e+00,1.347747850329304553e+00,2.680326654293628508e+01,6.414348822563732415e+07
1.746561944144335939e+04,5.000000000000000000e+00,3.000000000000000000e+00,1.014677382355687163e+00,8.551784390123252422e+00,5.123560007802288979e+07
1.280159153295787655e+04,3.000000000000000000e+00,1.000000000000000000e+00,1.316014269730071851e+00,1.721781227554262017e+01,3.528326024950878322e+07
1.248132298751172311e+04,1.000000000000000000e+00,3.000000000000000000e+00,1.351016606240309725e+00,2.833131903618874503e+01,4.766713800277160853e+07
1.523866373152884626e+04,5.000000000000000000e+00,3.000000000000000000e+00,8.126263282743886318e-01,2.764912679523395767e+01,4.041724432530243695e+07
1.694362702818174876e+04,7.000000000000000000e+00,1.000000000000000000e+00,9.436567026515189083e-01,2.233810031715717415e+01,3.687553996069376171e+07
1.745964345377385325e+04,1.000000000000000000e+00,1.000000000000000000e+00,1.225917379536499263e+00,2.933024339604042297e+01,4.309307252399957925e+07
1.306745796247936141e+03,2.000000000000000000e+00,3.000000000000000000e+00,1.254105825847728894e+00,9.229346791195297328e+00,4.805517133941496722e+06
1.139009175787711320e+04,3.000000000000000000e+00,3.000000000000000000e+00,1.035450110130232471e+00,9.546338035335901750e+00,3.545085104671337456e+07
4.795624610072497489e+03,7.000000000000000000e+00,2.000000000000000000e+00,1.194052767663712933e+00,2.572467900889034453e+01,1.632897660643517971e+07
1.729071028116659727e+04,5.000000000000000000e+00,2.000000000000000000e+00,1.167295170417220973e+00,2.680001603685386513e+01,5.502303753480899334e+07
1.317891509294520620e+04,5.000000000000000000e+00,3.000000000000000000e+00,1.243864976960635804e+00,3.043580565963210915e+01,5.421605900775216520e+07
8.752316093229299440e+03,6.000000000000000000e+00,1.000000000000000000e+00,1.231195056647073072e+00,1.143110633319771097e+01,2.406921383854814991e+07
4.249222025554215179e+03,3.000000000000000000e+00,1.000000000000000000e+00,8.515224787942168305e-01,2.150314978293315349e+01,7.540442628490140662e+06
7.177058342844633444e+03,6.000000000000000000e+00,3.000000000000000000e+00,8.949501085640365616e-01,2.582493891406747366e+01,2.133111490243043378e+07
1.425328727408035593e+04,1.000000000000000000e+00,1.000000000000000000e+00,8.796362883555896017e-01,1.271098721487045147e+01,2.735297525878608972e+07
4.564575177105793045e+03,1.000000000000000000e+00,2.000000000000000000e+00,1.359488041905691169e+00,2.150783596781972307e+01,1.644683194854189456e+07
2.415509139564431280e+03,7.000000000000000000e+00,2.000000000000000000e+00,1.348125589011793579e+00,2.515335073171788238e+01,8.472389039886048064e+06
1.782775790961449093e+04,6.000000000000000000e+00,2.000000000000000000e+00,1.278447361758181966e+00,1.243348534433041053e+01,6.200554031439209729e+07
1.542568078185426566e+04,2.000000000000000000e+00,1.000000000000000000e+00,8.700311364055756114e-01,1.726690230750424249e+01,2.827279587841677666e+07
4.476021654767771906e+03,4.000000000000000000e+00,3.000000000000000000e+00,1.144562881951751487e+00,1.249016430407123934e+01,1.589136724116323143e+07
6.270843942541838260e+03,1.000000000000000000e+00,3.000000000000000000e+00,9.123383756539108491e-01,3.308828713285795686e+01,1.681713311211550981e+07
1.945816143633918182e+04,6.000000000000000000e+00,1.000000000000000000e+00,1.021030362535281455e+00,1.310396645789975345e+01,4.344273648506837338e+07
1.433877904312687679e+04,7.000000000000000000e+00,2.000000000000000000e+00,9.602547659824477444e-01,9.625038779573909409e+00,3.908742679070774466e+07
1.244412688174819959e+04,3.000000000000000000e+00,1.000000000000000000e+00,1.297358588892479458e+00,7.054659345814310534e+00,3.170557150991794094e+07
6.567992617228128438e+03,3.000000000000000000e+00,1.000000000000000000e+00,8.866708397115639073e-01,7.348604172340505336e+00,1.268332167799486592e+07
6.403027796830531770e+03,2.000000000000000000e+00,3.000000000000000000e+00,1.187707501166045398e+00,1.174758704900450823e+01,2.245915919690826163e+07
1.366758202590471001e+03,4.000000000000000000e+00,2.000000000000000000e+00,1.390336798265700002e+00,2.424625533920857023e+01,5.302777351707451977e+06
1.473254821789746893e+04,3.000000000000000000e+00,2.000000000000000000e+00,1.212232749952180111e+00,6.529496235333679621e+00,4.720003020718023926e+07
1.437599366103559987e+03,2.000000000000000000e+00,3.000000000000000000e+00,8.475400934041759093e-01,1.460231774271441552e+01,3.681829415384687018e+06
6.942323528792132947e+02,4.000000000000000000e+00,3.000000000000000000e+00,1.344709701177514871e+00,7.745006739698979459e+00,2.985942180007722694e+06
1.475220470450299581e+04,7.000000000000000000e+00,3.000000000000000000e+00,1.185847806613757660e+00,1.810976310897503083e+01,5.646744269877433032e+07
1.900815088869303145e+04,7.000000000000000000e+00,3.000000000000000000e+00,1.073786587763122080e+00,7.457302134895728685e+00,7.283533240203677118e+07
1.527615912590982407e+04,3.000000000000000000e+00,2.000000000000000000e+00,1.195815487124671117e+00,2.422625329862484023e+01,4.536170901550339907e+07
9.749819698112945844e+03,8.000000000000000000e+00,2.000000000000000000e+00,1.327426598283582226e+00,2.665272796557045609e+01,3.395981820787966251e+07
1.002927784148093633e+04,2.000000000000000000e+00,1.000000000000000000e+00,1.086276336749149696e+00,2.794012648931290599e+01,2.195099037486017868e+07
9.061046599392644566e+03,8.000000000000000000e+00,3.000000000000000000e+00,1.118792889687337588e+00,1.273030195938765274e+01,3.489038673012950271e+07
6.898087141940472975e+03,3.000000000000000000e+00,1.000000000000000000e+00,1.071468439530772088e+00,3.205500485885229978e+01,1.643438035357662477e+07
1.072125575520530037e+04,5.000000000000000000e+00,3.000000000000000000e+00,8.435548557941991987e-01,2.670864501992779338e+01,3.166321147946923971e+07
8.964328568537632236e+03,2.000000000000000000e+00,3.000000000000000000e+00,1.272242076156415047e+00,7.699506578994611772e+00,3.539448299228349328e+07
1.220445687279103004e+04,7.000000000000000000e+00,1.000000000000000000e+00,8.758470461851033395e-01,1.922300126104281048e+01,2.463498737344091386e+07
1.802352956172123231e+04,3.000000000000000000e+00,3.000000000000000000e+00,1.036742006172986175e+00,2.903269480117443635e+01,5.462322965901360661e+07
1.990318269608191986e+04,7.000000000000000000e+00,3.000000000000000000e+00,1.032093707364637458e+00,1.532681780160689300e+01,7.210788790375909209e+07
2.127619823728592110e+03,1.000000000000000000e+00,2.000000000000000000e+00,9.680244752520428264e-01,1.744676321721794210e+01,5.299877639068901539e+06
8.062859369630023139e+03,5.000000000000000000e+00,2.000000000000000000e+00,1.041504275536651036e+00,2.488811481889628396e+01,2.219159097931438312e+07
4.105700197876103630e+03,2.000000000000000000e+00,3.000000000000000000e+00,1.170805466229457137e+00,7.664426403476934269e+00,1.399652501183771528e+07
7.431137194155353427e+03,8.000000000000000000e+00,2.000000000000000000e+00,9.868323873246270805e-01,3.500805121523752206e+01,2.047534378252508491e+07
6.176976559839406036e+03,4.000000000000000000e+00,1.000000000000000000e+00,9.035071626189659089e-01,1.123443031829183525e+01,1.175707562657444365e+07
3.986020353559692921e+03,6.000000000000000000e+00,1.000000000000000000e+00,1.321620506304360010e+00,6.800159989387809745e+00,1.161734909402381256e+07
1.542307543637303570e+04,8.000000000000000000e+00,3.000000000000000000e+00,1.382499589914281124e+00,6.159689461212607853e+00,7.364871848290906847e+07
1.022800161088717505e+04,5.000000000000000000e+00,2.000000000000000000e+00,1.075150294325792455e+00,1.798663124998187257e+01,2.902314652041587979e+07
1.843336429501418024e+04,1.000000000000000000e+00,1.000000000000000000e+00,9.962118274067515156e-01,3.252760096426133174e+01,3.476540433840578049e+07
1.232293398992081165e+03,2.000000000000000000e+00,3.000000000000000000e+00,8.284892466669376843e-01,3.059286237653786955e+01,3.506858607393135317e+06
1.899373454760604545e+03,2.000000000000000000e+00,1.000000000000000000e+00,8.221109243660319477e-01,3.336137394749084706e+01,3.988228365134451073e+06
8.423507508848675570e+03,8.000000000000000000e+00,1.000000000000000000e+00,1.035729197387241118e+00,2.201346957986696751e+01,2.059995497608264536e+07
2.157380015838320105e+03,8.000000000000000000e+00,2.000000000000000000e+00,1.358145210980579387e+00,1.946238701625492951e+01,8.555266298810295761e+06
5.696954170447769684e+03,4.000000000000000000e+00,1.000000000000000000e+00,1.238425126040938684e+00,1.757582928320383431e+01,1.494421088963129371e+07
1.972897701568649791e+04,8.000000000000000000e+00,2.000000000000000000e+00,1.009561651322465003e+00,7.392542273739175940e+00,5.722818641567928344e+07
4.653816385201513185e+03,2.000000000000000000e+00,3.000000000000000000e+00,1.380827855109236335e+00,3.328563768915461196e+01,2.069487727109619230e+07
4.443484183394559295e+03,6.000000000000000000e+00,3.000000000000000000e+00,1.057254741953438382e+00,2.088528276854182408e+01,1.509842247544754669e+07
1.172862897463675654e+04,4.000000000000000000e+00,3.000000000000000000e+00,9.660756463847874898e-01,1.965202293154530366e+01,3.533105992758654058e+07
1.026116684138724122e+04,2.000000000000000000e+00,1.000000000000000000e+00,1.055811946834614323e+00,2.145502461042352138e+01,2.304114057951636985e+07
1.186050296573518972e+04,3.000000000000000000e+00,1.000000000000000000e+00,9.269259361902997263e-01,2.982463554342601242e+01,2.253348229887834936e+07
7.908664397245805958e+03,4.000000000000000000e+00,3.000000000000000000e+00,1.331383262120477529e+00,1.273413257947691690e+01,3.255762630002881959e+07
1.663918978196197349e+04,3.000000000000000000e+00,2.000000000000000000e+00,1.016703986250614200e+00,2.729702036984769720e+01,4.324776552318340540e+07
3.288462697983778980e+03,2.000000000000000000e+00,3.000000000000000000e+00,1.194781378696592844e+00,2.732309222562098583e+01,1.152280286738670990e+07
8.910817329324432649e+03,3.000000000000000000e+00,1.000000000000000000e+00,1.033428319296298081e+00,3.148658346774548633e+01,1.977434521962622553e+07
1.398137985981528800e+04,2.000000000000000000e+00,3.000000000000000000e+00,1.341038850778377478e+00,6.260507953916100377e+00,5.499801285117709637e+07
1.744378694148825525e+04,8.000000000000000000e+00,2.000000000000000000e+00,1.185428451029377994e+00,1.111186629705396101e+01,5.989168828841100633e+07
7.769689163321098931e+03,4.000000000000000000e+00,3.000000000000000000e+00,1.092951134168779648e+00,2.013140556134266390e+01,2.526125079031120241e+07
1.161426462241880290e+04,1.000000000000000000e+00,1.000000000000000000e+00,8.792857815088030993e-01,3.151621162384435237e+01,2.071006409369670972e+07
1.941314933140873109e+03,5.000000000000000000e+00,2.000000000000000000e+00,1.341149997711322595e+00,3.495350584883952649e+01,8.175517008457547985e+06
3.904190309369481383e+03,8.000000000000000000e+00,3.000000000000000000e+00,1.128090120963062493e+00,2.384605844038204125e+01,1.662014681350590289e+07
1.941280351842621030e+03,3.000000000000000000e+00,2.000000000000000000e+00,9.710317837768505100e-01,1.236401926269060425e+01,5.318481828967803158e+06
1.472088930477132453e+04,7.000000000000000000e+00,2.000000000000000000e+00,1.326756135090022326e+00,1.153754087473937062e+01,5.164246948952151835e+07
6.188363393209529022e+03,5.000000000000000000e+00,1.000000000000000000e+00,8.326642564366447674e-01,2.518331861958802165e+01,1.189317631306762993e+07
1.464065862972165269e+04,6.000000000000000000e+00,3.000000000000000000e+00,9.884461503977429730e-01,1.230207441178213834e+01,4.580415791141476482e+07
1.888126613439526409e+03,3.000000000000000000e+00,1.000000000000000000e+00,1.122097040721288463e+00,2.259262271762658614e+01,4.958450574002522044e+06
1.733342732792151219e+04,1.000000000000000000e+00,2.000000000000000000e+00,1.003888601625975818e+00,3.104435787431706473e+01,4.122415594238513708e+07
1.680928584335517735e+04,3.000000000000000000e+00,3.000000000000000000e+00,1.086040553227314742e+00,1.769458945386270088e+01,5.129755987913469225e+07
2.325217615175483388e+03,8.000000000000000000e+00,2.000000000000000000e+00,9.585897513985903728e-01,1.735416569225787597e+01,6.626837646754721180e+06
1.060876225269418455e+03,7.000000000000000000e+00,2.000000000000000000e+00,8.780498545597383853e-01,7.084210106732212964e+00,2.827481340032488573e+06
1.692002971850628910e+03,7.000000000000000000e+00,1.000000000000000000e+00,8.221124831701110969e-01,1.362253735273664645e+01,3.499776756310523022e+06
1.716042535904663964e+04,8.000000000000000000e+00,2.000000000000000000e+00,8.945879389472851662e-01,2.694574378857823405e+01,4.467352303860802948e+07
5.153247687606777617e+03,3.000000000000000000e+00,3.000000000000000000e+00,1.371767908414887049e+00,1.681173735396589564e+01,2.176116050260401145e+07
1.123650236644885990e+04,3.000000000000000000e+00,1.000000000000000000e+00,1.145241880002042967e+00,1.074896751869765765e+01,2.704769713834097981e+07
8.869137541693100502e+03,8.000000000000000000e+00,2.000000000000000000e+00,1.093376075166770933e+00,9.173032012809812841e+00,2.815978639699860662e+07
1.603319520883488076e+04,5.000000000000000000e+00,2.000000000000000000e+00,1.030594303583425075e+00,8.851601344521267123e+00,4.336218559783332050e+07
1.008462704853100877e+04,3.000000000000000000e+00,1.000000000000000000e+00,1.225052087590031036e+00,2.577400299353685398e+01,2.602556689024941996e+07
1.031282030882863182e+04,3.000000000000000000e+00,3.000000000000000000e+00,8.847556855436560230e-01,2.437864436380645827e+01,2.986046633607462049e+07
1.978838362629810581e+04,8.000000000000000000e+00,2.000000000000000000e+00,9.656779205915980713e-01,2.155563016806254950e+01,5.473606133951755613e+07
3.512513400935587924e+03,1.000000000000000000e+00,1.000000000000000000e+00,1.193541271798251646e+00,2.100979344477418209e+01,8.715100360766187310e+06
1.671565641167106878e+04,1.000000000000000000e+00,2.000000000000000000e+00,1.087438618751136676e+00,1.059410558063614793e+01,4.407087849085195363e+07
1.603945064715364879e+03,6.000000000000000000e+00,3.000000000000000000e+00,1.262055523375453125e+00,2.101812674280261817e+01,6.954609803479058668e+06
9.866386129715632705e+03,1.000000000000000000e+00,3.000000000000000000e+00,1.338265906373991898e+00,7.798133298011396874e+00,3.716721103025501221e+07
1.779489558430065517e+04,2.000000000000000000e+00,2.000000000000000000e+00,1.294023554822393507e+00,3.377575375808063995e+01,5.797073260274205357e+07
1.350515093271995283e+04,8.000000000000000000e+00,2.000000000000000000e+00,9.105246285564392306e-01,7.740826620078204989e+00,3.416503917484752089e+07
1.389316361570297886e+04,4.000000000000000000e+00,3.000000000000000000e+00,8.548821413161871163e-01,1.870590584681755786e+01,3.664133677955261618e+07
5.708355275775819791e+03,6.000000000000000000e+00,1.000000000000000000e+00,9.016643603270291241e-01,6.017131692095166962e+00,1.107991110425999574e+07
8.720350952412212791e+03,4.000000000000000000e+00,1.000000000000000000e+00,1.270118414960138331e+00,2.958451316349733418e+01,2.406093015610417351e+07
7.711672631881579946e+03,1.000000000000000000e+00,2.000000000000000000e+00,1.348298653695626292e+00,1.098510565606890133e+01,2.581850362533314526e+07
1.071599827706508768e+04,2.000000000000000000e+00,2.000000000000000000e+00,1.355269320622314311e+00,3.374748053465034303e+01,3.626043107820607722e+07
9.567221844787161899e+03,7.000000000000000000e+00,2.000000000000000000e+00,9.789294736222673432e-01,7.319332435816935600e+00,2.394084182208820060e+07
6.941828026413593761e+03,1.000000000000000000e+00,1.000000000000000000e+00,1.304204826808134987e+00,3.062362003693280599e+01,1.885503023772893846e+07
6.526323880000699319e+03,5.000000000000000000e+00,3.000000000000000000e+00,1.121741321013257853e+00,2.569913438446764431e+01,2.370675574206306785e+07
5.466546098109369268e+03,3.000000000000000000e+00,2.000000000000000000e+00,1.293675109008924240e+00,1.349207156657671547e+01,1.743715023823977262e+07
7.681916589564313654e+03,3.000000000000000000e+00,3.000000000000000000e+00,1.129018905428000652e+00,1.207258827691784653e+01,2.706796899617689103e+07
3.508864671920776800e+03,8.000000000000000000e+00,3.000000000000000000e+00,8.875359318674709286e-01,1.673033800131067039e+01,1.024032801829882339e+07
1.751882345886933035e+04,5.000000000000000000e+00,3.000000000000000000e+00,8.475317306438584497e-01,3.085208649526064661e+01,4.929773269109285623e+07
1.228111620156848949e+04,5.000000000000000000e+00,2.000000000000000000e+00,1.374331489525603800e+00,3.185869645006366468e+01,4.525116959540714324e+07
3.195456656520795605e+03,3.000000000000000000e+00,2.000000000000000000e+00,1.055481533858947385e+00,1.125856138572977372e+01,7.983886231458240189e+06
1.406087108365462700e+04,4.000000000000000000e+00,1.000000000000000000e+00,1.010312386938390761e+00,1.660344119052992085e+01,3.040952606704301760e+07
1.704472947916068006e+04,6.000000000000000000e+00,2.000000000000000000e+00,1.013781850860986156e+00,1.312474151706761560e+01,4.621977180671611428e+07
5.208192037813822935e+03,1.000000000000000000e+00,3.000000000000000000e+00,1.027360646885283169e+00,9.679285429136935903e+00,1.514639684186805971e+07
3.521651530142919910e+03,2.000000000000000000e+00,2.000000000000000000e+00,1.366998096736602886e+00,2.539348162586783886e+01,1.210930180107366852e+07
7.671747883947898572e+02,5.000000000000000000e+00,1.000000000000000000e+00,8.376227524419055381e-01,1.637613069706605984e+01,1.778689437933748122e+06
1.516656573815811043e+03,5.000000000000000000e+00,1.000000000000000000e+00,8.714367724293795581e-01,1.276152134329002408e+01,3.092809038992567454e+06
1.538767615708812446e+04,1.000000000000000000e+00,2.000000000000000000e+00,1.273790909289109541e+00,3.197993320505928949e+01,4.428808838621062785e+07
1.975141484160886102e+04,7.000000000000000000e+00,2.000000000000000000e+00,1.129645694804083167e+00,2.844953792710699503e+01,6.546225499495087564e+07
1.470678256039765984e+03,5.000000000000000000e+00,3.000000000000000000e+00,8.771220547765712361e-01,2.921283446089027436e+01,4.727693000721812248e+06
1.511257660614991619e+04,2.000000000000000000e+00,3.000000000000000000e+00,8.206760820670018219e-01,7.175876735498404102e+00,3.534428955229948461e+07
1.994126017314625187e+03,7.000000000000000000e+00,2.000000000000000000e+00,9.345406089675364347e-01,3.345391347693198725e+01,5.709948373516525142e+06
1.208737680313113560e+04,8.000000000000000000e+00,2.000000000000000000e+00,9.564864426261626695e-01,2.324215133922705689e+01,3.420728191832505167e+07
1.526786047910781417e+04,4.000000000000000000e+00,3.000000000000000000e+00,8.085278177447852155e-01,2.111408414053556371e+01,3.635657761155562103e+07
7.568565306994110870e+03,3.000000000000000000e+00,1.000000000000000000e+00,9.296543230023159854e-01,6.317560380833434408e+00,1.464251310310927033e+07
8.121335895468764647e+02,3.000000000000000000e+00,2.000000000000000000e+00,1.242991362171439684e+00,3.292986631302314038e+01,3.288515013756189495e+06
1.214667343123326282e+04,5.000000000000000000e+00,2.000000000000000000e+00,1.313260213782202257e+00,2.231671411458001586e+01,4.177372204380251467e+07
1.983014578591653844e+04,1.000000000000000000e+00,3.000000000000000000e+00,1.338941497861830587e+00,3.075460387021605868e+01,7.306610969726842642e+07
5.597778003066817291e+03,4.000000000000000000e+00,3.000000000000000000e+00,1.033948419586125933e+00,2.566532882214881184e+01,1.791813635474286973e+07
4.276130777431986644e+03,1.000000000000000000e+00,2.000000000000000000e+00,9.916482355421345485e-01,2.990080840532641204e+01,1.092837315376779996e+07
3.004162319418190236e+03,1.000000000000000000e+00,2.000000000000000000e+00,1.399916508924732295e+00,2.678795245673407166e+01,1.086438962860458158e+07
1.137195902606108939e+04,4.000000000000000000e+00,3.000000000000000000e+00,1.261604270552953100e+00,3.362891707007480591e+01,4.338841640508591384e+07
1.217103492758930224e+04,6.000000000000000000e+00,2.000000000000000000e+00,1.122411248544532558e+00,1.276452559018649069e+01,3.706823737198755145e+07
1.597005424110580498e+04,8.000000000000000000e+00,1.000000000000000000e+00,9.528628596136379247e-01,1.206300314198721502e+01,3.641796041827401519e+07
1.520962150823788761e+04,1.000000000000000000e+00,1.000000000000000000e+00,9.927832717310628441e-01,2.737624685835366023e+01,2.812538688347318769e+07
1.791530499902469091e+04,2.000000000000000000e+00,3.000000000000000000e+00,1.109218609297632163e+00,2.104184401750406863e+01,5.856240726963160932e+07
1.623199034784064679e+04,4.000000000000000000e+00,2.000000000000000000e+00,1.125249751874450421e+00,2.397483511004610079e+01,4.590820469024097174e+07
5.396981411741222473e+03,5.000000000000000000e+00,1.000000000000000000e+00,8.082071865642067587e-01,2.725627407573680827e+01,9.614979164499912411e+06
1.138402165458976560e+04,8.000000000000000000e+00,3.000000000000000000e+00,1.375640051162884570e+00,2.242284591000007765e+01,5.355643109363721311e+07
6.369792006415451397e+03,6.000000000000000000e+00,3.000000000000000000e+00,1.145363748410938021e+00,2.963080342998588534e+01,2.360636508790807426e+07
6.997836363299147706e+03,5.000000000000000000e+00,2.000000000000000000e+00,1.153494946645480024e+00,1.556602067807557432e+01,2.064300470402385294e+07
1.867972076306193048e+04,1.000000000000000000e+00,1.000000000000000000e+00,9.268826802522915909e-01,3.176971330799076298e+01,3.638686326586934924e+07
1.382878055830122685e+04,1.000000000000000000e+00,3.000000000000000000e+00,1.258992307280748735e+00,9.230290587768021027e+00,5.168485863543836772e+07
1.950705401707145211e+04,2.000000000000000000e+00,1.000000000000000000e+00,1.242358712055105618e+00,2.502011930883560353e+01,4.527240400995271653e+07
8.688103212343643463e+03,6.000000000000000000e+00,2.000000000000000000e+00,8.570947840428584374e-01,3.270397522580393002e+01,1.968923318718060106e+07
1.102628892306714624e+04,3.000000000000000000e+00,3.000000000000000000e+00,1.156996623355952103e+00,1.358082383705113827e+01,3.943028057553810626e+07
1.005003914637858179e+04,2.000000000000000000e+00,2.000000000000000000e+00,1.194916247197927994e+00,1.580504024771738791e+01,2.959602296720904112e+07
2.681368915960302274e+03,6.000000000000000000e+00,1.000000000000000000e+00,1.301340904744326288e+00,1.516325335478216729e+01,8.516116388596972451e+06
5.192018693816105042e+03,7.000000000000000000e+00,1.000000000000000000e+00,9.236547073506263805e-01,2.292791135325101237e+01,1.160666332880569808e+07
1.083614539572695321e+04,4.000000000000000000e+00,2.000000000000000000e+00,1.326580878083843507e+00,1.838615446695445499e+01,3.799697775217075646e+07
1.907061519580321146e+03,8.000000000000000000e+00,3.000000000000000000e+00,1.076888643024557446e+00,9.238778549847070920e+00,6.817726354601411149e+06
1.867036142859245228e+04,6.000000000000000000e+00,3.000000000000000000e+00,8.579141715833868975e-01,3.273861665269379984e+01,5.320042352143689245e+07
3.002567429701393849e+03,6.000000000000000000e+00,1.000000000000000000e+00,8.633727329065256084e-01,1.214029887476022296e+01,5.684746442319941707e+06
4.440826480487998197e+03,7.000000000000000000e+00,1.000000000000000000e+00,9.186826722039017623e-01,2.202240032965588767e+01,1.020570931819272600e+07
1.544723174440954972e+04,2.000000000000000000e+00,3.000000000000000000e+00,9.696504235911851399e-01,2.384414687811784361e+01,4.510070213470691442e+07
2.480530110712686110e+03,7.000000000000000000e+00,1.000000000000000000e+00,1.097843482675879834e+00,7.222555309426250680e+00,6.079973605082692578e+06
1.806539513253894256e+04,8.000000000000000000e+00,1.000000000000000000e+00,1.249250718646735869e+00,8.871369829630117110e+00,5.360270475857017189e+07
1.467859883201719094e+04,8.000000000000000000e+00,2.000000000000000000e+00,9.120355412116594174e-01,3.515069131288655058e+01,4.209496206715780497e+07
1.931244627911862608e+03,5.000000000000000000e+00,2.000000000000000000e+00,1.395591076699721711e+00,2.593537020448147246e+01,7.696204267011600547e+06
1.402183298894166546e+04,7.000000000000000000e+00,1.000000000000000000e+00,8.969131590621876038e-01,7.006955311392808028e+00,2.900245369057295471e+07
1.285359371812356585e+04,8.000000000000000000e+00,1.000000000000000000e+00,1.159626780633288501e+00,2.982597661958996227e+01,3.429478991000775993e+07
1.529257899515442114e+04,7.000000000000000000e+00,1.000000000000000000e+00,1.357364261522803872e+00,2.125628427832456424e+01,4.724106195085941255e+07
1.666703833829311770e+04,8.000000000000000000e+00,2.000000000000000000e+00,1.299504453726096243e+00,8.255987162354267994e+00,5.758966812361288816e+07
1.453600092555920855e+04,7.000000000000000000e+00,1.000000000000000000e+00,1.188733520997895976e+00,2.642256294143373907e+01,3.940885463161842525e+07
1.197182012825685524e+04,4.000000000000000000e+00,1.000000000000000000e+00,1.229295798074538926e+00,2.098055417605405637e+01,3.142952188175436109e+07
6.855788380486486858e+03,6.000000000000000000e+00,2.000000000000000000e+00,8.805233760232186180e-01,1.214759403332769594e+01,1.779746211287574098e+07
1.412710903950062493e+04,4.000000000000000000e+00,1.000000000000000000e+00,8.057978322561489826e-01,3.233106816266458594e+01,2.289974470565141737e+07
1.916524874183712018e+04,7.000000000000000000e+00,1.000000000000000000e+00,1.060489270616223667e+00,1.474139574900762462e+01,4.543009490073890239e+07
1.199792254226016121e+04,7.000000000000000000e+00,2.000000000000000000e+00,8.537113558029818527e-01,1.453669906359923303e+01,3.010877180078808963e+07
1.348829044762452577e+04,8.000000000000000000e+00,1.000000000000000000e+00,1.014651537147694516e+00,1.418320745376836101e+01,3.140574561074893922e+07
9.080284018676133201e+03,5.000000000000000000e+00,2.000000000000000000e+00,9.342456761418425071e-01,2.902367331267153716e+01,2.296281685275752470e+07
1.526874370901564362e+04,4.000000000000000000e+00,2.000000000000000000e+00,1.349808033428445686e+00,2.718356011141596440e+01,5.205811916498906165e+07
1.995474741136953526e+04,2.000000000000000000e+00,2.000000000000000000e+00,1.328033599404834453e+00,3.309437056411071865e+01,6.355599529056660831e+07
3.711552886914080318e+03,6.000000000000000000e+00,2.000000000000000000e+00,1.291365709118605043e+00,1.288017658752839267e+01,1.229437508508769795e+07
4.526662422372988658e+03,5.000000000000000000e+00,3.000000000000000000e+00,1.228366579048392415e+00,2.959093786628424994e+01,1.771427539373088628e+07
1.106509251808915542e+04,5.000000000000000000e+00,1.000000000000000000e+00,8.924431574624162034e-01,2.319136729584288048e+01,2.090038905294717848e+07
9.938682706876170414e+03,6.000000000000000000e+00,1.000000000000000000e+00,8.290204557194910118e-01,1.526038828958003535e+01,1.854377438915394619e+07
1.168845381943034408e+04,7.000000000000000000e+00,1.000000000000000000e+00,1.192332714712815545e+00,7.063623972232519144e+00,3.043901704026658833e+07
1.552036525850896851e+03,2.000000000000000000e+00,3.000000000000000000e+00,1.185354882305059476e+00,3.056842649553330205e+01,6.020717100865037180e+06
8.442963252810710401e+03,4.000000000000000000e+00,3.000000000000000000e+00,1.021654570852688515e+00,1.323214114540068920e+01,2.627406795431039110e+07
1.190977828407187917e+04,6.000000000000000000e+00,3.000000000000000000e+00,1.083611999861358255e+00,2.495229108644758398e+01,4.192139689580143243e+07
1.195271221531627634e+04,7.000000000000000000e+00,2.000000000000000000e+00,1.093489632942793666e+00,2.246603808179437678e+01,3.586080847517186403e+07
1.335227885830644664e+04,7.000000000000000000e+00,2.000000000000000000e+00,9.439568796479038681e-01,6.133486159403516602e+00,3.345634411470606551e+07
1.457219096265167718e+04,7.000000000000000000e+00,2.000000000000000000e+00,9.884999671445515723e-01,3.583030889819286813e+01,4.079194686994992197e+07
1.304601574481261741e+04,7.000000000000000000e+00,1.000000000000000000e+00,1.051033732798100973e+00,3.042988067400386143e+01,3.285489738288222253e+07
1.593071721455503939e+04,8.000000000000000000e+00,2.000000000000000000e+00,1.161907417946953736e+00,2.059413811910046377e+01,5.298397972251018882e+07
1.272035631288107834e+04,5.000000000000000000e+00,2.000000000000000000e+00,1.373491523610435472e+00,2.641024110727149221e+01,4.564328659955299646e+07
1.102764865322176774e+04,2.000000000000000000e+00,1.000000000000000000e+00,1.123090765711423966e+00,2.029782709772317872e+01,2.513762780425367132e+07
1.236021072042353080e+04,5.000000000000000000e+00,3.000000000000000000e+00,1.238698345725920857e+00,2.833758813836192303e+01,4.471187095454820246e+07
2.563151315014647480e+03,6.000000000000000000e+00,3.000000000000000000e+00,1.284200661437331803e+00,1.002985637456682255e+01,1.074419412771398760e+07
5.899236890075088013e+03,1.000000000000000000e+00,1.000000000000000000e+00,8.681048727851321534e-01,1.939052985702090837e+01,1.030333329950650781e+07
1.083155574476774564e+04,7.000000000000000000e+00,3.000000000000000000e+00,1.191874800532364498e+00,1.606611531218580069e+01,4.111885126557119191e+07
1.753595197879311672e+04,5.000000000000000000e+00,1.000000000000000000e+00,1.089266432152654618e+00,1.978965730482104490e+01,4.021958814867816865e+07
1.377360019198706505e+04,8.000000000000000000e+00,3.000000000000000000e+00,1.143458565348735245e+00,1.951417958581092549e+01,5.235567326979915053e+07
2.353916722354812919e+03,2.000000000000000000e+00,3.000000000000000000e+00,8.230501614614268435e-01,1.029281849337582955e+01,6.151817560884885490e+06
1.209013403862144514e+04,8.000000000000000000e+00,1.000000000000000000e+00,1.343729441928430912e+00,3.529465712127087329e+01,3.977026359530048072e+07
4.901716960159719747e+03,4.000000000000000000e+00,2.000000000000000000e+00,1.371670489745270061e+00,6.464764283643841480e+00,1.685835586493945122e+07
1.483992125990122440e+04,5.000000000000000000e+00,1.000000000000000000e+00,8.020891542107670968e-01,6.302188344521965746e+00,2.515699771469593421e+07
1.665235253866969651e+04,6.000000000000000000e+00,3.000000000000000000e+00,9.276749552249065056e-01,1.720323955600973420e+01,4.897574161839629710e+07
1.211305168824548309e+04,5.000000000000000000e+00,1.000000000000000000e+00,9.081165042253700470e-01,2.461129048040452716e+01,2.499439291830832139e+07
1.207243462918316800e+04,8.000000000000000000e+00,1.000000000000000000e+00,1.268782710367910793e+00,1.138959680444784794e+01,3.558641889030374587e+07
7.168673998289792507e+03,2.000000000000000000e+00,1.000000000000000000e+00,1.158848035467092252e+00,2.199582011712482910e+01,1.721798868328287825e+07
9.257250410529402870e+03,6.000000000000000000e+00,1.000000000000000000e+00,9.064001979780390572e-01,2.768315903890436758e+01,1.950902902026238292e+07
1.736370206401770338e+04,8.000000000000000000e+00,1.000000000000000000e+00,1.288382573191316105e+00,8.821818271204534767e+00,5.025021391722061485e+07
1.463241442076283602e+04,2.000000000000000000e+00,2.000000000000000000e+00,1.012084923083448995e+00,3.553267224047799999e+01,3.935502073045621812e+07
1.068322099809935571e+04,3.000000000000000000e+00,2.000000000000000000e+00,1.076514125775861253e+00,1.610101943217883047e+01,2.938208342526816204e+07
7.743708293218396648e+03,4.000000000000000000e+00,2.000000000000000000e+00,1.032383963192387233e+00,2.527246241361746826e+01,2.052978585389731452e+07
1.577366922797954430e+03,6.000000000000000000e+00,1.000000000000000000e+00,1.112828123864737728e+00,9.321595745597271332e+00,4.046300916149613913e+06
3.374343585731871372e+03,8.000000000000000000e+00,1.000000000000000000e+00,1.088085481297235146e+00,2.728459166163979077e+01,9.542765598187400028e+06
4.344688677063790237e+03,7.000000000000000000e+00,3.000000000000000000e+00,9.647504015974656122e-01,3.121369041187458038e+01,1.427122459048193321e+07
7.843640739218290037e+03,7.000000000000000000e+00,1.000000000000000000e+00,1.054733622496304202e+00,9.158554269918671054e+00,1.949440584112009034e+07
1.891638675327972669e+04,4.000000000000000000e+00,1.000000000000000000e+00,1.345002289912579974e+00,9.775894631101987642e+00,5.223821162091176212e+07
1.039997586025972487e+04,6.000000000000000000e+00,2.000000000000000000e+00,1.101736481887547026e+00,1.443142243161683069e+01,3.033894057325736806e+07
5.155899167229083105e+03,2.000000000000000000e+00,1.000000000000000000e+00,1.349831846253425116e+00,6.358074461259878518e+00,1.444065295935705677e+07
2.651552666753373160e+03,4.000000000000000000e+00,2.000000000000000000e+00,1.130076228690778617e+00,3.558153883011689800e+01,8.319036992844596505e+06
7.163127177297502385e+03,2.000000000000000000e+00,3.000000000000000000e+00,1.261290375958495247e+00,2.395152224857949008e+01,2.787971768534591421e+07
1.642517432969050424e+04,1.000000000000000000e+00,1.000000000000000000e+00,9.761547857958277064e-01,2.422768349890636586e+01,3.231930899249027669e+07
8.036850192163853535e+03,7.000000000000000000e+00,3.000000000000000000e+00,1.274248094026644740e+00,3.476886508954908095e+01,3.323065583088309318e+07
1.558661263683482139e+04,7.000000000000000000e+00,2.000000000000000000e+00,9.585929677909913460e-01,3.096087762958281431e+01,4.189172411482714862e+07
1.617247653686144986e+04,5.000000000000000000e+00,2.000000000000000000e+00,8.117299829857838045e-01,3.042728792905048252e+01,3.464031380765020102e+07
2.749922932154860064e+03,1.000000000000000000e+00,2.000000000000000000e+00,8.964373659066158240e-01,1.618507109704876967e+01,6.409182085740692914e+06
1.240799920095960442e+04,1.000000000000000000e+00,2.000000000000000000e+00,8.129917250192221223e-01,1.604590180393936549e+01,2.646984265448650345e+07
1.920646362939954997e+04,1.000000000000000000e+00,1.000000000000000000e+00,1.368237585134857159e+00,1.475213879437940534e+01,5.084753897907663882e+07
8.401478653128946462e+03,6.000000000000000000e+00,1.000000000000000000e+00,1.399986212250616369e+00,1.640087285328959865e+01,2.677248003724105284e+07
1.588315326658632102e+03,2.000000000000000000e+00,3.000000000000000000e+00,1.257338158171712239e+00,1.708526284079551516e+01,6.267133254062506370e+06
1.851207219100284419e+04,3.000000000000000000e+00,1.000000000000000000e+00,8.648768982509525971e-01,1.020011066941779987e+01,3.306862805618463084e+07
1.774312586250617096e+04,7.000000000000000000e+00,3.000000000000000000e+00,1.339367276199589618e+00,1.667843588106280706e+01,7.778785581902942061e+07
1.072954407585463559e+04,8.000000000000000000e+00,2.000000000000000000e+00,1.246265709959662571e+00,1.940241105734182980e+01,3.688379530263736099e+07
1.131371053467378624e+04,7.000000000000000000e+00,3.000000000000000000e+00,9.993467092412526842e-01,1.528042016239975709e+01,3.794035742025160044e+07
4.707777393856823437e+03,3.000000000000000000e+00,2.000000000000000000e+00,1.101366747085359199e+00,1.096040904472643263e+01,1.318610898184259050e+07
1.649734465756596182e+04,5.000000000000000000e+00,2.000000000000000000e+00,1.197055604757181424e+00,1.720231194535492847e+01,5.066296101857681572e+07
1.027284074480725212e+04,2.000000000000000000e+00,2.000000000000000000e+00,8.144302854039627837e-01,2.042723319649307712e+01,2.194795181839196384e+07
