area_sqft,floors,quality,location_factor,duration_months,cost_inr
1.721839410160728585e+04,2.000000000000000000e+00,3.000000000000000000e+00,9.720157265712902062e-01,3.442388122175341891e+01,5.048381740635462850e+07
1.235020258911197379e+04,1.000000000000000000e+00,1.000000000000000000e+00,1.222974871163123201e+00,1.730181707107693967e+01,3.193678576220626757e+07
1.216023669499373500e+04,6.000000000000000000e+00,2.000000000000000000e+00,1.322007000726457493e+00,3.506896881886546424e+01,4.164001867984989285e+07
1.871370066008824142e+04,4.000000000000000000e+00,2.000000000000000000e+00,9.429794023037052497e-01,6.690627806842709191e+00,4.975168993290486187e+07
1.669714438070446704e+04,6.000000000000000000e+00,1.000000000000000000e+00,1.087912037797009734e+00,1.293477754160497284e+01,3.745930284105795622e+07
1.379764184162899619e+04,2.000000000000000000e+00,1.000000000000000000e+00,1.229970652500463446e+00,1.487856422159266856e+01,3.455995703571882099e+07
1.801433817454892414e+04,6.000000000000000000e+00,1.000000000000000000e+00,1.129981691461072524e+00,3.383528013387105204e+01,4.914579966192074120e+07
1.410953757982699790e+04,7.000000000000000000e+00,3.000000000000000000e+00,1.335380560097013669e+00,1.842017237762886950e+01,6.101585464801812172e+07
1.535982327773014367e+04,1.000000000000000000e+00,3.000000000000000000e+00,1.375265973028648503e+00,1.321413137407474991e+01,5.873820046053191274e+07
1.560825109600887117e+04,8.000000000000000000e+00,3.000000000000000000e+00,8.048547511592872850e-01,2.631850719388240023e+01,4.498232377623421699e+07
1.964251663376990109e+04,4.000000000000000000e+00,3.000000000000000000e+00,1.198709354590228759e+00,1.528693518450833011e+01,7.070183038285902143e+07
1.913521335346434353e+04,1.000000000000000000e+00,3.000000000000000000e+00,9.766719050718832840e-01,1.769501532381000430e+01,5.403712432340883464e+07
1.422906420415154935e+04,5.000000000000000000e+00,3.000000000000000000e+00,1.102752394207803022e+00,3.093710804505383649e+01,5.143317840456498414e+07
1.422827438223500576e+04,4.000000000000000000e+00,2.000000000000000000e+00,1.087334062258561662e+00,1.375373390762795900e+01,3.979156830898717046e+07
1.537599659877810336e+04,8.000000000000000000e+00,1.000000000000000000e+00,8.809392891346242704e-01,3.119555912943459930e+01,3.290080916181719676e+07
1.203262179988790922e+04,5.000000000000000000e+00,1.000000000000000000e+00,8.300412496231276416e-01,1.173052000196671685e+01,2.189043769171617925e+07
1.447139014196101016e+04,2.000000000000000000e+00,1.000000000000000000e+00,8.119272973452930087e-01,3.289523164150362788e+01,2.357210858148708194e+07
1.961403213170891468e+04,2.000000000000000000e+00,3.000000000000000000e+00,1.033413235199302171e+00,2.953850232815514687e+01,5.785979485614605993e+07
1.870563822614783567e+04,7.000000000000000000e+00,1.000000000000000000e+00,1.266344564903945535e+00,2.902289372698224312e+01,5.139786090361612290e+07
1.628102605678083273e+04,1.000000000000000000e+00,2.000000000000000000e+00,1.255295519069997257e+00,1.221919703960647929e+01,5.413021016141850501e+07
1.588390836765990025e+04,4.000000000000000000e+00,2.000000000000000000e+00,1.307833121565458168e+00,2.706978266365153729e+01,5.484179751774086058e+07
1.956101344120630893e+04,3.000000000000000000e+00,1.000000000000000000e+00,1.114045047616382123e+00,2.590943966195985482e+01,4.449240759545233846e+07
1.674539349971331103e+04,2.000000000000000000e+00,3.000000000000000000e+00,1.207370671211641433e+00,3.357082094435516240e+01,6.088009982669511437e+07
1.954294334854968474e+04,6.000000000000000000e+00,2.000000000000000000e+00,9.023289597571640952e-01,1.106219947333229392e+01,4.481282892595072836e+07
1.998305395419296474e+04,1.000000000000000000e+00,3.000000000000000000e+00,1.075167520436157265e+00,1.847286022284041707e+01,5.574705406434810907e+07
1.227011723452556907e+04,1.000000000000000000e+00,1.000000000000000000e+00,1.174926358026924245e+00,6.396456607863711952e+00,2.854491930993697047e+07
1.294848481673877541e+04,4.000000000000000000e+00,1.000000000000000000e+00,1.129721281891477691e+00,2.584673004185849265e+01,3.088209561241136864e+07
1.808959070381477795e+04,4.000000000000000000e+00,2.000000000000000000e+00,8.935931135580627016e-01,2.259376950462923261e+01,4.329837143353389949e+07
1.300909975194644903e+04,4.000000000000000000e+00,2.000000000000000000e+00,1.320029517965058741e+00,3.397081434626723251e+01,4.159728960168160498e+07
1.473474284094852010e+04,1.000000000000000000e+00,2.000000000000000000e+00,1.089644085526170869e+00,1.220210177791588890e+01,3.918599202089954168e+07
1.440015431837177675e+04,6.000000000000000000e+00,2.000000000000000000e+00,1.347355405931927486e+00,1.894406055394772181e+01,5.110326387096626312e+07
1.640836072471778243e+04,5.000000000000000000e+00,3.000000000000000000e+00,1.177610256170483982e+00,2.386170515515011914e+01,6.209288246727111936e+07
1.240495809838749483e+04,8.000000000000000000e+00,2.000000000000000000e+00,1.102318158626861999e+00,2.223270488487298380e+01,3.904221247542650998e+07
1.560776303462030046e+04,1.000000000000000000e+00,2.000000000000000000e+00,1.078151671286453617e+00,1.743144457682716109e+01,3.870876678076044470e+07
1.644333249729057570e+04,2.000000000000000000e+00,2.000000000000000000e+00,1.030652752542258632e+00,8.940533115944562681e+00,3.893749493785890192e+07
1.295336419457486954e+04,7.000000000000000000e+00,1.000000000000000000e+00,1.294613478824523378e+00,2.265752564919303680e+01,3.697847158531511575e+07
1.473140068817950669e+04,7.000000000000000000e+00,2.000000000000000000e+00,1.175756139419571467e+00,1.387441131314102094e+01,4.757824546864245087e+07
1.603641399322518009e+04,6.000000000000000000e+00,1.000000000000000000e+00,1.276219958844318159e+00,7.433913261118271443e+00,4.647284253326781094e+07
1.443172088457910650e+04,7.000000000000000000e+00,1.000000000000000000e+00,1.192404064419751553e+00,2.096366045342440287e+01,4.123496776638250053e+07
1.534269068122502540e+04,3.000000000000000000e+00,1.000000000000000000e+00,9.190826997294994083e-01,1.104854460761372081e+01,3.020983389358624443e+07
1.531648801316890240e+04,8.000000000000000000e+00,1.000000000000000000e+00,8.447625595067655979e-01,6.134888331267201345e+00,3.005236493471945822e+07
1.274651073725483730e+04,4.000000000000000000e+00,1.000000000000000000e+00,8.635612900128356584e-01,2.998859802426090582e+01,2.576052775356902927e+07
1.670397120471454400e+04,8.000000000000000000e+00,2.000000000000000000e+00,1.076804496911766496e+00,2.369757639910734071e+01,5.174489992744340748e+07
1.259244689257913160e+04,7.000000000000000000e+00,2.000000000000000000e+00,1.178194383864687778e+00,2.857450933679924532e+01,4.429887014763137698e+07
1.664415545513824327e+04,5.000000000000000000e+00,1.000000000000000000e+00,1.192001705848318549e+00,2.145481597167463406e+01,4.494456666881834716e+07
1.266297212765757831e+04,4.000000000000000000e+00,2.000000000000000000e+00,9.337774867928392286e-01,2.918275965807286099e+01,3.039599405420593172e+07
1.631299054124249596e+04,1.000000000000000000e+00,1.000000000000000000e+00,8.809628614717417427e-01,2.363309045713610956e+01,2.749486706727898121e+07
1.880615186343325331e+04,3.000000000000000000e+00,3.000000000000000000e+00,1.223725867075305729e+00,3.226754201145188006e+01,6.660007912782847881e+07
1.431037008249299834e+04,2.000000000000000000e+00,2.000000000000000000e+00,8.439788061235012906e-01,6.562844199880605522e+00,2.867649393791726977e+07
1.266195885350745812e+04,5.000000000000000000e+00,1.000000000000000000e+00,1.037214894312970870e+00,3.132343956588805156e+01,2.772304623942689970e+07
1.456384073789173272e+04,2.000000000000000000e+00,3.000000000000000000e+00,9.955295724721399120e-01,7.041665013879992330e+00,4.177979399021421373e+07
1.539599354789914651e+04,2.000000000000000000e+00,2.000000000000000000e+00,1.293421853919654918e+00,1.774975746665703724e+01,4.868407457180976123e+07
1.689732485383837775e+04,8.000000000000000000e+00,2.000000000000000000e+00,8.552313695308736419e-01,2.715111218684739924e+01,4.106637594189537317e+07
1.321225464319743514e+04,2.000000000000000000e+00,3.000000000000000000e+00,1.102347455671963461e+00,1.442870537766435923e+01,4.318231623396066576e+07
1.203169090978895110e+04,1.000000000000000000e+00,3.000000000000000000e+00,9.877610494340748337e-01,1.111590472058831480e+01,3.573719021440714598e+07
1.874465850741444592e+04,5.000000000000000000e+00,2.000000000000000000e+00,1.131308642067743175e+00,3.576305028503685435e+01,5.274859040154850483e+07
1.564071454363996600e+04,2.000000000000000000e+00,1.000000000000000000e+00,9.742889211781214920e-01,1.996537311125953806e+01,3.194228520030649751e+07
1.658904487056969811e+04,4.000000000000000000e+00,2.000000000000000000e+00,9.351304072675553636e-01,1.768347820769284695e+01,4.168594770047675073e+07
1.841062530445161246e+04,8.000000000000000000e+00,1.000000000000000000e+00,1.229394927655913738e+00,2.823819939059006856e+01,5.224308764788150787e+07
1.810597630340137403e+04,1.000000000000000000e+00,3.000000000000000000e+00,1.296359116667487488e+00,3.077918896402016458e+01,6.627695744491996616e+07
1.889547252119921177e+04,2.000000000000000000e+00,2.000000000000000000e+00,8.664484019904565848e-01,2.199024812671300566e+01,3.940382824571617693e+07
1.457560829336545430e+04,2.000000000000000000e+00,2.000000000000000000e+00,1.332954518463888016e+00,1.197573229264448003e+01,5.031832736921664327e+07
1.355035642751476735e+04,4.000000000000000000e+00,2.000000000000000000e+00,1.091493251417605004e+00,1.402931683818014363e+01,3.585494175553426147e+07
1.210162865771705219e+04,5.000000000000000000e+00,2.000000000000000000e+00,8.151156397274742504e-01,1.877591423867020737e+01,2.757572662925535440e+07
1.516845640964490849e+04,2.000000000000000000e+00,3.000000000000000000e+00,9.781643159732782422e-01,2.434621559742642916e+01,4.207670841900642961e+07
1.685204110843261151e+04,8.000000000000000000e+00,3.000000000000000000e+00,8.483081809481757274e-01,2.634704451406162917e+01,4.726543502228680253e+07
1.653214104987684914e+04,3.000000000000000000e+00,2.000000000000000000e+00,1.189379558251831615e+00,3.474812162716203545e+01,5.183977605819032341e+07
1.903052975386511753e+04,7.000000000000000000e+00,2.000000000000000000e+00,1.133913160976071310e+00,3.272717821545094807e+01,5.655405578878824413e+07
1.862222658451352982e+04,8.000000000000000000e+00,2.000000000000000000e+00,1.084380500835370631e+00,2.149754301727241668e+01,5.625470646598217636e+07
1.597228231596636033e+04,3.000000000000000000e+00,2.000000000000000000e+00,1.336599679758673886e+00,1.469279253261738560e+01,5.275580545740203559e+07
1.298152822660463062e+04,3.000000000000000000e+00,3.000000000000000000e+00,1.130248680337985645e+00,2.438227645525310550e+01,4.475430744440150261e+07
1.600461281452077674e+04,2.000000000000000000e+00,2.000000000000000000e+00,1.232628708764615721e+00,8.059738393168329296e+00,4.932917098694226891e+07
1.935588871279745945e+04,5.000000000000000000e+00,3.000000000000000000e+00,9.337217833446763704e-01,1.811304623134770964e+01,5.284237793577297032e+07
1.904684648863238181e+04,5.000000000000000000e+00,2.000000000000000000e+00,9.541133415358665770e-01,1.207991929596856906e+01,5.156406175832617283e+07
1.739260474645117574e+04,5.000000000000000000e+00,1.000000000000000000e+00,8.869915874501003161e-01,9.148767785899893923e+00,3.157108873441969231e+07
1.727124591816025713e+04,8.000000000000000000e+00,3.000000000000000000e+00,1.385381322748971078e+00,2.681447557794871983e+01,7.579809419961009920e+07
1.863225695023199660e+04,7.000000000000000000e+00,3.000000000000000000e+00,1.359871617050018688e+00,1.735757625962833828e+01,8.044478279495115578e+07
1.749630728539820848e+04,1.000000000000000000e+00,1.000000000000000000e+00,1.046736470117165752e+00,2.155071269802205336e+01,3.704414923356555402e+07
1.699354280794603255e+04,4.000000000000000000e+00,2.000000000000000000e+00,1.255500871468763435e+00,1.544215627002993863e+01,5.346396219068061560e+07
1.521409272060854528e+04,2.000000000000000000e+00,2.000000000000000000e+00,1.270128166095704225e+00,2.269926608969953108e+01,5.147528645602160692e+07
1.519605410051257968e+04,6.000000000000000000e+00,1.000000000000000000e+00,1.042289765211389385e+00,1.684584175607120216e+01,3.653498421131376922e+07
1.589074830337739513e+04,2.000000000000000000e+00,1.000000000000000000e+00,1.077151581062616881e+00,2.716875206624695238e+01,3.734502305922038853e+07
1.905383919157305718e+04,1.000000000000000000e+00,3.000000000000000000e+00,1.368652542328470112e+00,1.090147856013173211e+01,7.609085130643564463e+07
1.713221471055021902e+04,8.000000000000000000e+00,1.000000000000000000e+00,1.193339961910288016e+00,7.738248013620655286e+00,4.307052075277840346e+07
1.860371952308314576e+04,4.000000000000000000e+00,2.000000000000000000e+00,1.135538019753950412e+00,3.595691315527153620e+01,5.503247443701492250e+07
1.602144718447221385e+04,7.000000000000000000e+00,3.000000000000000000e+00,8.333982164867912434e-01,1.614362190126469443e+01,4.633429199231976271e+07
1.629172346330283108e+04,5.000000000000000000e+00,3.000000000000000000e+00,9.096098249913138201e-01,3.196757277967902056e+01,4.699950550499613583e+07
1.759034364398949401e+04,7.000000000000000000e+00,3.000000000000000000e+00,1.084455132702547120e+00,1.207011094208244550e+01,6.108751280850499868e+07
1.755661022474516358e+04,5.000000000000000000e+00,3.000000000000000000e+00,9.376389509260276700e-01,2.476877473678986163e+01,5.241732686230527610e+07
1.375578765664932871e+04,4.000000000000000000e+00,1.000000000000000000e+00,1.217521728273409654e+00,1.325440961371684523e+01,3.438107914634104818e+07
1.941547788733590642e+04,8.000000000000000000e+00,1.000000000000000000e+00,1.241827004977378079e+00,8.468486667938396550e+00,5.567130589183152467e+07
1.379738946415255668e+04,5.000000000000000000e+00,2.000000000000000000e+00,1.192464884947121551e+00,2.446521119950062229e+01,4.323701153974103928e+07
1.726539431206497829e+04,7.000000000000000000e+00,2.000000000000000000e+00,1.170340225125106270e+00,1.563537189177979236e+01,5.509461440769426525e+07
1.489884048260416421e+04,1.000000000000000000e+00,3.000000000000000000e+00,1.024136848046638404e+00,6.010617057739893632e+00,4.632923232695288211e+07
1.425201055538758374e+04,4.000000000000000000e+00,1.000000000000000000e+00,8.715289923265181482e-01,2.583015907443286352e+01,2.625557231558278576e+07
1.994580795037865391e+04,4.000000000000000000e+00,2.000000000000000000e+00,1.210525858637110375e+00,1.011796975994351655e+01,6.049993980975397676e+07
1.743624682588720680e+04,3.000000000000000000e+00,2.000000000000000000e+00,1.208260795042859215e+00,2.209279416761969728e+01,5.381150908520956337e+07
1.426687439820787404e+04,8.000000000000000000e+00,1.000000000000000000e+00,9.352144546379217438e-01,1.972632622128325153e+01,3.076713464146531373e+07
1.781751217996759442e+04,2.000000000000000000e+00,3.000000000000000000e+00,1.329369745285225557e+00,2.556579726306757294e+01,6.882288217082837224e+07
1.802120835056195210e+04,1.000000000000000000e+00,3.000000000000000000e+00,1.359592884647909505e+00,2.539909935050311773e+01,7.187974913515992463e+07
1.490294805345966597e+04,7.000000000000000000e+00,2.000000000000000000e+00,1.358602842332362393e+00,1.298573545923754047e+01,5.328389434770771861e+07
1.946531731330090770e+04,1.000000000000000000e+00,2.000000000000000000e+00,1.103448375455628572e+00,1.065581582323874166e+01,5.515939858634150773e+07
1.975588104835312333e+04,4.000000000000000000e+00,3.000000000000000000e+00,1.216366504581988028e+00,7.257668648497078934e+00,7.138911505175988376e+07
1.412337997138917126e+04,3.000000000000000000e+00,2.000000000000000000e+00,9.482231948190360526e-01,9.614509070953852543e+00,3.328294199719480425e+07
1.784550974437881450e+04,6.000000000000000000e+00,3.000000000000000000e+00,1.072629667636261663e+00,3.329148417583026287e+01,6.250646518002048135e+07
1.361520324343389802e+04,6.000000000000000000e+00,2.000000000000000000e+00,1.166768844416403494e+00,2.222863638808193798e+01,4.358530035083148628e+07
1.374735373208916644e+04,7.000000000000000000e+00,1.000000000000000000e+00,1.191006013902398131e+00,1.134837836992314308e+01,3.794461645790609717e+07
1.818115948693308019e+04,8.000000000000000000e+00,3.000000000000000000e+00,8.316580115433747089e-01,2.459265784237452124e+01,5.326286637102268636e+07
1.956172610037428967e+04,2.000000000000000000e+00,2.000000000000000000e+00,1.138515363330587116e+00,3.289976428659616658e+01,5.799806055768629164e+07
1.596776603519798300e+04,4.000000000000000000e+00,3.000000000000000000e+00,1.244035057718470894e+00,2.591020396199892417e+01,6.265927381137943268e+07
1.451225036637292033e+04,7.000000000000000000e+00,1.000000000000000000e+00,8.880915614921426338e-01,2.993774741237672998e+01,3.334048194157950953e+07
1.425845518657035063e+04,2.000000000000000000e+00,2.000000000000000000e+00,1.277996605568871846e+00,2.864093030048820765e+01,4.400763357911264896e+07
1.563033940028787038e+04,1.000000000000000000e+00,1.000000000000000000e+00,1.019809239694371872e+00,2.856959651466798533e+01,3.306843862577956542e+07
1.712224530657852301e+04,7.000000000000000000e+00,1.000000000000000000e+00,1.391571061214715854e+00,9.977616951786087540e+00,5.426223288627047837e+07
1.935191655932074354e+04,3.000000000000000000e+00,3.000000000000000000e+00,1.278019002021741013e+00,2.623496444143348327e+01,7.315116259725305438e+07
1.798015271180308628e+04,3.000000000000000000e+00,2.000000000000000000e+00,1.182685710181406114e+00,1.764808386980223887e+01,5.504720308048056066e+07
1.903648469515412580e+04,1.000000000000000000e+00,3.000000000000000000e+00,1.096857515505952563e+00,3.217445324472502222e+01,6.001462398278368264e+07
1.807068233517250337e+04,2.000000000000000000e+00,3.000000000000000000e+00,1.219576308218937033e+00,2.657277859358819683e+01,6.474091462596958131e+07
1.544313899341263641e+04,3.000000000000000000e+00,1.000000000000000000e+00,1.065399493147919152e+00,2.722687224414483609e+01,3.229372886457445845e+07
1.962762417103476764e+04,1.000000000000000000e+00,3.000000000000000000e+00,1.197593915952420929e+00,6.366612877342852528e+00,6.484401739212679118e+07
1.685620386256306665e+04,1.000000000000000000e+00,2.000000000000000000e+00,1.226867289443672293e+00,1.201946365564932151e+01,4.758791308224570751e+07
1.562562423926424162e+04,4.000000000000000000e+00,3.000000000000000000e+00,1.195013482415897332e+00,1.528469007855218820e+01,5.762557844696042687e+07
1.742878127478408351e+04,5.000000000000000000e+00,2.000000000000000000e+00,1.103662031133733512e+00,6.061633836348880422e+00,4.856699393471399695e+07
1.802760207499033277e+04,3.000000000000000000e+00,1.000000000000000000e+00,1.223306290406826369e+00,2.333085295663578407e+01,4.653931147544343770e+07
1.657076340854019872e+04,4.000000000000000000e+00,2.000000000000000000e+00,1.216363225255322922e+00,2.594550607914379725e+01,5.302093791724569350e+07
1.586679697114559349e+04,1.000000000000000000e+00,3.000000000000000000e+00,9.607881646389357932e-01,1.519456253254314326e+01,4.354796363014423102e+07
1.931107029726188921e+04,2.000000000000000000e+00,3.000000000000000000e+00,1.151373848070366135e+00,3.397351958441068120e+01,6.624643024759938568e+07
1.606327044082272914e+04,8.000000000000000000e+00,1.000000000000000000e+00,1.150554501822935283e+00,7.404311796686168456e+00,4.297113649065593630e+07
1.630440504306551338e+04,4.000000000000000000e+00,3.000000000000000000e+00,8.155083866943578785e-01,3.243611530503977747e+01,4.136041733702586591e+07
1.949313503487890921e+04,3.000000000000000000e+00,1.000000000000000000e+00,1.312380037470896266e+00,8.299819305148840698e+00,5.545682232968118042e+07
1.968919098298312747e+04,1.000000000000000000e+00,3.000000000000000000e+00,1.075203324119643922e+00,2.904616013847384437e+01,6.062189604280839860e+07
1.721446886298011668e+04,8.000000000000000000e+00,1.000000000000000000e+00,1.183219273060210464e+00,2.068052143442204027e+01,4.288179828667917103e+07
1.542569084054109589e+04,8.000000000000000000e+00,3.000000000000000000e+00,9.473527251348017320e-01,2.459890652472236994e+01,4.947628429580479115e+07
1.315770099964064138e+04,1.000000000000000000e+00,3.000000000000000000e+00,9.618240295731989020e-01,7.752279456740738262e+00,3.545389840844628215e+07
1.279596195831596378e+04,6.000000000000000000e+00,3.000000000000000000e+00,1.200734405686370909e+00,7.319083304131081213e+00,4.797823251796378195e+07
1.443507799480343601e+04,4.000000000000000000e+00,3.000000000000000000e+00,1.297069492928688117e+00,7.941979019894432668e+00,5.708485187860461324e+07
1.207970193823223599e+04,8.000000000000000000e+00,1.000000000000000000e+00,8.920561776327122772e-01,2.268638063963781804e+01,2.715840453586406633e+07
1.878510216071811737e+04,1.000000000000000000e+00,3.000000000000000000e+00,1.264760743577676205e+00,2.277971632072199881e+01,6.638730957237492502e+07
1.378964491443911174e+04,2.000000000000000000e+00,3.000000000000000000e+00,1.218522282469832074e+00,9.106133335467241352e+00,5.024723459246347845e+07
1.327539911676917473e+04,5.000000000000000000e+00,2.000000000000000000e+00,9.277611000217783621e-01,2.210315054672035018e+01,3.196222265517946705e+07
1.593611229974815433e+04,2.000000000000000000e+00,1.000000000000000000e+00,1.399630478021627322e+00,1.140142807645132095e+01,4.601785672812833637e+07
1.711386918094062639e+04,4.000000000000000000e+00,2.000000000000000000e+00,9.802540230111220776e-01,2.091604315376977752e+01,4.225362103756334633e+07
1.232272615125570883e+04,4.000000000000000000e+00,3.000000000000000000e+00,1.398844229177433451e+00,1.238234023230627479e+01,4.937167876219940186e+07
1.301914606038198144e+04,4.000000000000000000e+00,1.000000000000000000e+00,9.565981075776214260e-01,1.717759204272079643e+01,2.759490808994411305e+07
1.967849238865661027e+04,3.000000000000000000e+00,2.000000000000000000e+00,1.383958991722625154e+00,1.768899177404441758e+01,6.501223629306185246e+07
1.688037058519282436e+04,2.000000000000000000e+00,3.000000000000000000e+00,1.383898008065857610e+00,1.171916033134959889e+01,6.901852682099168003e+07
1.946361961934123974e+04,6.000000000000000000e+00,2.000000000000000000e+00,9.701258064242369583e-01,3.312149924952493762e+01,5.338890470245610923e+07
1.368705823396725827e+04,6.000000000000000000e+00,3.000000000000000000e+00,1.278550915891721207e+00,2.760952940942807032e+01,5.646126439601407945e+07
1.840263230782582104e+04,8.000000000000000000e+00,2.000000000000000000e+00,1.054519222414765034e+00,1.438781653163091434e+01,5.539555337680694461e+07
1.317058569557743976e+04,7.000000000000000000e+00,2.000000000000000000e+00,1.367926818221225638e+00,1.937362968337456692e+01,4.969939405513469130e+07
1.696709890826652554e+04,5.000000000000000000e+00,2.000000000000000000e+00,1.229538581878108605e+00,2.412388858249987322e+01,5.611515971046169102e+07
1.843437433668294398e+04,8.000000000000000000e+00,2.000000000000000000e+00,1.135305577251003450e+00,2.531731734585029159e+01,6.429176002281056345e+07
1.334416354643454360e+04,6.000000000000000000e+00,3.000000000000000000e+00,1.174763777989686009e+00,2.192646164654478014e+01,5.029256947977823019e+07
1.272959657518532549e+04,1.000000000000000000e+00,2.000000000000000000e+00,9.524233779271862321e-01,2.733950316409809034e+01,2.991276287727824971e+07
1.717183231896115103e+04,7.000000000000000000e+00,1.000000000000000000e+00,1.325617091166942707e+00,1.979378141806084557e+01,5.061941396620933712e+07
1.583234403952175853e+04,3.000000000000000000e+00,1.000000000000000000e+00,1.116662619450429439e+00,1.269218837719102844e+01,3.506539006906466931e+07
1.630434073574628928e+04,5.000000000000000000e+00,1.000000000000000000e+00,1.395055480280764648e+00,1.430200332817833697e+01,4.813011572314211726e+07
1.755166677198224352e+04,5.000000000000000000e+00,3.000000000000000000e+00,1.103817540039345513e+00,9.128376896295048226e+00,6.259323098238306493e+07
1.877689489867275552e+04,1.000000000000000000e+00,3.000000000000000000e+00,9.676952347744605110e-01,2.307470939454689329e+01,5.204540613841520250e+07
1.709609802214894444e+04,7.000000000000000000e+00,2.000000000000000000e+00,1.177001618423757057e+00,3.235229344579065014e+01,5.933416579212494940e+07
1.864809099187335596e+04,2.000000000000000000e+00,2.000000000000000000e+00,1.165748996184695851e+00,7.701545074114509504e+00,4.978750787296371162e+07
1.978996922326449567e+04,2.000000000000000000e+00,3.000000000000000000e+00,1.178862487717023733e+00,2.011030052001709834e+01,7.061026490055561066e+07
1.991160677407527692e+04,4.000000000000000000e+00,2.000000000000000000e+00,1.284583696138168918e+00,3.054763410487486297e+01,6.650276767879214138e+07
1.514154409432848115e+04,4.000000000000000000e+00,1.000000000000000000e+00,1.054106858625043053e+00,1.754595843816545653e+01,3.104622764989238232e+07
1.393422986889394087e+04,3.000000000000000000e+00,1.000000000000000000e+00,1.384781911077877847e+00,9.220485277974249883e+00,3.920822226926609129e+07
1.890211933519435479e+04,4.000000000000000000e+00,2.000000000000000000e+00,1.148098305092636551e+00,1.767858597204430993e+01,5.734461637665437907e+07
1.464294613882157137e+04,4.000000000000000000e+00,1.000000000000000000e+00,1.210214635511687398e+00,3.145117873575938106e+01,3.895029538977722824e+07
1.844993697718521435e+04,6.000000000000000000e+00,2.000000000000000000e+00,1.079976719176237054e+00,2.344689267815635958e+01,5.577942301988337934e+07
1.361324804966893862e+04,8.000000000000000000e+00,2.000000000000000000e+00,1.012493009872593941e+00,2.458986637295869215e+01,3.920727888652949780e+07
1.339913863347306142e+04,6.000000000000000000e+00,1.000000000000000000e+00,8.846844161975845333e-01,2.310321892883178663e+01,2.684670427405571938e+07
1.547088936546610785e+04,2.000000000000000000e+00,1.000000000000000000e+00,8.913327338602419214e-01,6.851677550806360095e+00,2.852519118967707828e+07
1.513430818713720146e+04,6.000000000000000000e+00,2.000000000000000000e+00,9.744957523385081588e-01,1.785331058851015840e+01,3.896833765752730519e+07
1.265259001631081264e+04,5.000000000000000000e+00,1.000000000000000000e+00,1.112606978130897595e+00,2.279209979057196378e+01,3.028627631674244255e+07
1.966852741274388973e+04,5.000000000000000000e+00,3.000000000000000000e+00,9.189554996902620232e-01,1.669454338679428673e+01,6.096793606184083968e+07
1.459340491921555440e+04,4.000000000000000000e+00,2.000000000000000000e+00,1.201039609071431258e+00,2.085585661101097443e+01,4.684570277035779506e+07
1.292581592745136913e+04,2.000000000000000000e+00,3.000000000000000000e+00,1.202219308646263141e+00,2.409319606823936510e+01,4.394887104249648005e+07
1.397547361853245820e+04,7.000000000000000000e+00,2.000000000000000000e+00,8.342526407443593417e-01,1.052093692670461422e+01,3.255137669999753311e+07
1.258491173649519442e+04,1.000000000000000000e+00,1.000000000000000000e+00,1.272751262265858552e+00,2.885082682370924445e+01,3.375048953201453388e+07
1.648834693583902481e+04,7.000000000000000000e+00,3.000000000000000000e+00,9.726795648570359942e-01,3.579956103388518329e+01,5.580374857363262773e+07
1.835146019923507629e+04,5.000000000000000000e+00,1.000000000000000000e+00,1.384583543346802781e+00,2.574267670229940919e+01,5.424270311533124000e+07
1.736054228808615153e+04,8.000000000000000000e+00,1.000000000000000000e+00,1.398577055853827744e+00,2.846371339918370680e+01,5.595787851012746990e+07
1.519428216138909556e+04,6.000000000000000000e+00,2.000000000000000000e+00,8.086125786556886963e-01,1.231522158822854962e+01,3.568493244046179205e+07
1.827802509618380645e+04,7.000000000000000000e+00,2.000000000000000000e+00,1.204238442241907903e+00,1.926772129107532905e+01,6.520118524029905349e+07
1.535992420091430176e+04,2.000000000000000000e+00,3.000000000000000000e+00,1.216675074136153833e+00,1.746889329662725743e+01,5.455799388970846683e+07
1.205539878011457768e+04,1.000000000000000000e+00,2.000000000000000000e+00,8.628802850558587867e-01,1.038011791712102827e+01,2.411264185787152126e+07
1.526019116192506226e+04,4.000000000000000000e+00,3.000000000000000000e+00,8.119968858377319965e-01,3.027785663310366715e+01,3.916978670010943711e+07
1.292666886912236805e+04,3.000000000000000000e+00,3.000000000000000000e+00,1.057312435121788630e+00,2.827620625673860744e+01,4.225121419941157103e+07
1.318018957266028337e+04,4.000000000000000000e+00,3.000000000000000000e+00,1.164497227365401955e+00,2.198630950174178622e+01,4.745231920377072692e+07
1.313449782397308445e+04,3.000000000000000000e+00,3.000000000000000000e+00,1.194450597658428315e+00,2.339145187658645142e+01,4.731799444534412771e+07
1.439398596908877153e+04,7.000000000000000000e+00,3.000000000000000000e+00,1.044634508063982281e+00,2.082501290007850514e+01,5.502259618647950143e+07
1.464123489989876180e+04,5.000000000000000000e+00,3.000000000000000000e+00,8.778740310323986940e-01,2.097652806450607699e+01,4.117859633668291569e+07
1.664506143504923966e+04,6.000000000000000000e+00,2.000000000000000000e+00,9.031844277130407495e-01,1.493711054898459523e+01,4.114176954224136472e+07
1.947252271768577702e+04,1.000000000000000000e+00,2.000000000000000000e+00,1.337261340214041194e+00,1.757200118092807628e+01,6.528448605871267617e+07
1.670165130564579522e+04,8.000000000000000000e+00,3.000000000000000000e+00,1.305945123261586849e+00,8.798762866636629099e+00,7.545180338128469884e+07
1.874807845760590135e+04,6.000000000000000000e+00,3.000000000000000000e+00,8.315003909386086134e-01,3.555803520840844101e+01,5.310426234230431914e+07
1.982853281469580543e+04,4.000000000000000000e+00,3.000000000000000000e+00,1.339404202950910561e+00,3.363759675576149277e+01,8.424418038284814358e+07
1.621472567906110635e+04,3.000000000000000000e+00,3.000000000000000000e+00,8.100360075936124948e-01,1.080591729479965935e+01,3.536105896484119445e+07
1.281910722478966272e+04,1.000000000000000000e+00,2.000000000000000000e+00,1.323148454968178456e+00,6.541165670172723878e+00,3.907139134346325696e+07
1.239122716659639991e+04,7.000000000000000000e+00,2.000000000000000000e+00,1.303770992625681746e+00,3.090850614191514012e+01,4.548571837361979485e+07
1.874403514115623329e+04,5.000000000000000000e+00,2.000000000000000000e+00,1.049375512933082177e+00,2.363379078684793200e+01,5.273119215251459926e+07
1.706479977394236630e+04,6.000000000000000000e+00,3.000000000000000000e+00,1.192476100706747699e+00,2.261824698686383428e+01,6.379697670453079045e+07
1.595053016831710920e+04,8.000000000000000000e+00,3.000000000000000000e+00,1.002080513614254098e+00,1.640402176933572775e+01,5.373441929129108042e+07
1.783847570921212173e+04,2.000000000000000000e+00,1.000000000000000000e+00,8.121498567276718150e-01,2.485478005696534254e+01,2.954527242946938798e+07
1.202520122212270871e+04,3.000000000000000000e+00,1.000000000000000000e+00,1.146862422635382517e+00,1.990622099590793681e+01,3.107040113543451205e+07
1.883360482173259152e+04,2.000000000000000000e+00,3.000000000000000000e+00,1.310363317023836238e+00,1.099956483010187291e+01,7.133011088282081485e+07
1.776658390723058983e+04,6.000000000000000000e+00,2.000000000000000000e+00,9.943263281391943043e-01,1.240966728265879482e+01,4.920883480096685141e+07
1.631870494648953536e+04,4.000000000000000000e+00,2.000000000000000000e+00,1.207145339682583973e+00,2.821799368581834599e+01,4.753752060852310061e+07
1.745248794080103835e+04,8.000000000000000000e+00,1.000000000000000000e+00,1.355198073383033996e+00,3.167551873067034052e+01,5.784300549081954360e+07
1.674829196669235171e+04,6.000000000000000000e+00,1.000000000000000000e+00,1.327493721106626445e+00,1.255119048905840451e+01,4.639618759826950729e+07
1.556673819340385853e+04,6.000000000000000000e+00,3.000000000000000000e+00,1.285705306596119701e+00,2.306621133037059579e+01,6.934758699435120821e+07
1.599043828075751662e+04,3.000000000000000000e+00,3.000000000000000000e+00,9.663626135986009835e-01,2.696705509775672027e+01,4.983470656984186918e+07
1.205145201673747943e+04,2.000000000000000000e+00,1.000000000000000000e+00,9.227162337491713329e-01,7.661995722941503217e+00,2.268051175564290956e+07
1.724203162856174094e+04,4.000000000000000000e+00,1.000000000000000000e+00,1.019523545870014258e+00,3.365650516095307410e+01,3.773258937239550054e+07
1.986483654327463591e+04,4.000000000000000000e+00,2.000000000000000000e+00,9.554635934094367622e-01,3.006832995472069925e+01,4.965429632395458221e+07
1.548149554481314408e+04,8.000000000000000000e+00,1.000000000000000000e+00,1.063895261184781171e+00,3.545088685305482556e+01,3.901340640677552670e+07
1.301466089347388879e+04,7.000000000000000000e+00,3.000000000000000000e+00,1.201039031349507624e+00,3.059964883567860383e+01,5.082157189003140479e+07
1.709561256705880805e+04,1.000000000000000000e+00,2.000000000000000000e+00,1.182362228238572621e+00,1.284222997848337933e+01,4.945485541897908598e+07
1.554311038302566340e+04,4.000000000000000000e+00,3.000000000000000000e+00,1.394445515787113621e+00,6.238685694678154370e+00,6.738446941207347810e+07
1.332134763944586848e+04,6.000000000000000000e+00,1.000000000000000000e+00,8.194794502010271930e-01,1.653307835698952744e+01,2.437100273156204075e+07
1.575993316594199496e+04,8.000000000000000000e+00,1.000000000000000000e+00,1.166382128181257416e+00,8.266355308974718596e+00,4.285955016549507529e+07
1.316486625131458095e+04,5.000000000000000000e+00,3.000000000000000000e+00,8.477298604928271697e-01,2.229817661497486370e+01,3.712764665056143701e+07
1.855501551902218489e+04,2.000000000000000000e+00,1.000000000000000000e+00,1.185061696630121730e+00,3.058838361716734155e+01,4.942758618388558924e+07
1.586767140223017486e+04,8.000000000000000000e+00,2.000000000000000000e+00,1.376609071734573364e+00,3.116595801972869495e+01,5.893889749831738323e+07
1.802197768792092393e+04,1.000000000000000000e+00,3.000000000000000000e+00,8.512636582158935594e-01,3.471637636741734667e+01,4.496292608028703183e+07
1.295321721936411996e+04,4.000000000000000000e+00,2.000000000000000000e+00,1.219591069878228851e+00,3.328550832715039576e+01,4.251643811924032122e+07
1.267284245231898603e+04,2.000000000000000000e+00,3.000000000000000000e+00,8.881150138418952844e-01,2.037415761474976961e+01,3.377505088385355473e+07
1.879580699879848180e+04,7.000000000000000000e+00,1.000000000000000000e+00,1.378856625397657965e+00,2.094138452001078576e+01,6.001269184527861327e+07
1.548000206118828464e+04,5.000000000000000000e+00,2.000000000000000000e+00,8.233634141727762534e-01,2.295500160393165956e+01,3.206404575382634625e+07
1.820392493772765010e+04,2.000000000000000000e+00,3.000000000000000000e+00,1.144430185237331976e+00,3.401402245095789567e+01,5.863491949020922929e+07
1.279085436263134761e+04,3.000000000000000000e+00,2.000000000000000000e+00,1.398760817039205184e+00,2.213471380829938795e+01,4.566546720478013903e+07
1.389428598118127775e+04,7.000000000000000000e+00,3.000000000000000000e+00,1.332678422573825960e+00,2.054796001412418249e+01,6.102220430180748552e+07
1.928380071805621992e+04,4.000000000000000000e+00,2.000000000000000000e+00,8.317292324955096738e-01,3.091184487136741765e+01,4.506691725889428705e+07
1.293018836409622054e+04,6.000000000000000000e+00,2.000000000000000000e+00,1.105808293354107352e+00,1.565692667233328628e+01,3.826450668047945201e+07
1.630112446920061848e+04,4.000000000000000000e+00,1.000000000000000000e+00,1.361129898238421898e+00,9.654862756732448759e+00,4.660794878414498270e+07
1.422137775693654294e+04,4.000000000000000000e+00,2.000000000000000000e+00,1.195989704908112961e+00,3.562818705213899051e+01,4.702553665652508289e+07
1.440752174581988584e+04,7.000000000000000000e+00,2.000000000000000000e+00,1.076699842020816700e+00,2.915061632653467427e+01,4.126276666857100278e+07
1.239816264313971078e+04,4.000000000000000000e+00,1.000000000000000000e+00,1.173018814034346935e+00,1.622839056510482436e+01,3.187277405819315463e+07
1.744157991352319732e+04,4.000000000000000000e+00,2.000000000000000000e+00,1.029110426187669569e+00,2.201185961160696536e+01,4.398690876256743073e+07
1.238553168994986117e+04,3.000000000000000000e+00,2.000000000000000000e+00,1.113640217197227500e+00,3.376887961927860715e+01,3.562523873481846601e+07
1.468666097523629469e+04,5.000000000000000000e+00,2.000000000000000000e+00,1.381789789759083842e+00,2.268148637612802077e+01,5.457335533839514107e+07
1.627912298678740990e+04,7.000000000000000000e+00,3.000000000000000000e+00,1.387862829528785147e+00,1.638582599724292166e+01,7.121410114730770886e+07
1.978039334633361432e+04,4.000000000000000000e+00,2.000000000000000000e+00,9.755495742456006258e-01,2.280974578591549928e+01,5.339580403948006779e+07
1.881827406762161627e+04,2.000000000000000000e+00,3.000000000000000000e+00,1.047156876172948836e+00,8.687376006416879903e+00,5.865729355544267595e+07
1.589376225978032744e+04,2.000000000000000000e+00,1.000000000000000000e+00,1.134365509262337479e+00,1.820091877023276083e+01,3.590241667471709847e+07
1.851138542002480608e+04,4.000000000000000000e+00,2.000000000000000000e+00,1.395051140377065790e+00,3.228981487058765509e+01,6.778298650904302299e+07
1.478459680247168217e+04,1.000000000000000000e+00,2.000000000000000000e+00,9.240471172401003574e-01,1.066956019399150613e+01,3.447546552650554478e+07
1.226682123331248476e+04,6.000000000000000000e+00,3.000000000000000000e+00,1.350737166413828572e+00,3.302121122646389040e+01,4.976425687742651999e+07
1.365570446991703830e+04,2.000000000000000000e+00,1.000000000000000000e+00,1.369624095423101817e+00,1.625159650314486015e+01,3.913885225321394205e+07
1.245268582928838623e+04,7.000000000000000000e+00,2.000000000000000000e+00,1.323963731693172718e+00,3.208031910884804461e+01,4.610227573965975642e+07
1.457553306236127173e+04,6.000000000000000000e+00,1.000000000000000000e+00,1.328555035226417713e+00,2.540721493682254462e+01,4.389118155768991262e+07
1.625753400963189415e+04,3.000000000000000000e+00,2.000000000000000000e+00,8.590173298847912919e-01,1.645043199759098940e+01,3.610699311524154246e+07
1.475555070502558192e+04,5.000000000000000000e+00,2.000000000000000000e+00,1.048557937589245093e+00,8.929241767472380076e+00,3.777278990353532881e+07
1.621789827445671472e+04,3.000000000000000000e+00,3.000000000000000000e+00,8.013546449347419554e-01,2.383562674943263815e+01,4.076098884973199666e+07
1.605836897975655302e+04,1.000000000000000000e+00,2.000000000000000000e+00,9.142531775106688130e-01,3.477740606592988115e+01,3.648926679267190397e+07
1.408967376015104674e+04,1.000000000000000000e+00,1.000000000000000000e+00,9.273773547571644293e-01,1.983767919238642463e+01,2.875460520709110424e+07
1.881900814771756995e+04,7.000000000000000000e+00,2.000000000000000000e+00,1.061275833806464508e+00,2.836491966762147854e+01,5.833078612753742188e+07
1.527271151653583183e+04,2.000000000000000000e+00,1.000000000000000000e+00,1.211826654727603980e+00,2.054900311016774594e+01,3.831058869842850417e+07
1.362955263672263027e+04,7.000000000000000000e+00,2.000000000000000000e+00,1.328079991395741288e+00,3.159597229369969185e+01,5.152155229628680646e+07
1.645511848787837516e+04,1.000000000000000000e+00,3.000000000000000000e+00,1.052915850897218286e+00,3.553117541046795935e+01,5.045346981539417803e+07
1.670725364291035658e+04,4.000000000000000000e+00,3.000000000000000000e+00,1.239559907409726991e+00,2.932600787349186788e+01,6.518942207700309902e+07
1.680398001600581483e+04,2.000000000000000000e+00,3.000000000000000000e+00,9.172475859568435252e-01,2.264309302165807125e+01,4.684351686845239997e+07
1.776767261623124432e+04,7.000000000000000000e+00,2.000000000000000000e+00,1.210123249910426635e+00,1.761519993365521231e+01,5.587199184995900095e+07
1.534704197913748612e+04,6.000000000000000000e+00,1.000000000000000000e+00,8.396383059928275161e-01,1.090398870678851395e+01,2.702462903907233477e+07
1.343007978587371144e+04,3.000000000000000000e+00,2.000000000000000000e+00,1.211604991145043053e+00,8.084071562181630810e+00,4.218614674398797005e+07
1.945814370446031171e+04,5.000000000000000000e+00,3.000000000000000000e+00,1.057332325260837536e+00,1.165925220489272363e+01,6.383274187003973871e+07
1.718554380132633378e+04,6.000000000000000000e+00,3.000000000000000000e+00,1.123426992874674513e+00,3.162791521413963025e+01,6.031640687597987056e+07
1.305018543218063678e+04,1.000000000000000000e+00,2.000000000000000000e+00,1.181973535893461547e+00,1.677746678367585531e+01,3.675153061028926820e+07
1.362946553308792500e+04,8.000000000000000000e+00,2.000000000000000000e+00,9.463471493412228819e-01,2.370267301377466040e+01,3.753431125562779605e+07
1.525105782064544655e+04,7.000000000000000000e+00,3.000000000000000000e+00,1.394191360234332322e+00,1.230376932194521800e+01,6.598391987640261650e+07
1.683648951709306857e+04,3.000000000000000000e+00,2.000000000000000000e+00,1.112168273966379406e+00,1.382290907370660271e+01,4.893943091238525510e+07
1.990070082674358491e+04,5.000000000000000000e+00,1.000000000000000000e+00,1.128148336181820754e+00,1.109601402878424992e+01,4.751661161200726777e+07
1.391562825988565965e+04,1.000000000000000000e+00,2.000000000000000000e+00,1.244915551205065363e+00,3.479870048447212127e+01,4.317823529512191564e+07
1.767535064683593737e+04,5.000000000000000000e+00,1.000000000000000000e+00,1.335139136808684679e+00,1.346270601966108060e+01,5.149587032781429589e+07
1.943786169162272563e+04,4.000000000000000000e+00,2.000000000000000000e+00,1.068591697583772149e+00,2.301216477311827191e+01,5.597556477635969967e+07
1.508085626445166963e+04,4.000000000000000000e+00,2.000000000000000000e+00,8.563005362158777611e-01,7.104332833760137689e+00,3.401442692456907779e+07
1.765320743647325435e+04,1.000000000000000000e+00,1.000000000000000000e+00,9.756337243784216628e-01,3.552319720906292844e+01,3.514826658038373291e+07
1.327010875320583364e+04,2.000000000000000000e+00,1.000000000000000000e+00,8.925404363072314551e-01,2.235257175356501946e+01,2.465755898504775017e+07
1.535249264335364569e+04,4.000000000000000000e+00,2.000000000000000000e+00,9.245827382992358734e-01,8.004613780946456814e+00,3.532588467047045380e+07
1.436397875868980191e+04,6.000000000000000000e+00,2.000000000000000000e+00,1.161209990776573164e+00,1.515500524100213298e+01,4.543957741283521801e+07
1.501691167484802463e+04,8.000000000000000000e+00,2.000000000000000000e+00,9.340366042614445252e-01,1.236367334925436978e+01,4.035870936479701102e+07
1.429482453948357397e+04,2.000000000000000000e+00,2.000000000000000000e+00,9.356172854862404575e-01,2.436050232520728187e+01,3.530403939318040013e+07
1.823966249223212071e+04,4.000000000000000000e+00,2.000000000000000000e+00,8.395433090540512788e-01,1.766281063789580941e+01,4.014090082569688559e+07
1.650951765013082331e+04,1.000000000000000000e+00,3.000000000000000000e+00,8.849845553619654082e-01,2.301338926729474110e+01,4.540111580955956131e+07
1.837815884432110397e+04,3.000000000000000000e+00,1.000000000000000000e+00,1.212294128070433130e+00,2.870869257399063912e+01,4.692983581543102860e+07
1.495068153010808237e+04,8.000000000000000000e+00,2.000000000000000000e+00,1.056445196320362268e+00,2.158543344049596868e+01,4.445692929434451461e+07
1.464874603616641434e+04,8.000000000000000000e+00,3.000000000000000000e+00,9.199989286867513716e-01,9.826747309133120112e+00,4.567883633274479210e+07
1.459922002934043121e+04,8.000000000000000000e+00,2.000000000000000000e+00,8.022242254187381683e-01,3.432934288877522988e+01,3.178846443215217814e+07
1.395360108951059738e+04,1.000000000000000000e+00,3.000000000000000000e+00,1.250399325079670776e+00,1.748083224845201045e+01,4.749071856658689678e+07
1.764419684952760872e+04,3.000000000000000000e+00,2.000000000000000000e+00,8.205232962576241018e-01,2.355373945573858308e+01,3.671061587874023616e+07
1.908314204762686131e+04,8.000000000000000000e+00,2.000000000000000000e+00,1.371995246245010680e+00,2.956911846762807272e+01,7.874365079242072999e+07
1.344299560791276781e+04,1.000000000000000000e+00,1.000000000000000000e+00,1.010777094158439526e+00,2.503549518472896196e+01,2.601952047316943482e+07
1.229476544368654686e+04,5.000000000000000000e+00,1.000000000000000000e+00,1.269947427549461993e+00,3.352933169583332784e+01,3.844675918088316172e+07
1.246127285903716984e+04,8.000000000000000000e+00,3.000000000000000000e+00,1.237514593228397075e+00,1.440377509854482518e+01,5.124924931701332331e+07
1.234229999011521068e+04,3.000000000000000000e+00,3.000000000000000000e+00,1.147762415231781352e+00,3.457135215412410645e+01,4.602954144561652839e+07
1.591371278961935968e+04,2.000000000000000000e+00,1.000000000000000000e+00,1.270661634918024419e+00,2.355147653137674979e+01,4.155498892421222478e+07
1.814300298604954151e+04,7.000000000000000000e+00,3.000000000000000000e+00,1.140726561571560937e+00,2.905371765888789071e+01,6.963020000739391148e+07
1.473279858648243317e+04,7.000000000000000000e+00,2.000000000000000000e+00,8.338899638520000934e-01,2.711088950406259102e+01,3.436617827379135042e+07
1.523105309410224800e+04,7.000000000000000000e+00,3.000000000000000000e+00,1.161875264104590855e+00,1.816971323339139843e+01,5.968857525445581228e+07
1.914115900412474730e+04,6.000000000000000000e+00,2.000000000000000000e+00,1.145572060996004726e+00,2.489355752765541752e+01,6.152847059311439842e+07
1.933703197665210246e+04,1.000000000000000000e+00,2.000000000000000000e+00,1.176563613000221054e+00,2.939381166426429104e+01,5.501850802007231861e+07
1.267983171200624565e+04,8.000000000000000000e+00,1.000000000000000000e+00,8.379873239077246794e-01,3.255511017782888672e+01,2.471031873074188083e+07
1.402053231182148556e+04,3.000000000000000000e+00,3.000000000000000000e+00,1.259257173788264295e+00,2.729462419779886417e+01,5.285051366333495826e+07
1.987515057893999619e+04,2.000000000000000000e+00,3.000000000000000000e+00,1.314594168704793287e+00,2.634194548055825891e+01,7.830319140013417602e+07
1.836937028874790121e+04,6.000000000000000000e+00,2.000000000000000000e+00,1.312678775784629437e+00,3.444250346792144057e+01,6.814695157983539999e+07
1.926882697764144905e+04,7.000000000000000000e+00,2.000000000000000000e+00,1.207543918645945569e+00,1.085090632906561225e+01,6.034017221128343791e+07
1.842891256177482137e+04,3.000000000000000000e+00,2.000000000000000000e+00,1.277675826445070273e+00,2.030444043240186502e+01,6.504467620433188975e+07
1.534213631901943518e+04,5.000000000000000000e+00,2.000000000000000000e+00,1.306652918598897095e+00,2.138937839057923895e+01,5.090090410565946996e+07
1.620409807969900976e+04,3.000000000000000000e+00,3.000000000000000000e+00,1.305290978046125261e+00,3.215775298978934416e+01,6.230275379034813493e+07
1.762599799243505186e+04,7.000000000000000000e+00,3.000000000000000000e+00,8.201901507780313683e-01,2.088227809167185356e+01,4.564785354877560586e+07
1.761473908217042845e+04,1.000000000000000000e+00,3.000000000000000000e+00,1.058237046559709515e+00,2.023488161919579653e+01,5.244738577113712579e+07
1.648646983133141475e+04,5.000000000000000000e+00,1.000000000000000000e+00,1.014328234514016547e+00,3.208611502918017777e+01,4.050085865698183328e+07
1.205975442739182290e+04,8.000000000000000000e+00,1.000000000000000000e+00,1.297626059567039025e+00,2.799730503838578599e+01,3.313898879422457516e+07
1.975230972814924098e+04,2.000000000000000000e+00,2.000000000000000000e+00,1.152792710499051854e+00,6.433063762922221152e+00,5.510290068734930456e+07
1.476362646433641567e+04,1.000000000000000000e+00,1.000000000000000000e+00,9.458871335881949838e-01,3.221333566653659375e+01,2.759446713206870854e+07
1.242528004754717585e+04,7.000000000000000000e+00,2.000000000000000000e+00,1.229360230210671201e+00,1.210294985261928957e+01,4.123593509762968123e+07
1.710538200413600134e+04,4.000000000000000000e+00,3.000000000000000000e+00,9.432204214307995382e-01,6.636664937740988535e+00,5.282838803097140789e+07
1.642347892708571817e+04,7.000000000000000000e+00,1.000000000000000000e+00,1.068312685112618787e+00,1.883726636506095531e+01,4.004659613423017412e+07
1.685347840234677642e+04,1.000000000000000000e+00,2.000000000000000000e+00,1.377005010745995683e+00,3.076447142153996595e+01,5.588976407262996584e+07
1.830809841597741615e+04,6.000000000000000000e+00,2.000000000000000000e+00,9.738523930934551709e-01,1.312622709430899270e+01,4.696617050900399685e+07
1.281253895566312713e+04,3.000000000000000000e+00,3.000000000000000000e+00,1.315817893393761429e+00,2.967391655602211387e+01,5.309303067193427682e+07
1.928224445165129146e+04,4.000000000000000000e+00,3.000000000000000000e+00,9.241048173845227698e-01,1.803756502312744558e+01,5.420455521869157255e+07
1.794584077568973953e+04,2.000000000000000000e+00,2.000000000000000000e+00,8.020794571909948267e-01,3.157264354641000281e+01,3.808090032162938267e+07
1.393295492443038165e+04,1.000000000000000000e+00,3.000000000000000000e+00,1.228066171019142727e+00,2.416028211425862082e+01,4.813658519764796644e+07
1.661548076414776733e+04,8.000000000000000000e+00,3.000000000000000000e+00,1.317438720716429090e+00,1.115514048261583113e+01,7.491282701718854904e+07
1.930351446967798620e+04,2.000000000000000000e+00,3.000000000000000000e+00,1.279037402040108518e+00,1.991231571210066420e+01,7.225683359033899009e+07
1.542198713576221053e+04,2.000000000000000000e+00,1.000000000000000000e+00,1.194669693693958257e+00,3.241063153547690945e+01,3.891279069275810570e+07
1.757297065176678370e+04,8.000000000000000000e+00,1.000000000000000000e+00,1.014320931796978131e+00,1.893787095257973618e+01,4.062612782255704701e+07
1.788502776420932059e+04,5.000000000000000000e+00,1.000000000000000000e+00,1.213262146318370593e+00,1.896148298352004602e+01,5.161797012318961322e+07
1.861117357960597292e+04,5.000000000000000000e+00,1.000000000000000000e+00,1.197016290954216133e+00,3.296987467602732380e+01,4.926151154986276478e+07
1.587879428848572570e+04,7.000000000000000000e+00,1.000000000000000000e+00,1.033427255540246614e+00,2.667303223747357777e+01,3.756130608603995293e+07
1.702268476414110410e+04,2.000000000000000000e+00,1.000000000000000000e+00,8.522339692008833456e-01,2.685676020569278677e+01,3.046545917490673065e+07
1.639266630730319594e+04,4.000000000000000000e+00,3.000000000000000000e+00,1.256835051651314039e+00,2.265638062382452134e+01,6.636245141302596778e+07
1.565048870859464114e+04,3.000000000000000000e+00,2.000000000000000000e+00,8.304006842801239241e-01,8.730005977694972330e+00,3.279538836311222613e+07
1.362140784245017676e+04,1.000000000000000000e+00,1.000000000000000000e+00,1.125064404271332918e+00,6.053893504006793158e+00,2.914318210246557370e+07
1.552630016265919039e+04,8.000000000000000000e+00,2.000000000000000000e+00,1.064654973432181961e+00,1.595108886914384705e+01,4.725053694469905645e+07
1.525210774922686687e+04,5.000000000000000000e+00,1.000000000000000000e+00,9.450978547843791322e-01,1.042410547924194297e+01,3.055386396964177489e+07
1.369682313734589479e+04,1.000000000000000000e+00,3.000000000000000000e+00,1.344743076749437272e+00,1.382085022755089554e+01,5.338433810947006941e+07
1.225490872935161133e+04,4.000000000000000000e+00,2.000000000000000000e+00,9.377467125225905642e-01,2.157344748397527923e+01,3.077344563192256913e+07
1.601150653389718900e+04,8.000000000000000000e+00,2.000000000000000000e+00,1.192607646774914709e+00,2.409175024528884634e+01,5.378193946623048931e+07
1.672876399939175099e+04,4.000000000000000000e+00,3.000000000000000000e+00,8.456931572116654916e-01,1.909513442342329625e+01,4.386332642652723193e+07
1.937885615900559787e+04,2.000000000000000000e+00,2.000000000000000000e+00,1.200997271583707615e+00,1.651534880417555939e+01,6.260247042028123885e+07
1.650290936092202173e+04,1.000000000000000000e+00,3.000000000000000000e+00,1.095858087048328100e+00,1.935909512028962354e+01,5.487743159494201094e+07
1.510000029365492446e+04,2.000000000000000000e+00,3.000000000000000000e+00,1.264264891799141477e+00,1.699766896673790484e+01,5.429187559510641545e+07
1.201776397651300067e+04,2.000000000000000000e+00,1.000000000000000000e+00,1.353295057111502997e+00,2.226005625020072998e+01,3.414365516845484823e+07
1.270135043485465030e+04,6.000000000000000000e+00,2.000000000000000000e+00,9.368733044247153918e-01,2.443288326167957791e+01,3.292460719212262332e+07
1.400855855422395507e+04,2.000000000000000000e+00,3.000000000000000000e+00,1.028418068630862825e+00,1.931320003146754871e+01,4.268662985510495305e+07
1.545462860310522592e+04,6.000000000000000000e+00,3.000000000000000000e+00,1.342799317817078508e+00,3.013026355713092030e+01,6.445110751707915962e+07
1.336774911101255202e+04,5.000000000000000000e+00,2.000000000000000000e+00,8.467358840731593617e-01,2.641312679812849495e+01,3.082663228446123004e+07
1.892959815575860557e+04,3.000000000000000000e+00,2.000000000000000000e+00,1.014660592886721835e+00,2.792106544399512558e+01,4.937618077874542773e+07
1.219224357595035144e+04,4.000000000000000000e+00,3.000000000000000000e+00,1.033914185374334771e+00,1.647065947674353481e+01,4.161009143669945747e+07
1.672366151523282679e+04,8.000000000000000000e+00,2.000000000000000000e+00,1.384280282774381865e+00,2.479985479260401604e+01,6.288995126324068755e+07
1.755584972062559245e+04,3.000000000000000000e+00,2.000000000000000000e+00,1.095675278438189348e+00,1.710905822801469256e+01,5.224564720461361855e+07
1.448385561713616698e+04,2.000000000000000000e+00,2.000000000000000000e+00,8.033153359361676626e-01,1.384061732702540048e+01,2.662154284089045227e+07
1.651776428942443818e+04,4.000000000000000000e+00,2.000000000000000000e+00,1.266995576629038833e+00,3.509694649480510975e+01,5.871836627660882473e+07
1.813717656714046461e+04,4.000000000000000000e+00,3.000000000000000000e+00,8.204999025038591798e-01,3.026279588845110169e+01,4.531401751636876166e+07
1.827306942050311409e+04,1.000000000000000000e+00,2.000000000000000000e+00,8.295450386717304614e-01,6.318869921926076216e+00,3.634452817848199606e+07
1.343117494551324307e+04,8.000000000000000000e+00,3.000000000000000000e+00,1.027903259235014577e+00,2.732713210564032735e+01,4.240742328332827240e+07
1.782419304433495199e+04,5.000000000000000000e+00,3.000000000000000000e+00,8.177717043337379144e-01,2.694148879856826895e+01,4.876794223775473237e+07
1.929868966044023909e+04,1.000000000000000000e+00,2.000000000000000000e+00,1.365654430147335452e+00,2.582379236088303998e+01,6.510731812129785866e+07
1.274953920990359620e+04,4.000000000000000000e+00,2.000000000000000000e+00,1.309722765712939996e+00,9.598979982275478662e+00,4.450891671154060215e+07
1.476400967446982031e+04,7.000000000000000000e+00,2.000000000000000000e+00,1.312786309582195443e+00,2.309873566897287489e+01,5.538839581105508655e+07
1.903086091330459021e+04,1.000000000000000000e+00,2.000000000000000000e+00,8.750616946166156485e-01,3.137751923935043763e+01,3.909550650524799526e+07
1.380928965479719045e+04,2.000000000000000000e+00,3.000000000000000000e+00,1.388817105139979802e+00,1.150866839664621644e+01,5.485406684531279653e+07
1.351907787616916539e+04,6.000000000000000000e+00,2.000000000000000000e+00,1.248476194383380644e+00,1.001739299216065149e+01,4.270933954506012797e+07
1.930237332908781900e+04,5.000000000000000000e+00,3.000000000000000000e+00,9.623463974619315131e-01,1.697702066982486713e+01,5.860065705573647469e+07
1.757917599909955243e+04,2.000000000000000000e+00,2.000000000000000000e+00,1.331202872611167987e+00,2.489526479756304411e+01,5.722801405381263047e+07
1.497598343055713849e+04,8.000000000000000000e+00,2.000000000000000000e+00,1.231290780930561768e+00,1.826920888254046815e+01,5.250923878692099452e+07
1.953526134065666702e+04,8.000000000000000000e+00,1.000000000000000000e+00,1.291205382008373537e+00,2.889549001061854128e+01,5.660309869171483815e+07
1.869083400257221365e+04,6.000000000000000000e+00,1.000000000000000000e+00,1.376326736510824933e+00,3.325122581153384971e+01,5.673149190447331220e+07
1.652059092119297929e+04,7.000000000000000000e+00,2.000000000000000000e+00,1.005719247441794861e+00,2.645573653362767885e+01,4.514665872100771219e+07
1.852442835038601334e+04,6.000000000000000000e+00,1.000000000000000000e+00,8.304930879156673385e-01,2.327645334016326828e+01,3.419244318111306429e+07
1.673385601625487470e+04,1.000000000000000000e+00,2.000000000000000000e+00,1.301601881277722583e+00,1.371195114511818325e+01,5.238843763701213896e+07
1.660824127364212109e+04,2.000000000000000000e+00,2.000000000000000000e+00,8.170931680214443826e-01,3.443707410703966332e+01,3.407587652846711129e+07
1.436728602846250760e+04,6.000000000000000000e+00,3.000000000000000000e+00,1.209019593143050075e+00,9.324822816637997391e+00,5.263512167435530573e+07
1.685171715865349688e+04,6.000000000000000000e+00,2.000000000000000000e+00,8.412180075439593674e-01,1.688334187949701004e+01,3.868698771237739176e+07
1.213754667953250464e+04,7.000000000000000000e+00,2.000000000000000000e+00,1.101409386252947042e+00,1.287098930348576431e+01,3.748200713963915408e+07
1.790919484247056971e+04,5.000000000000000000e+00,2.000000000000000000e+00,1.390100950591315332e+00,7.053350475700892019e+00,6.817348520552346110e+07
1.843708546101054162e+04,3.000000000000000000e+00,3.000000000000000000e+00,1.024352779568425742e+00,3.105936483485088928e+01,5.920635136600995809e+07
1.346196191532261219e+04,8.000000000000000000e+00,3.000000000000000000e+00,1.005856378959196551e+00,3.074082954405455226e+01,4.663993616039404273e+07
1.441839006105708177e+04,1.000000000000000000e+00,1.000000000000000000e+00,9.521313604906616046e-01,1.041908377486525339e+01,2.651845548598567396e+07
1.376569485133457056e+04,4.000000000000000000e+00,3.000000000000000000e+00,9.817544050147217760e-01,1.487466364877050928e+01,4.321239821094254404e+07
1.223978492940416436e+04,7.000000000000000000e+00,2.000000000000000000e+00,1.127449120950484440e+00,3.441034947140188649e+01,3.898319349220914394e+07
1.472526380440251160e+04,4.000000000000000000e+00,3.000000000000000000e+00,8.261144361175268847e-01,2.323395487199174880e+01,3.427381508103507757e+07
1.542507411498984948e+04,5.000000000000000000e+00,3.000000000000000000e+00,1.241240174832439758e+00,1.785153606488820088e+01,5.800274296673184633e+07
1.834627480786804517e+04,2.000000000000000000e+00,2.000000000000000000e+00,1.261567234930427217e+00,7.114049383583259889e+00,5.581742389807488024e+07
1.842093022692976228e+04,3.000000000000000000e+00,1.000000000000000000e+00,1.085107311645012285e+00,1.110167217604685774e+01,4.142632293302474171e+07
1.659304974965912697e+04,1.000000000000000000e+00,3.000000000000000000e+00,1.127131884284064745e+00,2.267215241416996463e+01,5.491380387827621400e+07
1.385593239704447114e+04,2.000000000000000000e+00,1.000000000000000000e+00,1.157491346297151225e+00,3.455998863971170465e+01,3.429121048169975728e+07
1.797415161109402834e+04,4.000000000000000000e+00,2.000000000000000000e+00,1.344793603044489583e+00,1.402952839533476137e+01,6.436393128415314108e+07
1.257767577124103445e+04,2.000000000000000000e+00,3.000000000000000000e+00,1.355499717897448164e+00,3.248555747949301775e+01,5.106330518019528687e+07
1.811218272263864492e+04,4.000000000000000000e+00,2.000000000000000000e+00,1.193594918351269740e+00,1.767048663492822769e+01,5.505770919163583219e+07
1.445594408163676417e+04,7.000000000000000000e+00,3.000000000000000000e+00,9.126233409693715881e-01,1.709814596931217423e+01,4.422106201448737830e+07
1.987231561396667894e+04,5.000000000000000000e+00,3.000000000000000000e+00,8.720639528857943024e-01,1.216370836033430436e+01,5.400408239762125909e+07
1.424819654761086713e+04,6.000000000000000000e+00,3.000000000000000000e+00,1.070191015700799220e+00,2.108566282031555517e+01,4.617369090694364905e+07
1.443403269712629844e+04,7.000000000000000000e+00,1.000000000000000000e+00,9.602584165490447576e-01,2.762816546557272801e+01,3.232519618129977584e+07
1.899569799371989211e+04,4.000000000000000000e+00,3.000000000000000000e+00,8.216092359006209600e-01,3.107771015969755979e+01,4.698776907121693343e+07
1.410172585516628533e+04,3.000000000000000000e+00,3.000000000000000000e+00,1.170964202541406207e+00,1.958224685019342814e+01,5.320441019040331990e+07
1.917643089154859626e+04,1.000000000000000000e+00,3.000000000000000000e+00,1.305165197200842897e+00,1.660174093824440789e+01,6.797493863500529528e+07
1.216964739738440039e+04,6.000000000000000000e+00,3.000000000000000000e+00,9.209922246222568276e-01,2.499559930827554410e+01,3.666847859638489783e+07
1.981283101805028855e+04,5.000000000000000000e+00,3.000000000000000000e+00,9.485777417140899281e-01,2.721469361119500974e+01,6.219218848671045899e+07
1.873491860808938509e+04,4.000000000000000000e+00,2.000000000000000000e+00,9.789478173786319015e-01,1.901342574131849972e+01,4.897922906918779016e+07
1.527186828247193625e+04,4.000000000000000000e+00,1.000000000000000000e+00,9.760980383909108049e-01,3.099042084332278080e+01,3.212174011363537610e+07
1.861684663389427806e+04,1.000000000000000000e+00,1.000000000000000000e+00,1.311053144323139463e+00,3.348151623677651401e+01,4.655091170060525090e+07
1.922683656437355239e+04,6.000000000000000000e+00,1.000000000000000000e+00,8.180277028416002016e-01,9.367860787965767599e+00,3.470426951172304899e+07
1.889962972822083611e+04,6.000000000000000000e+00,3.000000000000000000e+00,1.146863427261413548e+00,2.591067125193669440e+01,6.638508100191382319e+07
1.356953994734315529e+04,7.000000000000000000e+00,3.000000000000000000e+00,8.030470512530445415e-01,2.884951054696486850e+01,3.605935571635872871e+07
1.225239285983703485e+04,6.000000000000000000e+00,1.000000000000000000e+00,9.599902951308076915e-01,1.940801648314089434e+01,2.599392939637187123e+07
1.557086989340409491e+04,2.000000000000000000e+00,1.000000000000000000e+00,1.275635671186213349e+00,3.269720543666981172e+01,3.948763510154851526e+07
1.983433414736516715e+04,8.000000000000000000e+00,1.000000000000000000e+00,8.868516588528678746e-01,1.763323115408130803e+01,4.086497712375515699e+07
1.578719974668253053e+04,1.000000000000000000e+00,1.000000000000000000e+00,1.173755224746092507e+00,9.855223471534255708e+00,3.519757900636196882e+07
1.532383643024561025e+04,5.000000000000000000e+00,3.000000000000000000e+00,9.045066892250849255e-01,2.489876119011541178e+01,4.145827810034092516e+07
1.502120929030726984e+04,8.000000000000000000e+00,3.000000000000000000e+00,1.379854716965356776e+00,3.187188974867969193e+01,6.695498168747253716e+07
1.686127891415247359e+04,6.000000000000000000e+00,2.000000000000000000e+00,1.033923441747190530e+00,3.594372720300391677e+01,4.989729674650392681e+07
1.901307843800871342e+04,6.000000000000000000e+00,3.000000000000000000e+00,1.138915678636619688e+00,1.300798973924358037e+01,7.056268513883268833e+07
1.872656099368508148e+04,7.000000000000000000e+00,3.000000000000000000e+00,8.375265835565824935e-01,1.599406285978131947e+01,5.477349771140006930e+07
1.211259163733192327e+04,1.000000000000000000e+00,3.000000000000000000e+00,9.868307027664088293e-01,6.919751664990532625e+00,3.541688568923774362e+07
1.512322640009088718e+04,8.000000000000000000e+00,2.000000000000000000e+00,1.317773404724909891e+00,1.982915722767274502e+01,5.278622470359192789e+07
1.232907443176185188e+04,6.000000000000000000e+00,2.000000000000000000e+00,8.231787228824001268e-01,1.725806555576291856e+01,2.933974588812539354e+07
1.480472927365368378e+04,2.000000000000000000e+00,1.000000000000000000e+00,1.011907701967047712e+00,1.010269382983770114e+01,3.066043155802518874e+07
1.299531662237933597e+04,6.000000000000000000e+00,1.000000000000000000e+00,8.412948197482150725e-01,8.458413590864509501e+00,2.293465553398663178e+07
1.305539371424109595e+04,8.000000000000000000e+00,3.000000000000000000e+00,9.750586490341109913e-01,3.245932607492264310e+01,4.382550251244067401e+07
1.761989547476273947e+04,5.000000000000000000e+00,3.000000000000000000e+00,8.884240434904561168e-01,2.189093396990059404e+01,4.639722644617759436e+07
1.436146023780858377e+04,3.000000000000000000e+00,2.000000000000000000e+00,1.271140343885902801e+00,2.729843070862328958e+01,4.845203182396379113e+07
1.440264990726716132e+04,5.000000000000000000e+00,3.000000000000000000e+00,1.042166960487065364e+00,8.094721662208620216e+00,4.926902026934985071e+07
1.685051549812670783e+04,7.000000000000000000e+00,3.000000000000000000e+00,8.607571943088369038e-01,1.960391961624691248e+01,4.706596944064397365e+07
1.566461775064531321e+04,8.000000000000000000e+00,3.000000000000000000e+00,1.169004459634396476e+00,3.501269831351888229e+01,6.099647483491926640e+07
1.373698653212338832e+04,6.000000000000000000e+00,3.000000000000000000e+00,9.779223638595637702e-01,2.557673060034567669e+01,4.487531669357556850e+07
1.316555067675022656e+04,4.000000000000000000e+00,2.000000000000000000e+00,1.392409912959135632e+00,1.738533117114885584e+01,4.788278437244620174e+07
1.242305145727690615e+04,1.000000000000000000e+00,1.000000000000000000e+00,9.076353702805670665e-01,2.435661751675623776e+01,2.247922133730217814e+07
1.970116253421582223e+04,6.000000000000000000e+00,3.000000000000000000e+00,9.946661512897754243e-01,8.356403828426035574e+00,6.417486854668413848e+07
1.595094480706322793e+04,7.000000000000000000e+00,3.000000000000000000e+00,1.374133413287974781e+00,2.747137787257562991e+01,7.364633107831901312e+07
1.603788006943143409e+04,1.000000000000000000e+00,2.000000000000000000e+00,1.079665702775922220e+00,2.122841504961906622e+01,3.983107621126664430e+07
1.613956986455585138e+04,2.000000000000000000e+00,2.000000000000000000e+00,8.759179655088635830e-01,3.425939379877939217e+01,3.630143659272441268e+07
1.778681523822085728e+04,7.000000000000000000e+00,2.000000000000000000e+00,1.207238372765994994e+00,3.578338127529899992e+01,5.689574815985653549e+07
1.974336957832755070e+04,5.000000000000000000e+00,1.000000000000000000e+00,1.323069903154850291e+00,2.854552131976437579e+01,5.136451544538808614e+07
1.399356233292606339e+04,7.000000000000000000e+00,1.000000000000000000e+00,1.068312338789506377e+00,1.307601930039412963e+01,3.306927625057217479e+07
1.205658834241211480e+04,8.000000000000000000e+00,2.000000000000000000e+00,1.068907113522812979e+00,2.070620851356623859e+01,3.748502196780513972e+07
1.626540126464151581e+04,8.000000000000000000e+00,1.000000000000000000e+00,1.279737014812744711e+00,3.462904279467151980e+01,4.907752561456155032e+07
1.766222872646460019e+04,4.000000000000000000e+00,3.000000000000000000e+00,9.267401255815178596e-01,1.990289542309987425e+01,4.902472148504330218e+07
1.545282688614593826e+04,1.000000000000000000e+00,3.000000000000000000e+00,8.376497073673327964e-01,1.343230418916333591e+01,3.737691509940890968e+07
1.404136343609879441e+04,1.000000000000000000e+00,3.000000000000000000e+00,1.055895377810419644e+00,1.436728581969292051e+01,4.027564695787306130e+07
1.621595841860705332e+04,5.000000000000000000e+00,3.000000000000000000e+00,8.773469945938418002e-01,2.387696603780169724e+01,4.266258455588757247e+07
1.795232557450914101e+04,1.000000000000000000e+00,3.000000000000000000e+00,1.052657889707156347e+00,2.397032157633131533e+01,5.558529630752981454e+07
1.561709206585074935e+04,2.000000000000000000e+00,2.000000000000000000e+00,8.105307454577961312e-01,1.659805172493909708e+01,3.433078789279213548e+07
1.974130262407970440e+04,5.000000000000000000e+00,1.000000000000000000e+00,9.556557042809711300e-01,3.384325423450815151e+01,4.248792026115651429e+07
1.678969876616041802e+04,6.000000000000000000e+00,3.000000000000000000e+00,1.005391188185441154e+00,1.115757766999628942e+01,5.620896543517799675e+07
1.612841959716018391e+04,2.000000000000000000e+00,2.000000000000000000e+00,8.434637274303892207e-01,1.906510218565052028e+01,3.450270562435255945e+07
1.269715012002955882e+04,2.000000000000000000e+00,2.000000000000000000e+00,1.286543498809952668e+00,3.178499125511426371e+01,4.501528972646535188e+07
1.638391910886699225e+04,8.000000000000000000e+00,1.000000000000000000e+00,8.196878318147912124e-01,3.146763049838306969e+01,2.989376124660461396e+07
1.274418317883613963e+04,7.000000000000000000e+00,2.000000000000000000e+00,9.034615292979779611e-01,2.334607097581596946e+01,3.512204474216352403e+07
1.254959807759122123e+04,5.000000000000000000e+00,1.000000000000000000e+00,8.774436038562449802e-01,1.340892491553117694e+01,2.501830003115068376e+07
1.850650869914537179e+04,4.000000000000000000e+00,3.000000000000000000e+00,9.151509108079869392e-01,1.699308224441453419e+01,5.129101601798658073e+07
1.892018683885960127e+04,2.000000000000000000e+00,2.000000000000000000e+00,1.003999781255824786e+00,1.655186165217955363e+01,4.673053475711794943e+07
1.597471035846944505e+04,3.000000000000000000e+00,1.000000000000000000e+00,1.383305670936605392e+00,1.064486529535471959e+01,4.201478791574910283e+07
1.409171509793389305e+04,4.000000000000000000e+00,3.000000000000000000e+00,1.209717948654374098e+00,2.174037648267876222e+01,5.366879251544053108e+07
1.393707493731258364e+04,5.000000000000000000e+00,3.000000000000000000e+00,1.185688826719134337e+00,2.551396939633784555e+01,5.463986257326275110e+07
1.776139639102695946e+04,4.000000000000000000e+00,3.000000000000000000e+00,1.083379539422827609e+00,2.956218933730085752e+01,6.004395772595480084e+07
1.207034183751558339e+04,8.000000000000000000e+00,3.000000000000000000e+00,1.145720479408264492e+00,2.601473116906381122e+01,4.896004518258944899e+07
1.703536688280836097e+04,8.000000000000000000e+00,2.000000000000000000e+00,8.776036438732525147e-01,2.267138873329230364e+01,4.307980323401937634e+07
1.558654885239759642e+04,6.000000000000000000e+00,2.000000000000000000e+00,8.754737783415562635e-01,2.521670114487282532e+01,3.771834497234571725e+07
1.940663084443723346e+04,3.000000000000000000e+00,1.000000000000000000e+00,8.705451191264553801e-01,1.801446422431686756e+01,3.493395817343506962e+07
1.803440545848683905e+04,3.000000000000000000e+00,1.000000000000000000e+00,1.137676192349947435e+00,2.540858842576804477e+01,4.212697922165730596e+07
1.503023397787383146e+04,2.000000000000000000e+00,3.000000000000000000e+00,1.381864041513242380e+00,8.450089071669498964e+00,6.554842136717212945e+07
1.721903130852332106e+04,5.000000000000000000e+00,3.000000000000000000e+00,1.140056268272391815e+00,1.622797072290928000e+01,6.180932253806597739e+07
1.298635041191470555e+04,6.000000000000000000e+00,3.000000000000000000e+00,8.391222205213850760e-01,1.246202814269964421e+01,3.209508463355584070e+07
1.251106326481454926e+04,7.000000000000000000e+00,3.000000000000000000e+00,1.244042872126545740e+00,1.964862516528657466e+01,5.082736997445522249e+07
1.806429120875696754e+04,6.000000000000000000e+00,3.000000000000000000e+00,9.425368604669717154e-01,6.269209789613594985e+00,5.736116706950443983e+07
1.688184983900115185e+04,3.000000000000000000e+00,2.000000000000000000e+00,9.474422507654719494e-01,2.248444085395546921e+01,4.179320374102611840e+07
1.466707905187784672e+04,8.000000000000000000e+00,3.000000000000000000e+00,1.154732715188112158e+00,6.172230916969660086e+00,5.554011418052836508e+07
1.753236289962335650e+04,8.000000000000000000e+00,1.000000000000000000e+00,1.304865039447837161e+00,2.933949767814331011e+01,5.179536172109021246e+07
1.904714794301819711e+04,1.000000000000000000e+00,3.000000000000000000e+00,1.393074300267318266e+00,9.348647005256214726e+00,7.568070522438921034e+07
1.360133566957543553e+04,2.000000000000000000e+00,2.000000000000000000e+00,8.662434903441307288e-01,1.542825122517739445e+01,2.897040023806105182e+07
1.595738749208650552e+04,3.000000000000000000e+00,2.000000000000000000e+00,1.021057984249902129e+00,1.134211492601945537e+01,4.428910276969850808e+07
1.284508767418054413e+04,2.000000000000000000e+00,1.000000000000000000e+00,9.767260347323022396e-01,2.615394714111758034e+01,2.648485542895390093e+07
1.436041342192854972e+04,2.000000000000000000e+00,1.000000000000000000e+00,9.534253432730551703e-01,6.307837985353637045e+00,2.812800274837203324e+07
1.417876484792083465e+04,3.000000000000000000e+00,3.000000000000000000e+00,1.233693197962378418e+00,1.368765762459521795e+01,5.374683956751014292e+07
1.641021286346006673e+04,6.000000000000000000e+00,2.000000000000000000e+00,1.300413413659897710e+00,1.416624594480554222e+01,5.536903328552982956e+07
1.858464982792499359e+04,1.000000000000000000e+00,3.000000000000000000e+00,1.344303622681680466e+00,1.266905011003697723e+01,7.245497010522742569e+07
1.252406582427401008e+04,2.000000000000000000e+00,1.000000000000000000e+00,8.376498257273004011e-01,1.979943659679160461e+01,1.996101113876404241e+07
1.451400138328463618e+04,6.000000000000000000e+00,1.000000000000000000e+00,9.424405502978785432e-01,2.292511433977815827e+01,3.341982170946553349e+07
1.279901240206035436e+04,2.000000000000000000e+00,1.000000000000000000e+00,1.300709610134936245e+00,2.377999137359392634e+01,3.675886544128462672e+07
1.264881960072843140e+04,7.000000000000000000e+00,1.000000000000000000e+00,9.773478121849207279e-01,2.214879299295169446e+01,3.048627761568114161e+07
1.527554325464426620e+04,1.000000000000000000e+00,3.000000000000000000e+00,9.897769624484809015e-01,3.593398790873214210e+01,4.205537912598386407e+07
1.403290212525237621e+04,1.000000000000000000e+00,2.000000000000000000e+00,9.636669639379140673e-01,2.957483752951577927e+01,3.165807120581095666e+07
1.889444656232296984e+04,1.000000000000000000e+00,3.000000000000000000e+00,8.404875505478972553e-01,8.761179945139382141e+00,4.673570039770127088e+07
1.587043178932662158e+04,8.000000000000000000e+00,1.000000000000000000e+00,8.607307040729919034e-01,7.819985422850112222e+00,3.307823067391183972e+07
1.437880308034775226e+04,2.000000000000000000e+00,2.000000000000000000e+00,8.617428824793037512e-01,3.086408000574186516e+01,2.967408862964754924e+07
1.606743858692330105e+04,4.000000000000000000e+00,3.000000000000000000e+00,9.618025940881008706e-01,1.216361313617455231e+01,4.577255784174384177e+07
1.446728315423957247e+04,7.000000000000000000e+00,1.000000000000000000e+00,8.154799273977414442e-01,3.305617600749799578e+01,2.684287433262300119e+07
1.840574587167770733e+04,8.000000000000000000e+00,2.000000000000000000e+00,1.023242259440999335e+00,2.198166064253193852e+01,5.302337464778282493e+07
1.228589102441023897e+04,2.000000000000000000e+00,2.000000000000000000e+00,1.057898961358331391e+00,7.606048214300631827e+00,3.369379068232432753e+07
1.693948565544422308e+04,3.000000000000000000e+00,3.000000000000000000e+00,1.072868181480757466e+00,1.863414662240766617e+01,5.754913241265174001e+07
1.217014138909989379e+04,6.000000000000000000e+00,1.000000000000000000e+00,1.361556364675380992e+00,2.610984478036505507e+01,3.611172355060078204e+07
1.533967551481094415e+04,2.000000000000000000e+00,3.000000000000000000e+00,9.136881803933393220e-01,3.113727671960582910e+01,4.044637898561844975e+07
1.615217777076461789e+04,3.000000000000000000e+00,2.000000000000000000e+00,1.251117057987461312e+00,3.490403951411535388e+01,5.267245084728206694e+07
1.291255812886473177e+04,6.000000000000000000e+00,2.000000000000000000e+00,9.506737411855827879e-01,2.652169573842017769e+01,3.524803425737674534e+07
1.835613692112942226e+04,4.000000000000000000e+00,2.000000000000000000e+00,8.300747705931944553e-01,3.547518598224434072e+01,3.941957347913622856e+07
1.555877853779213183e+04,1.000000000000000000e+00,1.000000000000000000e+00,8.937121058092618586e-01,1.436457076041179448e+01,2.514598130331812426e+07
1.823600688867196732e+04,4.000000000000000000e+00,3.000000000000000000e+00,1.068243762341535952e+00,6.599516403419722899e+00,5.959881031984092295e+07
1.424216882397782319e+04,3.000000000000000000e+00,3.000000000000000000e+00,1.313336649344770457e+00,7.314302818408453533e+00,5.889553174677792192e+07
1.582262337122493227e+04,5.000000000000000000e+00,1.000000000000000000e+00,1.090714095468329425e+00,1.834914616604471860e+01,3.529541044481970370e+07
1.314095494657583731e+04,2.000000000000000000e+00,2.000000000000000000e+00,8.590091192767126405e-01,2.686275777881251514e+01,2.722156542796775326e+07
1.732390833730870872e+04,8.000000000000000000e+00,1.000000000000000000e+00,8.923858191193477785e-01,3.047316784967250669e+01,3.752984763675895333e+07
1.323543937903877486e+04,8.000000000000000000e+00,3.000000000000000000e+00,1.109756942848823869e+00,2.439836707170388763e+01,4.889898286447207630e+07
1.654987263228572192e+04,1.000000000000000000e+00,3.000000000000000000e+00,1.238018084145269926e+00,1.331627616417965498e+01,5.807804535118623078e+07
1.722718355145062742e+04,3.000000000000000000e+00,3.000000000000000000e+00,8.390857052294214968e-01,3.249986225609946189e+01,4.585209162508060783e+07
1.536373384149579397e+04,5.000000000000000000e+00,3.000000000000000000e+00,9.209874903848480621e-01,9.699759351873186830e+00,4.561142622034525126e+07
1.861866445965440289e+04,6.000000000000000000e+00,3.000000000000000000e+00,1.159490992969638867e+00,1.127138405066467897e+01,7.066427212839023769e+07
1.992716215513099087e+04,6.000000000000000000e+00,2.000000000000000000e+00,1.167610785280500441e+00,2.655175935131781273e+01,6.085674779482890666e+07
1.811151403000517894e+04,2.000000000000000000e+00,3.000000000000000000e+00,1.279528410698555829e+00,1.872477140666017448e+01,6.785338501888166368e+07
1.327914783357418855e+04,7.000000000000000000e+00,2.000000000000000000e+00,1.318595563196073517e+00,3.490065014169448432e+01,4.487691230353157222e+07
1.318263766214491261e+04,5.000000000000000000e+00,2.000000000000000000e+00,1.050261571789114168e+00,3.541788750144473852e+01,3.708692606493353844e+07
1.392312470199866948e+04,6.000000000000000000e+00,2.000000000000000000e+00,1.196867046961629821e+00,6.338374182274185031e+00,4.764231096925523132e+07
1.489967832598832865e+04,1.000000000000000000e+00,3.000000000000000000e+00,1.087031406325351890e+00,9.239801885305949369e+00,4.527334353937052190e+07
1.741024088907414989e+04,2.000000000000000000e+00,3.000000000000000000e+00,9.143377453987628911e-01,3.216389089146184688e+01,4.869771713679031283e+07
1.935886586608261132e+04,2.000000000000000000e+00,3.000000000000000000e+00,1.067838530366531202e+00,1.233721959761831855e+01,5.832749938603857905e+07
1.703213402872859297e+04,6.000000000000000000e+00,3.000000000000000000e+00,1.321519457330139424e+00,1.130722934765517884e+01,6.849661689082939923e+07
1.996466129212504893e+04,1.000000000000000000e+00,1.000000000000000000e+00,1.136126042787812152e+00,1.876674130285960018e+01,4.697909799813351780e+07
1.817817441040904669e+04,7.000000000000000000e+00,1.000000000000000000e+00,9.225005144429631043e-01,2.335258170306169490e+01,4.029344591162866354e+07
1.539366273726624604e+04,4.000000000000000000e+00,3.000000000000000000e+00,1.256874937933146308e+00,8.435117984800180935e+00,5.699029429563211650e+07
1.217933683608804495e+04,6.000000000000000000e+00,3.000000000000000000e+00,1.371788843886765363e+00,3.299705847597839181e+01,5.033892518067891896e+07
1.919643292267238576e+04,6.000000000000000000e+00,1.000000000000000000e+00,1.395337185705185501e+00,2.771562028577914205e+01,5.977379207515003532e+07
1.781986729584968998e+04,4.000000000000000000e+00,2.000000000000000000e+00,1.207175124301688607e+00,1.085151158519020598e+01,5.701333482813210040e+07
1.349901548350297162e+04,8.000000000000000000e+00,1.000000000000000000e+00,8.875900460417902593e-01,2.999777556097457776e+01,2.864499915499542281e+07
1.347605785620401912e+04,8.000000000000000000e+00,3.000000000000000000e+00,1.138173225221770668e+00,2.271885615859757479e+01,5.127755382357034087e+07
1.524019621079345052e+04,8.000000000000000000e+00,2.000000000000000000e+00,8.786597630653443236e-01,3.116696945491456816e+01,3.752728078861940652e+07
1.442036803917801444e+04,3.000000000000000000e+00,2.000000000000000000e+00,1.172448299562935503e+00,1.843804658949144226e+01,4.437472815927591175e+07
1.570125923355197301e+04,6.000000000000000000e+00,3.000000000000000000e+00,1.214910327810897694e+00,1.917575384750996648e+01,5.798351265741451085e+07
1.804649792392154632e+04,6.000000000000000000e+00,3.000000000000000000e+00,1.099536147196420677e+00,2.099773937332752993e+01,6.539806275275133550e+07
1.498505235286029711e+04,6.000000000000000000e+00,2.000000000000000000e+00,1.118948367006756817e+00,1.499558297605473633e+01,4.263682670400111377e+07
1.425642184260342947e+04,1.000000000000000000e+00,3.000000000000000000e+00,1.320572728842152932e+00,1.942569508785530275e+01,5.482215700619442761e+07
1.301909887967780742e+04,1.000000000000000000e+00,3.000000000000000000e+00,1.010988339474977904e+00,2.999782811406220873e+01,3.704600153821148723e+07
1.624931297994465058e+04,4.000000000000000000e+00,3.000000000000000000e+00,1.222456569097804646e+00,1.156920279803303586e+01,6.231277837454587966e+07
1.424306330506269114e+04,8.000000000000000000e+00,2.000000000000000000e+00,8.441841319496110607e-01,2.695492156677657292e+01,3.221391559657378495e+07
1.302985079277818841e+04,5.000000000000000000e+00,3.000000000000000000e+00,1.277477548380050676e+00,2.413168952212945939e+01,5.392151134357900918e+07
1.413836695472708016e+04,2.000000000000000000e+00,1.000000000000000000e+00,9.535261650042967663e-01,7.247824096586324316e+00,2.722686769631797448e+07
1.348725373482170653e+04,6.000000000000000000e+00,3.000000000000000000e+00,8.705777673448500398e-01,3.054748562169602266e+01,3.712069550909920037e+07
1.749975228527327272e+04,3.000000000000000000e+00,1.000000000000000000e+00,8.551226331327450580e-01,2.036628745689927200e+01,3.004089952591919526e+07
1.574565465936974033e+04,3.000000000000000000e+00,2.000000000000000000e+00,8.348484889602623138e-01,1.587396590545735009e+01,3.201023058050480857e+07
1.379720766352189094e+04,5.000000000000000000e+00,2.000000000000000000e+00,1.138376066669198217e+00,2.997712812882404521e+01,4.193219634749967605e+07
1.973905596487219736e+04,6.000000000000000000e+00,2.000000000000000000e+00,1.131019854187340412e+00,8.391769748725891986e+00,5.716971808633430302e+07
1.866480070986145074e+04,5.000000000000000000e+00,3.000000000000000000e+00,8.331616805721491215e-01,3.461882094541576294e+01,5.098179459247928113e+07
1.632663021655589910e+04,1.000000000000000000e+00,3.000000000000000000e+00,1.302063260050697169e+00,2.368630159910525634e+01,5.908478808949462324e+07
1.826959010631241108e+04,2.000000000000000000e+00,3.000000000000000000e+00,9.299486953259532562e-01,3.032999685965679149e+01,4.979929066078332067e+07
1.873863912389365578e+04,4.000000000000000000e+00,2.000000000000000000e+00,1.291026494358968213e+00,1.028465656711123088e+01,6.277913032187999040e+07
1.378106880609087057e+04,4.000000000000000000e+00,1.000000000000000000e+00,1.018175151974478609e+00,2.787431552802672741e+01,3.049960036659821123e+07
1.831811024565772823e+04,1.000000000000000000e+00,2.000000000000000000e+00,9.269948311474646152e-01,1.154174738270141276e+01,4.005438318841958791e+07
1.668721719898274023e+04,7.000000000000000000e+00,1.000000000000000000e+00,1.292750486418057232e+00,1.086433200053211046e+01,5.012442002791745961e+07
1.265342939010849659e+04,1.000000000000000000e+00,2.000000000000000000e+00,1.300256115624500275e+00,3.254671155326504106e+01,3.804521049836754799e+07
1.261299317155542485e+04,4.000000000000000000e+00,2.000000000000000000e+00,1.009056955338951234e+00,3.490844022522611567e+01,3.320258858456149697e+07
1.803794894385905718e+04,2.000000000000000000e+00,2.000000000000000000e+00,1.048929817905753126e+00,3.453018676577305968e+01,4.534855328570267558e+07
1.446007468402433187e+04,4.000000000000000000e+00,2.000000000000000000e+00,1.099037812923666646e+00,3.146464322353713072e+01,4.255311394520679861e+07
1.887512870318687055e+04,2.000000000000000000e+00,3.000000000000000000e+00,1.181972774295935613e+00,2.515289265962690735e+01,6.566416061162938178e+07
1.752845313831152089e+04,8.000000000000000000e+00,2.000000000000000000e+00,9.109205739484353970e-01,1.780455010897281909e+01,4.540949635899288952e+07
1.935910548574795030e+04,2.000000000000000000e+00,1.000000000000000000e+00,8.220985963197875446e-01,3.054547511870468668e+01,3.282927406361579150e+07
1.637105468962058148e+04,3.000000000000000000e+00,2.000000000000000000e+00,1.314982849298439671e+00,2.052158065015446198e+01,5.425696876069035381e+07
1.960440885439319027e+04,3.000000000000000000e+00,2.000000000000000000e+00,1.322139282110287084e+00,1.713290399900663630e+01,6.420730886623386294e+07
1.211555705249444327e+04,6.000000000000000000e+00,3.000000000000000000e+00,1.012894225617050559e+00,8.011385100098497247e+00,4.022428825191775709e+07
1.750490481812329381e+04,5.000000000000000000e+00,3.000000000000000000e+00,1.201034105963954657e+00,8.559415407302667589e+00,6.153225103789024800e+07
1.486178310875661373e+04,4.000000000000000000e+00,3.000000000000000000e+00,1.262865081505297082e+00,2.426624365706897635e+01,5.722457335739244521e+07
1.586384937521723805e+04,8.000000000000000000e+00,1.000000000000000000e+00,1.107372542757220524e+00,1.684130838466846569e+01,4.312226655745628476e+07
1.639765666735727063e+04,5.000000000000000000e+00,1.000000000000000000e+00,1.303822806240669596e+00,6.643893606085813808e+00,4.450380419384518266e+07
1.719984757680158509e+04,1.000000000000000000e+00,1.000000000000000000e+00,1.001337604577055673e+00,1.647508044957882589e+01,3.622399186911358684e+07
1.325239587814327570e+04,1.000000000000000000e+00,1.000000000000000000e+00,1.293041797082253419e+00,2.084345079076614837e+01,3.221944974069499224e+07
1.598278472324793984e+04,1.000000000000000000e+00,2.000000000000000000e+00,8.237513229447926966e-01,3.472323208379943082e+01,3.231862996691219509e+07
1.764091679507870867e+04,6.000000000000000000e+00,2.000000000000000000e+00,1.228377970061399038e+00,1.189010307434087999e+01,6.043318918695414811e+07
1.336000443656919560e+04,8.000000000000000000e+00,3.000000000000000000e+00,1.308685605194345403e+00,2.566861960557129763e+01,5.461803849192273617e+07
1.248630080605311014e+04,1.000000000000000000e+00,3.000000000000000000e+00,1.105639228077501590e+00,2.859241543882889403e+01,4.066091378602198511e+07
1.860037911851803801e+04,4.000000000000000000e+00,2.000000000000000000e+00,1.058365822136883239e+00,1.550378760980835580e+01,4.990983879686249793e+07
1.458454691529353659e+04,1.000000000000000000e+00,1.000000000000000000e+00,1.125340462091395377e+00,3.330998839981117499e+01,3.237194667046375200e+07
1.392259525871341066e+04,7.000000000000000000e+00,1.000000000000000000e+00,1.008117069343326122e+00,2.830281396989234111e+01,3.497560499967672676e+07
1.420912616110813906e+04,3.000000000000000000e+00,2.000000000000000000e+00,1.365285860232280157e+00,1.061693726529711768e+01,4.892329430398695916e+07
1.945344213605528421e+04,3.000000000000000000e+00,2.000000000000000000e+00,8.252363763603022262e-01,3.208970088926201925e+01,4.104778393681623042e+07
1.709837148018737935e+04,7.000000000000000000e+00,3.000000000000000000e+00,1.095641074397555759e+00,2.476506307743748891e+01,6.153767459678819031e+07
1.944931224658100837e+04,7.000000000000000000e+00,3.000000000000000000e+00,1.120443992332297967e+00,2.104349471972043517e+01,6.823197743905520439e+07
1.837812325994685671e+04,6.000000000000000000e+00,3.000000000000000000e+00,1.311883788593650735e+00,2.074444740212833693e+01,7.527813640626759827e+07
1.896427515923172177e+04,5.000000000000000000e+00,2.000000000000000000e+00,1.079936773436378505e+00,3.154279112513100713e+01,5.224639144360044599e+07
1.270742857723262750e+04,1.000000000000000000e+00,3.000000000000000000e+00,1.290697318800033022e+00,1.638428919652939442e+01,4.801636477389583737e+07
1.289726020399012850e+04,8.000000000000000000e+00,2.000000000000000000e+00,1.108087659048580198e+00,3.496565196012001309e+01,3.966124118569488823e+07
1.920634770474689867e+04,2.000000000000000000e+00,1.000000000000000000e+00,1.284850473128141379e+00,1.808234868538686513e+01,5.085669385790629685e+07
1.773295913728724190e+04,3.000000000000000000e+00,3.000000000000000000e+00,1.335364500933339027e+00,2.806541037191634658e+01,7.232041701975399256e+07
1.821066483004461043e+04,1.000000000000000000e+00,3.000000000000000000e+00,1.082372781841937748e+00,2.718490392801863820e+01,5.579766384527936578e+07
1.623327133085958485e+04,5.000000000000000000e+00,3.000000000000000000e+00,8.699520564660045974e-01,2.175173616163742452e+01,4.584330958221490681e+07
1.419733072715249000e+04,1.000000000000000000e+00,3.000000000000000000e+00,1.112119401011778086e+00,1.880210527125716169e+01,4.858773912505409867e+07
1.554559429276335868e+04,1.000000000000000000e+00,3.000000000000000000e+00,1.171226481235991379e+00,1.973809300194354677e+01,5.312308131805917621e+07
1.966812038219657552e+04,1.000000000000000000e+00,3.000000000000000000e+00,1.042899957414703982e+00,1.003336700412763705e+01,5.799902749004075676e+07
1.874962304837072588e+04,7.000000000000000000e+00,1.000000000000000000e+00,8.933493752042505065e-01,2.985587212549813785e+01,3.666112103708738089e+07
1.485601511925621708e+04,2.000000000000000000e+00,1.000000000000000000e+00,1.327072803839266069e+00,2.399452369109664929e+01,3.663857634128127247e+07
1.607863881734148708e+04,2.000000000000000000e+00,3.000000000000000000e+00,1.115874297567528206e+00,1.618405422477108502e+01,5.191426794430700690e+07
1.700594410329917082e+04,5.000000000000000000e+00,2.000000000000000000e+00,1.349556376552563997e+00,2.768073030025265169e+01,5.574537930612845719e+07
1.611557739529534956e+04,8.000000000000000000e+00,3.000000000000000000e+00,1.232665211314750264e+00,1.806131407344170015e+01,6.851121318569499254e+07
1.498239422420029223e+04,3.000000000000000000e+00,2.000000000000000000e+00,1.362690653013397535e+00,1.064745990146180077e+01,4.879350097037538886e+07
1.654145474234426001e+04,5.000000000000000000e+00,3.000000000000000000e+00,8.453334287206842879e-01,1.989789442142066278e+01,4.278597271269409359e+07
1.667446481562166809e+04,6.000000000000000000e+00,2.000000000000000000e+00,1.198327298129783003e+00,1.167458075609981094e+01,5.250539716501691192e+07
1.542071873646874337e+04,1.000000000000000000e+00,3.000000000000000000e+00,8.560636564663437476e-01,1.595123412635584970e+01,3.809411172050865740e+07
1.281911450263798906e+04,4.000000000000000000e+00,3.000000000000000000e+00,8.655511882864865836e-01,8.579454472881316462e+00,3.598187070493405312e+07
1.730233380676069282e+04,2.000000000000000000e+00,2.000000000000000000e+00,8.766823334857893890e-01,2.273807524759075704e+01,3.683291254845959693e+07
1.878851891771593728e+04,2.000000000000000000e+00,1.000000000000000000e+00,1.223302319779979497e+00,8.320753576536290552e+00,4.453130596143811196e+07
1.338271778677106340e+04,8.000000000000000000e+00,3.000000000000000000e+00,1.299611089907526829e+00,1.193577084238562591e+01,5.982038728028640896e+07
1.705282261450136139e+04,6.000000000000000000e+00,3.000000000000000000e+00,1.243299215965961713e+00,1.762228045583806235e+01,6.575266814263287187e+07
1.512584992828938266e+04,7.000000000000000000e+00,2.000000000000000000e+00,1.186763020727980678e+00,3.450557843877555086e+01,5.135168493936543167e+07
1.593468814648041553e+04,2.000000000000000000e+00,1.000000000000000000e+00,1.286498475449709300e+00,2.937460437578372918e+01,4.200709475289309025e+07
1.710128852714733148e+04,2.000000000000000000e+00,1.000000000000000000e+00,8.545062863508416928e-01,2.230019775724239395e+01,3.086153507876673341e+07
1.376459609708460448e+04,7.000000000000000000e+00,1.000000000000000000e+00,1.080681051716612107e+00,2.872495894136027061e+01,3.679235066205527633e+07
1.465648083333155955e+04,6.000000000000000000e+00,2.000000000000000000e+00,9.295981581387026127e-01,2.055652614425657987e+01,3.550932091232498735e+07
1.645531447096901684e+04,1.000000000000000000e+00,2.000000000000000000e+00,9.454831219628341277e-01,1.102002409119861603e+01,3.629929811683358252e+07
1.794358651496827224e+04,7.000000000000000000e+00,2.000000000000000000e+00,1.008624621258372933e+00,2.062670012126759644e+01,5.086244356982175261e+07
1.425490678429024410e+04,5.000000000000000000e+00,2.000000000000000000e+00,9.720829662050296527e-01,6.385881503817487648e+00,3.639186699893043190e+07
1.544446581686675745e+04,3.000000000000000000e+00,2.000000000000000000e+00,8.977667630953715117e-01,3.293449264024447132e+01,3.384374604113822430e+07
1.396915101224485079e+04,4.000000000000000000e+00,3.000000000000000000e+00,1.269037921076863640e+00,1.280997880503429798e+01,5.656500706142130494e+07
1.452621702874486982e+04,2.000000000000000000e+00,1.000000000000000000e+00,1.117023220692855423e+00,2.247690786526984041e+01,3.336012518452987075e+07
1.492211395083206298e+04,1.000000000000000000e+00,2.000000000000000000e+00,1.114946181585796392e+00,1.932287024225145444e+01,3.853824086913774908e+07
1.573407139602002280e+04,3.000000000000000000e+00,3.000000000000000000e+00,8.345655042999888806e-01,1.036966942112113443e+01,4.081843929914750159e+07
1.232811044221949669e+04,2.000000000000000000e+00,3.000000000000000000e+00,8.671638044726626138e-01,2.118303060543635041e+01,2.808692054179985076e+07
1.485392686300633068e+04,6.000000000000000000e+00,2.000000000000000000e+00,1.205443522269199264e+00,1.525702907345911719e+01,4.873811990806602687e+07
1.823091109060357485e+04,7.000000000000000000e+00,2.000000000000000000e+00,1.337671267235800876e+00,8.233499079265346410e+00,6.953871897468270361e+07
1.446605309278593813e+04,6.000000000000000000e+00,2.000000000000000000e+00,1.369688371980966046e+00,2.272109528351435870e+01,5.830199310571651906e+07
1.872904439030392678e+04,5.000000000000000000e+00,3.000000000000000000e+00,1.306040774422292827e+00,3.460996445473917049e+01,8.022066479642041028e+07
1.457665241200265154e+04,8.000000000000000000e+00,1.000000000000000000e+00,9.173262199797966865e-01,2.853361304296978318e+01,2.961150421116094291e+07
1.779947288284909155e+04,1.000000000000000000e+00,3.000000000000000000e+00,8.888546812817303966e-01,2.525581370273187787e+01,4.537042834683714807e+07
1.866213341667506393e+04,8.000000000000000000e+00,2.000000000000000000e+00,1.376724830842879221e+00,2.239491477396101615e+01,7.372558340336523950e+07
1.822345542525358906e+04,1.000000000000000000e+00,2.000000000000000000e+00,1.229210377373921581e+00,7.898489262830037383e+00,5.913575526095620543e+07
1.973030926840292523e+04,2.000000000000000000e+00,2.000000000000000000e+00,8.208941644641687407e-01,2.346075945640849270e+01,4.142849027121365070e+07
1.770997030092587738e+04,7.000000000000000000e+00,3.000000000000000000e+00,8.230216792845973517e-01,1.520435729817872605e+01,4.755302513872446120e+07
1.908116705936073777e+04,4.000000000000000000e+00,1.000000000000000000e+00,1.073729020135143486e+00,6.254453079281088179e+00,4.463215924181029946e+07
1.359185907372823385e+04,1.000000000000000000e+00,3.000000000000000000e+00,8.137321427810072505e-01,3.014743357973274840e+01,3.111129322866501287e+07
1.998273632663690296e+04,6.000000000000000000e+00,1.000000000000000000e+00,8.433829481783921000e-01,2.446941725201850915e+01,3.639554078440038115e+07
1.906941386447147670e+04,6.000000000000000000e+00,1.000000000000000000e+00,9.691293655442906330e-01,1.216296922243821044e+01,4.168683060725558549e+07
1.311276011719411690e+04,7.000000000000000000e+00,2.000000000000000000e+00,1.157841789579307390e+00,3.227683115025879346e+01,4.249204402078222483e+07
1.598140111676458946e+04,3.000000000000000000e+00,2.000000000000000000e+00,1.083642281481213221e+00,8.251700792429298659e+00,4.493982059052004665e+07
1.724497400998822559e+04,5.000000000000000000e+00,3.000000000000000000e+00,1.100936451230277058e+00,3.147228040761237722e+01,5.762747957039640099e+07
1.757783768679196510e+04,5.000000000000000000e+00,1.000000000000000000e+00,1.106349231700419988e+00,1.237306171728915416e+01,4.379978724417286366e+07
1.249916066390416745e+04,4.000000000000000000e+00,1.000000000000000000e+00,1.245856773704837606e+00,2.295375769870925353e+01,3.032459739738524333e+07
1.651315108173928456e+04,3.000000000000000000e+00,1.000000000000000000e+00,1.062575572119123901e+00,1.176458132108634302e+01,3.644079728993320465e+07
1.531780942229922039e+04,5.000000000000000000e+00,3.000000000000000000e+00,1.284337604886739648e+00,1.291657408411569286e+01,5.844360181649858505e+07
1.239395446401876688e+04,2.000000000000000000e+00,1.000000000000000000e+00,1.123047315431934701e+00,3.169835058731409561e+01,2.831337893373344094e+07
1.536375001942996641e+04,7.000000000000000000e+00,3.000000000000000000e+00,1.022923852714493709e+00,1.330923608451002238e+01,5.303827056932407618e+07
1.828893523437907061e+04,2.000000000000000000e+00,1.000000000000000000e+00,1.390661517395703983e+00,3.349211534545401037e+01,4.697842324026393145e+07
1.866992189345675069e+04,3.000000000000000000e+00,1.000000000000000000e+00,1.189161651730638924e+00,3.205940369935481016e+01,4.830148710796888173e+07
1.988927800657808257e+04,2.000000000000000000e+00,2.000000000000000000e+00,8.789273112731437188e-01,2.415551231727449988e+01,4.393060909970224649e+07
1.446569434979143807e+04,1.000000000000000000e+00,1.000000000000000000e+00,1.350992682189517291e+00,2.949383247398223418e+01,4.074757895317773521e+07
1.229147946626032535e+04,7.000000000000000000e+00,3.000000000000000000e+00,1.170931022837706337e+00,1.212529957006753634e+01,4.549956473476766795e+07
1.741479621058186603e+04,4.000000000000000000e+00,3.000000000000000000e+00,9.138514246796474172e-01,2.178297994168533336e+01,5.036777045860068500e+07
1.686873511100693577e+04,2.000000000000000000e+00,1.000000000000000000e+00,1.363301017393532710e+00,1.615130301779177557e+01,4.486541950465279818e+07
1.319050180130273293e+04,2.000000000000000000e+00,3.000000000000000000e+00,1.116414044409303585e+00,3.074009614665838086e+01,4.237930059226978570e+07
1.723489718338676175e+04,3.000000000000000000e+00,2.000000000000000000e+00,1.127759118892927681e+00,3.279174750965232477e+01,4.634834268266157806e+07
1.642134903753934486e+04,4.000000000000000000e+00,2.000000000000000000e+00,1.287820287806291875e+00,3.531008203971977366e+01,5.137078443330285698e+07
1.556279675627156394e+04,7.000000000000000000e+00,2.000000000000000000e+00,1.127839573729865430e+00,8.593639604598502402e+00,4.721429741666565835e+07
1.450767495573430824e+04,7.000000000000000000e+00,2.000000000000000000e+00,1.293386321366767566e+00,1.458117337135948688e+01,5.427142292299221456e+07
1.698406975751441132e+04,8.000000000000000000e+00,1.000000000000000000e+00,1.394326965025499021e+00,3.260121068379951481e+01,5.576607035526052862e+07
1.470459246333662668e+04,4.000000000000000000e+00,3.000000000000000000e+00,1.365667958764593681e+00,2.732173784607099165e+01,6.094746281549504399e+07
1.280471440583509320e+04,3.000000000000000000e+00,2.000000000000000000e+00,8.742788035131356938e-01,1.060780587862564772e+01,2.745560312407359853e+07
1.855875837199893067e+04,1.000000000000000000e+00,2.000000000000000000e+00,1.339352872839437936e+00,3.178980024554343231e+01,5.496121511915791035e+07
1.252987370538507639e+04,1.000000000000000000e+00,2.000000000000000000e+00,1.024052750703283943e+00,2.464368732508232185e+01,3.225528637907489762e+07
1.920941882931067448e+04,5.000000000000000000e+00,2.000000000000000000e+00,9.606875674421248013e-01,1.634533674656013602e+01,4.828171485976663977e+07
1.410976257102985073e+04,8.000000000000000000e+00,3.000000000000000000e+00,8.733775523900049187e-01,2.795792948365866337e+01,3.977990317746748775e+07
1.796800827296852731e+04,5.000000000000000000e+00,1.000000000000000000e+00,1.277936064965710994e+00,1.660996816279671151e+01,4.858734219882536680e+07
1.707738242580936640e+04,3.000000000000000000e+00,1.000000000000000000e+00,9.207829931541955393e-01,1.848995011861142501e+01,3.311462408140395954e+07
1.247668419390208328e+04,2.000000000000000000e+00,3.000000000000000000e+00,1.202541421097685692e+00,1.117223947033739861e+01,4.150395929344550520e+07
1.515691452148181634e+04,6.000000000000000000e+00,1.000000000000000000e+00,1.185765088994078731e+00,3.517942904773208568e+01,3.989091776563593000e+07
1.699928228170418515e+04,5.000000000000000000e+00,3.000000000000000000e+00,9.964226025649974838e-01,2.626031593134160858e+01,5.414818704338629544e+07
1.864185019729925261e+04,6.000000000000000000e+00,2.000000000000000000e+00,1.323716898411121390e+00,2.162323624794714405e+01,7.042198196953509748e+07
1.359214468629476323e+04,5.000000000000000000e+00,3.000000000000000000e+00,1.312377373858902629e+00,2.089641356544079187e+01,5.606714063530354947e+07
1.929224851605884760e+04,1.000000000000000000e+00,2.000000000000000000e+00,9.072681583674072625e-01,1.158848877251335097e+01,3.959679174767152965e+07
1.489922289275251751e+04,8.000000000000000000e+00,1.000000000000000000e+00,8.689262356346834082e-01,1.695174328182070767e+01,3.053999273491860181e+07
1.806545479226356474e+04,1.000000000000000000e+00,2.000000000000000000e+00,1.188796666966179583e+00,3.590119616353801746e+01,4.964457668189367652e+07
1.284047229805864117e+04,3.000000000000000000e+00,3.000000000000000000e+00,1.009125776354278692e+00,2.260042210310984245e+01,3.814688074197098613e+07
1.516615982363501462e+04,8.000000000000000000e+00,2.000000000000000000e+00,1.073613436886135197e+00,3.150593167319306787e+01,4.803488895886220783e+07
1.878095792158087716e+04,7.000000000000000000e+00,3.000000000000000000e+00,1.377415590576985149e+00,3.438990602612788194e+01,8.728939218841087818e+07
1.618942564595004296e+04,8.000000000000000000e+00,1.000000000000000000e+00,9.460049422532805785e-01,2.039730077450679602e+01,3.540771779256473482e+07
1.811245771556265754e+04,1.000000000000000000e+00,3.000000000000000000e+00,1.035476252167498723e+00,2.541532563378833487e+01,5.305178677730292082e+07
1.215370928447935876e+04,8.000000000000000000e+00,3.000000000000000000e+00,1.118702095572772226e+00,2.013168953276416318e+01,4.444486433447832614e+07
1.299029590212204857e+04,2.000000000000000000e+00,3.000000000000000000e+00,9.826685675788447982e-01,3.358930234227237577e+01,3.717609218887043744e+07
1.296091775783555204e+04,5.000000000000000000e+00,2.000000000000000000e+00,1.165024143723806693e+00,1.237811731355995093e+01,3.867325185945476592e+07
1.786956182428307511e+04,1.000000000000000000e+00,1.000000000000000000e+00,9.885480175377956424e-01,1.212195150814268985e+01,3.551715099720680714e+07
1.891845197396414733e+04,4.000000000000000000e+00,1.000000000000000000e+00,1.164793914466176972e+00,2.332086960796067032e+01,5.014864370350197703e+07
1.720791309274486048e+04,8.000000000000000000e+00,2.000000000000000000e+00,1.306159159661311353e+00,2.235227002856569811e+01,6.183332235392183810e+07
1.408136672418925082e+04,1.000000000000000000e+00,2.000000000000000000e+00,1.301063255220145320e+00,2.258358876507768542e+01,4.660271333989537507e+07
1.538714406934078215e+04,2.000000000000000000e+00,2.000000000000000000e+00,9.417368662274971935e-01,3.067573675783288678e+01,3.789970098650611937e+07
1.377870822660943122e+04,1.000000000000000000e+00,2.000000000000000000e+00,9.472004858898686042e-01,2.015283254709561334e+01,3.150390372199228778e+07
1.837770843183146644e+04,2.000000000000000000e+00,1.000000000000000000e+00,1.086715197848681758e+00,1.894906356028714711e+01,4.072828397427888960e+07
1.583006225968577746e+04,1.000000000000000000e+00,2.000000000000000000e+00,8.280948899822234699e-01,3.340470698623501278e+01,3.264552484013959020e+07
1.981545826371741350e+04,1.000000000000000000e+00,1.000000000000000000e+00,1.155268767405280617e+00,1.598692967427452949e+01,4.649120318244498223e+07
1.530437516418279483e+04,1.000000000000000000e+00,1.000000000000000000e+00,1.063204328683358346e+00,9.175990649978229996e+00,3.259636687724774703e+07
1.518682551142635384e+04,3.000000000000000000e+00,3.000000000000000000e+00,1.020106756106376800e+00,3.243917615351273298e+01,4.560578248867397010e+07
1.962673092589641965e+04,1.000000000000000000e+00,1.000000000000000000e+00,9.325779256097304071e-01,3.055335817782001939e+01,3.380113398895315826e+07
1.786938307271958547e+04,5.000000000000000000e+00,1.000000000000000000e+00,1.001075830976234204e+00,1.138946775656747512e+01,3.963689879940801859e+07
1.387348515448542457e+04,2.000000000000000000e+00,1.000000000000000000e+00,1.129188351756342579e+00,9.005301287601263027e+00,3.281253703459661081e+07
1.651203037146433053e+04,5.000000000000000000e+00,1.000000000000000000e+00,9.586597878181299937e-01,7.697078773229385718e+00,3.201117137472978234e+07
1.342964898309702949e+04,7.000000000000000000e+00,1.000000000000000000e+00,1.230918993650382376e+00,7.764022132664946341e+00,3.664321535862496495e+07
1.495424204690177248e+04,3.000000000000000000e+00,1.000000000000000000e+00,1.337077011521694114e+00,8.350428838021692002e+00,3.893509261246080697e+07
1.449521339348048969e+04,4.000000000000000000e+00,3.000000000000000000e+00,1.000635267567819398e+00,3.106793981453388653e+01,4.598704810346457362e+07
1.267656487022964211e+04,5.000000000000000000e+00,3.000000000000000000e+00,9.115275020655537741e-01,3.492691464446352967e+01,3.764820080267191678e+07
1.335304620733578122e+04,6.000000000000000000e+00,3.000000000000000000e+00,1.264537960068704336e+00,3.270887041653296023e+01,5.519043745150934160e+07
1.711438035719378604e+04,2.000000000000000000e+00,1.000000000000000000e+00,8.357355491072236964e-01,1.099914066107293564e+01,2.874737929602036625e+07
1.721830769754092398e+04,7.000000000000000000e+00,1.000000000000000000e+00,9.874930382437880905e-01,2.377526639740600345e+01,3.895007755884329230e+07
1.695576669300209323e+04,6.000000000000000000e+00,2.000000000000000000e+00,9.961758573992260946e-01,1.953639615593040091e+01,4.708444968199269474e+07
1.325862739752802918e+04,5.000000000000000000e+00,3.000000000000000000e+00,9.048623802210221667e-01,2.990508658668374764e+01,3.961621825474254042e+07
1.772756878903756296e+04,2.000000000000000000e+00,2.000000000000000000e+00,1.185082342774419484e+00,6.919349792513026287e+00,5.139092501622028649e+07
1.330487996236358595e+04,3.000000000000000000e+00,1.000000000000000000e+00,1.270673229742060206e+00,1.440971579592125806e+01,3.444850215398345143e+07
1.264794862152819769e+04,5.000000000000000000e+00,3.000000000000000000e+00,9.393028189821676088e-01,2.007033543152817145e+01,3.711912045597402006e+07
1.791042012507705658e+04,1.000000000000000000e+00,1.000000000000000000e+00,1.007351975550162981e+00,2.416915980953418241e+01,3.698695980240542442e+07
1.780449848501496308e+04,6.000000000000000000e+00,1.000000000000000000e+00,1.133329976502737368e+00,2.793410747831844176e+01,4.191667937253208458e+07
1.415827660393728547e+04,6.000000000000000000e+00,1.000000000000000000e+00,1.369299042403079092e+00,1.560561998609514056e+01,4.231505631116475165e+07
1.751861144534470805e+04,2.000000000000000000e+00,1.000000000000000000e+00,1.319730164382111326e+00,1.838031864843387098e+01,4.519376930712880194e+07
1.448322839827756252e+04,7.000000000000000000e+00,2.000000000000000000e+00,1.211220979196933278e+00,6.361781911432471404e+00,4.599483971491771936e+07
1.583687946921461298e+04,7.000000000000000000e+00,3.000000000000000000e+00,1.057543975819096094e+00,3.270528701135963701e+01,5.822541129567487538e+07
1.254374976877603694e+04,1.000000000000000000e+00,2.000000000000000000e+00,1.151880600569640256e+00,2.718445617922986912e+01,3.621872874708060920e+07
1.681295668334399306e+04,8.000000000000000000e+00,3.000000000000000000e+00,1.055462943868222592e+00,3.435288856032580895e+01,6.149040233739910275e+07
1.414504877854736696e+04,5.000000000000000000e+00,1.000000000000000000e+00,1.094423539353146513e+00,2.465825284581379151e+01,3.527404293321147561e+07
1.579984225687690923e+04,1.000000000000000000e+00,1.000000000000000000e+00,1.327012247858585736e+00,2.319763609620392231e+01,4.323057672995743901e+07
1.963516794931995173e+04,3.000000000000000000e+00,2.000000000000000000e+00,1.206915729626083289e+00,1.059787428584151314e+01,5.760806059794478118e+07
1.471881596093582993e+04,6.000000000000000000e+00,2.000000000000000000e+00,9.350712293981573442e-01,3.452006843376130973e+01,3.917177158742680401e+07
1.957100018223424922e+04,8.000000000000000000e+00,1.000000000000000000e+00,1.094633887609564038e+00,1.324811350324870141e+01,4.865786313298360258e+07
1.994734780304732703e+04,6.000000000000000000e+00,3.000000000000000000e+00,1.307085425789585420e+00,9.779275764636203405e+00,8.907580194374524057e+07
1.482013768224514570e+04,5.000000000000000000e+00,1.000000000000000000e+00,8.913657582096883303e-01,3.530751617190666991e+01,2.961482060899186879e+07
1.939709997833086527e+04,4.000000000000000000e+00,1.000000000000000000e+00,8.691907407586729750e-01,3.094653722385427841e+01,3.577376110494729877e+07
1.607384283847575352e+04,7.000000000000000000e+00,1.000000000000000000e+00,1.295607948255865338e+00,2.843757449153734740e+01,4.961354180759143084e+07
1.738954188395015080e+04,7.000000000000000000e+00,1.000000000000000000e+00,1.047701538861365078e+00,1.376335663757068950e+01,4.000389390155879408e+07
1.776853904559748480e+04,3.000000000000000000e+00,1.000000000000000000e+00,1.084211192635659238e+00,2.140573637099214466e+01,3.921971482451431453e+07
1.256632464561425695e+04,4.000000000000000000e+00,3.000000000000000000e+00,1.295567378775641876e+00,3.455268924482750492e+01,5.415124693382796645e+07
1.817243912720136359e+04,8.000000000000000000e+00,3.000000000000000000e+00,9.661320650843232549e-01,3.059489776078521217e+01,5.758375834231350571e+07
1.458789661765799792e+04,5.000000000000000000e+00,3.000000000000000000e+00,9.655969376648275704e-01,2.585767909745614190e+01,4.054963613250730187e+07
1.225123485201751100e+04,8.000000000000000000e+00,1.000000000000000000e+00,1.092144742645526634e+00,1.960896414294644785e+01,3.250193091098940000e+07
1.484129451036770843e+04,1.000000000000000000e+00,2.000000000000000000e+00,1.173169477890081192e+00,7.884536101313161183e+00,4.319819461208958179e+07
1.231448193608149086e+04,8.000000000000000000e+00,1.000000000000000000e+00,1.164028522497033258e+00,1.769760015434973610e+01,3.154822085186904669e+07
1.580360036686022249e+04,5.000000000000000000e+00,1.000000000000000000e+00,1.279594898241586787e+00,2.087578767105097910e+01,4.604335719921538979e+07
1.501387479466820150e+04,3.000000000000000000e+00,1.000000000000000000e+00,1.028108792513292569e+00,1.843158292712336532e+01,3.243108636489595473e+07
1.961778649563212457e+04,6.000000000000000000e+00,3.000000000000000000e+00,1.168893039189050853e+00,1.805262837510543505e+01,7.372722311267693341e+07
1.762098026981696239e+04,3.000000000000000000e+00,3.000000000000000000e+00,1.238721676124289406e+00,3.431038150487168537e+01,6.397590196070475131e+07
1.880766922948665160e+04,5.000000000000000000e+00,1.000000000000000000e+00,9.864604558291960590e-01,2.968659683974414065e+01,4.185871306677722931e+07
1.987997708100163072e+04,4.000000000000000000e+00,1.000000000000000000e+00,1.278451512761817677e+00,1.156086273989516044e+01,5.343629079207504541e+07
1.851432024814710167e+04,2.000000000000000000e+00,2.000000000000000000e+00,1.078175443497443986e+00,3.094934479202471422e+01,4.694989535786019266e+07
1.990839140421306001e+04,5.000000000000000000e+00,2.000000000000000000e+00,8.362818942741594430e-01,2.678767040771659680e+01,4.173200538802472502e+07
1.245576820681297977e+04,4.000000000000000000e+00,3.000000000000000000e+00,1.004268769303877207e+00,2.783051372789154598e+01,4.064663566580893844e+07
1.833660232286103565e+04,6.000000000000000000e+00,3.000000000000000000e+00,1.065223934292532482e+00,8.708733825383097482e+00,5.927207095809031278e+07
1.358536733659011952e+04,2.000000000000000000e+00,1.000000000000000000e+00,8.671339855923688722e-01,3.290449697174533128e+01,2.433761059485564753e+07
1.656283227395435097e+04,8.000000000000000000e+00,1.000000000000000000e+00,1.071688106673341911e+00,2.457231787351621222e+01,4.362203588625448197e+07
1.676736382881717145e+04,4.000000000000000000e+00,1.000000000000000000e+00,9.115765624321190419e-01,1.147882212966615434e+01,3.269793144917749986e+07
1.902633867528246265e+04,6.000000000000000000e+00,3.000000000000000000e+00,1.174220206862799598e+00,1.427306561898821791e+01,6.981765453481438756e+07
1.456083938637925530e+04,2.000000000000000000e+00,2.000000000000000000e+00,1.215333495829263200e+00,3.286802393594987137e+01,4.406276435848309100e+07
1.601323737816318499e+04,5.000000000000000000e+00,2.000000000000000000e+00,1.248796778892873105e+00,2.230081615554436070e+01,5.432388088278659433e+07
1.794690467695632469e+04,1.000000000000000000e+00,1.000000000000000000e+00,1.293213920379148840e+00,2.290650790607009668e+01,4.328265815865701437e+07
1.734766741342268870e+04,6.000000000000000000e+00,3.000000000000000000e+00,1.354892631091382915e+00,1.077341657392839913e+01,7.769083019791541994e+07
1.491881656286070029e+04,8.000000000000000000e+00,3.000000000000000000e+00,9.985266788149214090e-01,2.489489630398106712e+01,5.249476315855155885e+07
1.463158082585281227e+04,3.000000000000000000e+00,3.000000000000000000e+00,9.086823533091759053e-01,3.304036786536480008e+01,4.196110993491677940e+07
1.564252839488027166e+04,7.000000000000000000e+00,1.000000000000000000e+00,1.184353116322480526e+00,2.441474491093103794e+01,4.228247716045632958e+07
1.699281624851757078e+04,8.000000000000000000e+00,2.000000000000000000e+00,1.318635399806523889e+00,1.796971212711431320e+01,5.988788478332072496e+07
1.429181344606437051e+04,2.000000000000000000e+00,3.000000000000000000e+00,1.116792588170042677e+00,2.307950919152640878e+01,4.673422743319559842e+07
1.523976273293312988e+04,7.000000000000000000e+00,3.000000000000000000e+00,9.772681448007478622e-01,2.214073283097906142e+01,5.010371910209364444e+07
1.517316478330888458e+04,3.000000000000000000e+00,1.000000000000000000e+00,9.631166052966917412e-01,3.004774082542297009e+01,3.104729754419600219e+07
1.492267605706216636e+04,8.000000000000000000e+00,1.000000000000000000e+00,1.329893010784466423e+00,1.422854757843545848e+01,4.866911930589206517e+07
1.431510739123376516e+04,5.000000000000000000e+00,1.000000000000000000e+00,1.318895213095852004e+00,1.603188356457859953e+01,4.007373251167146862e+07
1.871860026124968863e+04,6.000000000000000000e+00,3.000000000000000000e+00,1.316723431574624570e+00,3.422447853634882620e+01,8.182105647184596956e+07
1.535448440338153887e+04,5.000000000000000000e+00,1.000000000000000000e+00,1.378319026946802195e+00,8.643924873022566402e+00,4.454989412985486537e+07
1.544320327334945978e+04,6.000000000000000000e+00,2.000000000000000000e+00,1.094129146418787446e+00,1.497316733767227603e+01,4.064229120342861116e+07
1.434736429486015186e+04,1.000000000000000000e+00,1.000000000000000000e+00,1.051916893770636463e+00,2.571914120139280513e+01,3.227629606671798229e+07
1.956996454469701712e+04,5.000000000000000000e+00,2.000000000000000000e+00,9.118742921802538426e-01,2.107187399527453664e+01,4.683178369345912337e+07
1.882069005735235260e+04,1.000000000000000000e+00,2.000000000000000000e+00,1.307259517933825554e+00,3.367384418998538109e+01,5.802717389918532968e+07
1.322412134215579863e+04,6.000000000000000000e+00,1.000000000000000000e+00,1.129198257972043873e+00,3.499591264792792344e+01,3.373910652667248994e+07
1.898905264746231114e+04,3.000000000000000000e+00,1.000000000000000000e+00,8.677117770557165599e-01,2.544333306190725352e+01,3.353936469190043584e+07
1.557314031492049253e+04,8.000000000000000000e+00,2.000000000000000000e+00,1.270026197239081833e+00,1.915744354520592196e+01,5.896802459739181399e+07
1.331045224964618137e+04,7.000000000000000000e+00,1.000000000000000000e+00,9.914933674432523381e-01,1.372400986673783230e+01,2.953648854205031320e+07
1.928045979078522942e+04,4.000000000000000000e+00,1.000000000000000000e+00,1.159893400335908487e+00,2.598190055160019440e+01,4.672943149599500000e+07
1.809463247349226003e+04,8.000000000000000000e+00,1.000000000000000000e+00,1.333309912326216207e+00,1.677787431207016056e+01,5.812666857772836089e+07
1.608570388170692240e+04,5.000000000000000000e+00,3.000000000000000000e+00,8.379727560591343494e-01,2.694942503641313181e+01,4.400984963983017951e+07
1.645794012851189473e+04,4.000000000000000000e+00,1.000000000000000000e+00,1.041275900996259107e+00,2.499659509181419281e+01,3.740964710685883462e+07
1.278705431458566636e+04,3.000000000000000000e+00,2.000000000000000000e+00,1.291455484980613688e+00,2.226027905971098875e+01,4.409696417381663620e+07
1.314880809221705022e+04,8.000000000000000000e+00,3.000000000000000000e+00,9.134962740248014912e-01,1.098688103483874556e+01,4.254118434607890993e+07
1.498108461124109272e+04,7.000000000000000000e+00,3.000000000000000000e+00,9.765969269056135049e-01,2.536058544589779373e+01,4.928238049024580419e+07
1.799114214107632142e+04,6.000000000000000000e+00,1.000000000000000000e+00,8.573075562720882115e-01,2.496512808371510062e+01,3.381270262207746506e+07
1.815600567917732042e+04,3.000000000000000000e+00,3.000000000000000000e+00,9.277583126900157406e-01,2.558042706503524855e+01,5.021673513434588164e+07
1.596611312459507099e+04,5.000000000000000000e+00,1.000000000000000000e+00,1.187806411344459523e+00,1.018530721997739619e+01,4.451137427140815556e+07
1.755442169068007206e+04,8.000000000000000000e+00,3.000000000000000000e+00,1.385920740056842515e+00,2.519628580940357310e+01,7.939279469740091264e+07
1.662149082879761045e+04,4.000000000000000000e+00,3.000000000000000000e+00,1.288699157058089462e+00,2.298654357760495159e+01,6.603749473642136902e+07
1.239837092924844910e+04,1.000000000000000000e+00,2.000000000000000000e+00,8.884778485775363110e-01,1.613402344141501032e+01,2.578783981651347503e+07
1.802250855293012864e+04,5.000000000000000000e+00,3.000000000000000000e+00,9.960758410108381256e-01,3.342907584180802161e+01,5.286651714146427810e+07
1.774405445101202349e+04,4.000000000000000000e+00,3.000000000000000000e+00,9.411462962789065578e-01,3.433653687740132909e+01,5.548908922743298113e+07
1.491260287247765154e+04,5.000000000000000000e+00,1.000000000000000000e+00,1.098883610376342190e+00,9.960614307465107231e+00,3.583581830690548569e+07
1.388487316453048334e+04,2.000000000000000000e+00,2.000000000000000000e+00,1.270941279246154521e+00,2.474663541937486499e+01,4.027516529457537830e+07
1.982549621043191291e+04,7.000000000000000000e+00,2.000000000000000000e+00,8.684198658821122851e-01,1.108969009505808678e+01,4.549706283642987162e+07
1.477530354726056066e+04,7.000000000000000000e+00,2.000000000000000000e+00,1.030903414145753816e+00,3.052638102385216712e+01,4.227306612882003188e+07
1.728397103749194503e+04,3.000000000000000000e+00,1.000000000000000000e+00,8.662191543881441191e-01,1.230031336623006766e+01,3.176687046756655723e+07
1.413034002153356960e+04,2.000000000000000000e+00,3.000000000000000000e+00,1.348352322600526954e+00,3.056665407251013988e+01,5.802736686865861714e+07
1.712756303575153652e+04,5.000000000000000000e+00,2.000000000000000000e+00,9.441072468727660372e-01,1.367587067271244194e+01,4.479070659184609354e+07
1.213464250564507893e+04,3.000000000000000000e+00,1.000000000000000000e+00,1.383335897149395866e+00,2.588105700548033639e+01,3.515377806136177480e+07
1.259328786240881527e+04,1.000000000000000000e+00,3.000000000000000000e+00,1.341271360647922517e+00,2.840910331661622834e+01,4.544995724985722452e+07
1.866021131492156201e+04,6.000000000000000000e+00,2.000000000000000000e+00,1.346893052497670773e+00,2.591362958363210467e+01,6.902373035243611038e+07
1.961339995421009735e+04,8.000000000000000000e+00,3.000000000000000000e+00,8.808438409125313173e-01,3.095132904495632076e+01,5.370363391875600070e+07
1.627579457302935589e+04,2.000000000000000000e+00,2.000000000000000000e+00,1.298119509488294909e+00,1.756672279661034963e+01,5.449969800048033148e+07
1.369894623482027964e+04,6.000000000000000000e+00,3.000000000000000000e+00,8.343601898893375779e-01,3.463984120123312493e+01,3.878700610480646044e+07
1.571559371218466367e+04,5.000000000000000000e+00,1.000000000000000000e+00,1.012120179715071178e+00,2.077510672347003862e+01,3.565612014171636850e+07
1.294553651189193806e+04,1.000000000000000000e+00,3.000000000000000000e+00,1.014450993420948688e+00,1.519315958877814232e+01,3.740959893499003351e+07
1.214251779272858039e+04,7.000000000000000000e+00,1.000000000000000000e+00,1.256966255461978932e+00,1.055088893533381444e+01,3.363226585727643967e+07
1.921838166591001573e+04,3.000000000000000000e+00,3.000000000000000000e+00,8.981853653505964541e-01,2.444428760325535777e+01,5.120563100558542460e+07
1.426763972397044381e+04,2.000000000000000000e+00,2.000000000000000000e+00,1.212186827877016704e+00,3.032832495608926138e+01,4.316285650619382411e+07
1.749272235238741268e+04,2.000000000000000000e+00,2.000000000000000000e+00,1.388573142388764836e+00,2.089437162698622785e+01,5.823282651247005165e+07
1.845657506863318849e+04,8.000000000000000000e+00,3.000000000000000000e+00,1.091913402430723323e+00,3.316308997788076596e+01,6.767351993567402661e+07
1.729830114011273690e+04,7.000000000000000000e+00,1.000000000000000000e+00,1.002989126661380848e+00,3.405555154478410884e+01,3.714758058301913738e+07
1.463059153738078203e+04,7.000000000000000000e+00,2.000000000000000000e+00,1.230561061117270816e+00,1.688195566018877258e+01,5.093669242051201314e+07
1.446264872184912201e+04,6.000000000000000000e+00,1.000000000000000000e+00,1.016508813532081446e+00,1.508596195592506461e+01,3.308490380832177028e+07
1.266245893281999452e+04,8.000000000000000000e+00,2.000000000000000000e+00,1.208112298822348496e+00,9.306337762196456254e+00,4.468226725620751083e+07
1.786779240396634123e+04,1.000000000000000000e+00,3.000000000000000000e+00,1.045158142390475664e+00,2.432033923699532707e+01,5.318274864853702486e+07
1.872698506953519973e+04,2.000000000000000000e+00,1.000000000000000000e+00,1.103782179403325570e+00,2.329069298434897917e+01,4.212661408764580637e+07
1.933297622552854591e+04,3.000000000000000000e+00,2.000000000000000000e+00,1.199802185395837162e+00,2.317804701408389079e+01,5.658218152020307630e+07
1.535449671013235093e+04,5.000000000000000000e+00,3.000000000000000000e+00,1.117285400280430219e+00,1.510902924902315192e+01,5.287383554660857469e+07
1.898501989259516995e+04,7.000000000000000000e+00,1.000000000000000000e+00,9.753466458693613728e-01,6.247748891411337269e+00,3.990210673537206650e+07
1.900037949925615249e+04,2.000000000000000000e+00,3.000000000000000000e+00,8.541800435729998142e-01,2.465276557952230263e+01,4.807673618983674049e+07
1.940557449228272526e+04,4.000000000000000000e+00,2.000000000000000000e+00,1.329459644372512184e+00,1.698338794845273014e+01,6.703897033480171114e+07
1.933060033699764244e+04,2.000000000000000000e+00,1.000000000000000000e+00,1.212901753657622983e+00,2.550434906739391749e+01,4.369553665399737656e+07
1.607314324520240916e+04,3.000000000000000000e+00,3.000000000000000000e+00,8.274513897954443031e-01,1.762928274096969616e+01,4.202721076973275840e+07
1.653346252180681404e+04,4.000000000000000000e+00,2.000000000000000000e+00,1.381031241642068919e+00,1.846176514255874679e+01,5.713098388792622834e+07
1.646345754996323376e+04,6.000000000000000000e+00,3.000000000000000000e+00,8.737475528594520480e-01,9.820696817175129212e+00,4.684829847499525547e+07
1.502444376894692869e+04,8.000000000000000000e+00,3.000000000000000000e+00,1.160268613011444128e+00,2.652467743152432789e+01,6.200780104596117884e+07
1.969267065495551651e+04,4.000000000000000000e+00,3.000000000000000000e+00,1.251201302788338410e+00,8.427432694412726022e+00,8.061391639405894279e+07
1.241416458105336096e+04,6.000000000000000000e+00,3.000000000000000000e+00,1.245296041927708819e+00,9.690224213849081281e+00,4.822399877090685070e+07
1.433252061097488695e+04,1.000000000000000000e+00,2.000000000000000000e+00,1.367406465866850773e+00,2.987541805023403896e+01,4.700660734636168927e+07
1.987385836019745329e+04,3.000000000000000000e+00,3.000000000000000000e+00,1.262050368900417441e+00,1.682625881949044100e+01,7.534527536517533660e+07
1.225517055146480016e+04,4.000000000000000000e+00,2.000000000000000000e+00,1.118455240804257400e+00,1.545922216740097355e+01,3.510061764723394066e+07
1.356194623651708753e+04,2.000000000000000000e+00,1.000000000000000000e+00,1.244842712950803953e+00,2.670424491257029231e+01,3.205542870053176209e+07
1.789019419560026654e+04,3.000000000000000000e+00,2.000000000000000000e+00,1.129605376146804119e+00,3.503994367464161996e+01,5.560781285038252175e+07
1.431691273197961345e+04,7.000000000000000000e+00,2.000000000000000000e+00,1.073614474041542088e+00,3.528065869110483277e+01,4.143940404988973588e+07
1.362841191004141365e+04,5.000000000000000000e+00,1.000000000000000000e+00,8.779681957824263527e-01,2.182461459190898267e+01,2.547163613274880871e+07
1.731835629959939979e+04,6.000000000000000000e+00,2.000000000000000000e+00,1.288457211365405808e+00,1.025635563604488709e+01,6.198002969999080896e+07
1.460003882767852883e+04,6.000000000000000000e+00,3.000000000000000000e+00,1.206580703767128782e+00,1.692157050475919533e+01,5.650985100229023397e+07
1.326961869773338185e+04,7.000000000000000000e+00,1.000000000000000000e+00,8.345586627327249429e-01,1.768520169126891162e+01,2.639916105699583143e+07
1.649395538187306374e+04,8.000000000000000000e+00,3.000000000000000000e+00,9.933176082208278190e-01,1.053763444313715070e+01,5.092642005183677375e+07
1.925334650556471752e+04,6.000000000000000000e+00,1.000000000000000000e+00,1.191935842573663473e+00,3.044556461534971703e+01,5.125803235293444246e+07
1.954068636680179770e+04,1.000000000000000000e+00,1.000000000000000000e+00,9.350640984633702413e-01,3.105019532332316601e+01,3.594164787268981338e+07
1.750784526571794049e+04,3.000000000000000000e+00,3.000000000000000000e+00,8.626120701475143981e-01,3.047056461200423527e+01,4.381497726626012474e+07
1.353180650757895455e+04,1.000000000000000000e+00,2.000000000000000000e+00,1.368472846641471286e+00,1.603404638696682838e+01,4.721333783406347781e+07
1.633045566682165736e+04,2.000000000000000000e+00,1.000000000000000000e+00,1.228504496996048134e+00,3.355408586821166494e+01,4.239304089992543310e+07
1.554633242449837053e+04,5.000000000000000000e+00,2.000000000000000000e+00,8.420152850825686208e-01,1.221021295631787495e+01,3.618331591792676598e+07
1.454955508005229785e+04,2.000000000000000000e+00,2.000000000000000000e+00,1.293020439527935217e+00,1.189918163433402398e+01,4.787967774161840975e+07
1.235731064380627322e+04,1.000000000000000000e+00,3.000000000000000000e+00,1.221206034688311348e+00,3.041033240354926548e+01,4.544312522238212824e+07
1.483576750403102233e+04,1.000000000000000000e+00,3.000000000000000000e+00,9.137769434507143629e-01,2.516573427192138368e+01,4.135799883283611387e+07
1.310552432747529201e+04,4.000000000000000000e+00,3.000000000000000000e+00,1.340447806170711020e+00,2.220652844841796991e+01,5.459838685466228426e+07
1.218215690376358361e+04,3.000000000000000000e+00,3.000000000000000000e+00,9.652553405650812213e-01,1.318968827640796526e+01,3.641161172801204771e+07
1.979317564405577286e+04,5.000000000000000000e+00,1.000000000000000000e+00,1.004415056775020298e+00,1.672716263399906467e+01,4.209189293486886472e+07
1.997641518716021164e+04,2.000000000000000000e+00,2.000000000000000000e+00,1.199854887947149340e+00,1.894246639850457115e+01,6.093014907417925447e+07
1.315149475016706492e+04,1.000000000000000000e+00,2.000000000000000000e+00,1.021522661106109675e+00,3.426256451098080902e+01,3.138816080883914977e+07
1.599842718669417081e+04,1.000000000000000000e+00,1.000000000000000000e+00,1.225746018282229066e+00,9.244666176517352341e+00,3.514146337466117740e+07
1.781037608864852518e+04,5.000000000000000000e+00,3.000000000000000000e+00,1.302896872431956732e+00,3.106001818509115608e+01,7.554343437693992257e+07
1.451243465098761226e+04,8.000000000000000000e+00,2.000000000000000000e+00,1.230348140038497906e+00,1.019728555807515669e+01,5.108503114211276174e+07
1.522269366290191283e+04,5.000000000000000000e+00,2.000000000000000000e+00,9.611484937904218873e-01,2.919249867267864573e+01,3.803994082188623399e+07
1.805301920949690975e+04,8.000000000000000000e+00,2.000000000000000000e+00,1.220796551858486900e+00,2.600831679631630067e+01,6.521630883422511816e+07
1.907545663817187597e+04,1.000000000000000000e+00,2.000000000000000000e+00,8.358296845996320279e-01,1.961298510871137424e+01,4.158330296179211140e+07
1.701522420302627870e+04,3.000000000000000000e+00,1.000000000000000000e+00,1.294000219575811794e+00,3.365451891383181504e+01,4.970194283426103741e+07
1.738787872927544231e+04,5.000000000000000000e+00,2.000000000000000000e+00,9.735379822737717515e-01,2.025026735579350401e+01,4.628196956245978922e+07
1.312420484888615101e+04,7.000000000000000000e+00,3.000000000000000000e+00,9.737886067537311341e-01,2.556655966801038460e+01,4.315189670041840523e+07
1.619487488689440215e+04,6.000000000000000000e+00,3.000000000000000000e+00,1.160738567017177925e+00,7.476594618010390825e+00,6.018920884062088281e+07
1.476798655297481309e+04,5.000000000000000000e+00,2.000000000000000000e+00,8.739141829765200153e-01,2.844988538081085849e+01,3.229267153954706714e+07
1.576855062170395468e+04,4.000000000000000000e+00,1.000000000000000000e+00,1.380834281835315425e+00,2.047959332123687659e+01,4.721473432393252105e+07
1.388626985684592182e+04,7.000000000000000000e+00,1.000000000000000000e+00,1.074284135247796090e+00,2.835150131351009861e+01,3.334108517297017947e+07
1.577855267077648932e+04,6.000000000000000000e+00,2.000000000000000000e+00,1.046096623174222140e+00,1.397763268557503835e+01,4.093634068139645457e+07
1.383734825627772989e+04,7.000000000000000000e+00,1.000000000000000000e+00,1.012370044560816584e+00,1.344487999738495176e+01,3.170985780242676288e+07
1.410690167763394493e+04,4.000000000000000000e+00,1.000000000000000000e+00,8.773934686278552775e-01,1.285485729021540102e+01,2.673728340171487629e+07
1.765514882996241067e+04,3.000000000000000000e+00,2.000000000000000000e+00,1.200571152361195715e+00,9.241447114330320289e+00,5.391997875759831071e+07
1.284382023622691304e+04,5.000000000000000000e+00,3.000000000000000000e+00,1.193474359892527037e+00,2.610970960769149229e+01,4.881858595449565351e+07
1.439913077943089957e+04,5.000000000000000000e+00,1.000000000000000000e+00,1.102360914678919279e+00,2.434038072938249897e+01,3.351710146060296148e+07
1.480834066248047020e+04,3.000000000000000000e+00,2.000000000000000000e+00,1.312674032433879256e+00,8.122151010429554674e+00,4.976046281258334219e+07
1.316958895032077453e+04,1.000000000000000000e+00,3.000000000000000000e+00,1.303527489902510661e+00,8.137001794138733146e+00,4.822406455767200142e+07
1.334918869938881107e+04,8.000000000000000000e+00,2.000000000000000000e+00,9.259248851457940743e-01,3.049185878097459934e+01,3.620746514187671989e+07
1.587898681727541953e+04,4.000000000000000000e+00,1.000000000000000000e+00,1.087032711330601309e+00,1.085072206333359013e+01,3.419411310915627331e+07
1.584346481490059341e+04,1.000000000000000000e+00,1.000000000000000000e+00,1.397447932875527155e+00,2.557215079446144301e+01,4.309175266993387043e+07
1.218713333449957281e+04,5.000000000000000000e+00,3.000000000000000000e+00,1.368240952361425400e+00,2.425999681121247065e+01,5.363217360996939987e+07
1.440450238681414521e+04,7.000000000000000000e+00,3.000000000000000000e+00,1.374147181825510433e+00,2.639798158581340104e+01,6.772067944377522171e+07
1.667079773767398365e+04,3.000000000000000000e+00,3.000000000000000000e+00,1.217293421070542392e+00,2.074970560797425634e+01,6.318062326749671251e+07
1.897120823328295955e+04,2.000000000000000000e+00,2.000000000000000000e+00,1.306869545655341192e+00,2.215776396302245388e+01,5.809538209619226307e+07
1.643312518808286404e+04,5.000000000000000000e+00,3.000000000000000000e+00,1.301244145950758435e+00,2.703902377702771531e+01,6.601678495642879605e+07
1.966945806275600626e+04,4.000000000000000000e+00,3.000000000000000000e+00,9.001033015747185173e-01,2.806663037364543456e+01,5.158759366889074445e+07
1.219932305097151038e+04,3.000000000000000000e+00,1.000000000000000000e+00,8.230339443649600240e-01,9.765095359936308839e+00,2.200736376090162620e+07
1.581418458035852746e+04,2.000000000000000000e+00,1.000000000000000000e+00,1.384623614521056423e+00,9.095282163630946215e+00,4.619322748334515095e+07
1.507480894096630072e+04,8.000000000000000000e+00,1.000000000000000000e+00,8.567760210129090614e-01,1.935910940369265631e+01,3.119782172021854296e+07
1.879548239129655849e+04,6.000000000000000000e+00,2.000000000000000000e+00,1.077817696196138098e+00,3.050615563438692135e+01,5.724581206702726334e+07
1.920024377354414537e+04,3.000000000000000000e+00,2.000000000000000000e+00,1.102279217679545287e+00,2.697706868061825602e+01,5.838481974669823050e+07
1.575139353956751074e+04,6.000000000000000000e+00,3.000000000000000000e+00,1.069361260556570770e+00,2.473665724049004311e+01,5.632570746538174897e+07
1.519485211600772709e+04,7.000000000000000000e+00,3.000000000000000000e+00,1.356021004315000278e+00,1.744282389510230047e+01,6.546509576506121457e+07
1.700299826432145346e+04,2.000000000000000000e+00,1.000000000000000000e+00,1.244299765995999341e+00,2.534839610263813370e+01,4.373109198437992483e+07
1.277862994420445830e+04,1.000000000000000000e+00,1.000000000000000000e+00,9.140788498083113334e-01,9.280057913811997850e+00,2.253332177875746042e+07
1.238463449034736186e+04,6.000000000000000000e+00,1.000000000000000000e+00,9.272954863691252880e-01,3.383122840109248841e+01,2.580361776345700398e+07
1.909561028995567176e+04,5.000000000000000000e+00,3.000000000000000000e+00,8.751473947661683184e-01,1.761571619163215630e+01,5.275996524903143197e+07
1.772418780230021366e+04,3.000000000000000000e+00,1.000000000000000000e+00,9.633901242951615762e-01,1.932061993905740849e+01,3.444724945239395648e+07
1.397978242304984451e+04,4.000000000000000000e+00,2.000000000000000000e+00,1.169054998508688659e+00,2.332008653838344614e+01,4.474961981460820138e+07
1.675058493907740194e+04,6.000000000000000000e+00,1.000000000000000000e+00,9.980485467071426031e-01,3.056033096103247004e+01,3.855443609514624625e+07
1.238848466206714329e+04,5.000000000000000000e+00,3.000000000000000000e+00,1.026251116932411556e+00,2.140488435079286234e+01,3.933016215543241054e+07
1.515770194492641895e+04,1.000000000000000000e+00,2.000000000000000000e+00,8.665572799930734149e-01,2.439737564236684619e+01,3.280075265149284527e+07
1.682649816342734266e+04,1.000000000000000000e+00,3.000000000000000000e+00,1.219051049086540495e+00,2.949556016327455055e+01,6.229836520803866535e+07
1.756075358714363028e+04,3.000000000000000000e+00,1.000000000000000000e+00,1.265220964301485784e+00,1.654155509690806980e+01,4.442600260257346183e+07
1.672770293036198927e+04,6.000000000000000000e+00,3.000000000000000000e+00,1.268085134357628707e+00,9.491033323023806645e+00,6.508197914506343752e+07
1.317363090815552641e+04,3.000000000000000000e+00,3.000000000000000000e+00,8.627625607785914807e-01,1.321454259836478684e+01,3.622486862231950462e+07
1.944092394215095555e+04,8.000000000000000000e+00,3.000000000000000000e+00,1.154950262808115857e+00,1.241464346205886926e+01,8.051094957255782187e+07
1.840854564746627148e+04,3.000000000000000000e+00,3.000000000000000000e+00,9.705610648744965596e-01,3.128012583447710782e+01,5.390758194175340980e+07
1.338542059069412608e+04,5.000000000000000000e+00,1.000000000000000000e+00,1.094741007137958855e+00,2.734342473339359358e+01,3.060376910029079020e+07
1.391157799408356550e+04,1.000000000000000000e+00,1.000000000000000000e+00,9.756880585661259486e-01,6.958202528845978563e+00,2.783077870446394756e+07
1.929595124878862771e+04,4.000000000000000000e+00,2.000000000000000000e+00,1.373277033441544948e+00,3.053215656909430820e+01,6.804406110761883855e+07
1.304933334008876409e+04,7.000000000000000000e+00,2.000000000000000000e+00,1.332471172972232942e+00,3.260350147851092828e+01,5.175064265873846412e+07
1.842107303040987972e+04,2.000000000000000000e+00,3.000000000000000000e+00,1.149224910738126937e+00,6.969640357831869970e+00,5.964054626262150705e+07
1.924384413837803731e+04,8.000000000000000000e+00,2.000000000000000000e+00,1.063443019368307985e+00,1.945809028413583519e+01,5.851810889854548872e+07
1.664900229360069352e+04,7.000000000000000000e+00,1.000000000000000000e+00,1.363966168762269948e+00,3.126333644353853458e+01,5.184596505126720667e+07
1.969073133417154895e+04,1.000000000000000000e+00,2.000000000000000000e+00,9.136811421733165295e-01,2.161882351457717277e+01,4.524127035036480427e+07
1.308361670919042808e+04,7.000000000000000000e+00,1.000000000000000000e+00,1.046328254954502546e+00,9.406712288746232886e+00,3.042572072577577829e+07
1.685638463727287308e+04,4.000000000000000000e+00,3.000000000000000000e+00,1.239462264020359639e+00,1.705099413020119670e+01,6.567427322802085429e+07
1.361551182668369802e+04,5.000000000000000000e+00,3.000000000000000000e+00,8.075408881655741222e-01,1.655331131810721601e+01,3.593158906984352320e+07
1.681549563928939824e+04,2.000000000000000000e+00,3.000000000000000000e+00,9.701485732736767620e-01,2.850049719612779953e+01,5.003108034449335933e+07
1.877551383141288534e+04,2.000000000000000000e+00,3.000000000000000000e+00,1.042305914144765921e+00,1.356481638832177339e+01,5.609114815851418674e+07
1.218918844112490297e+04,5.000000000000000000e+00,3.000000000000000000e+00,9.340167509521432043e-01,1.868295020734997891e+01,3.422199082490948588e+07
1.852904421066363648e+04,8.000000000000000000e+00,1.000000000000000000e+00,1.208459439497701737e+00,1.608876358280746643e+01,5.079190070414399356e+07
1.633054038078810481e+04,5.000000000000000000e+00,3.000000000000000000e+00,1.349631958226691353e+00,2.912181011928499430e+01,7.103009876947429776e+07
1.573905649798012564e+04,5.000000000000000000e+00,3.000000000000000000e+00,8.306390070459631625e-01,1.953434170370718803e+01,4.266759306879811734e+07
1.237809662288277104e+04,5.000000000000000000e+00,3.000000000000000000e+00,1.221405255725492855e+00,1.946940042909816881e+01,4.367215328890143335e+07
1.462334599814316425e+04,4.000000000000000000e+00,3.000000000000000000e+00,1.218327561110284174e+00,2.907990299476744411e+01,5.680280185382136703e+07
1.820623746616865537e+04,1.000000000000000000e+00,2.000000000000000000e+00,1.082216545292193910e+00,1.163166477062427973e+01,5.034580115381681174e+07
1.290622740801401960e+04,8.000000000000000000e+00,1.000000000000000000e+00,1.338839590657688650e+00,1.659061551185222072e+01,4.039480287677120417e+07
1.230235397257827935e+04,8.000000000000000000e+00,2.000000000000000000e+00,9.322668665592312998e-01,3.352605857852230997e+01,3.389466532848946005e+07
1.269727442529987457e+04,7.000000000000000000e+00,1.000000000000000000e+00,1.154939088106778922e+00,3.588626559756880852e+01,3.429957923685165495e+07
1.581273690656490726e+04,6.000000000000000000e+00,2.000000000000000000e+00,1.300788691993307822e+00,3.550574826152021046e+01,5.551676845858936757e+07
1.697436504554868588e+04,5.000000000000000000e+00,1.000000000000000000e+00,8.704286236036089530e-01,1.921864005143567411e+01,3.206937984092371538e+07
1.249485408485412881e+04,7.000000000000000000e+00,2.000000000000000000e+00,9.367040168213174312e-01,1.452212365098706748e+01,3.283992587183151767e+07
1.803930588349395111e+04,1.000000000000000000e+00,2.000000000000000000e+00,1.006962937927046609e+00,3.311667879538483561e+01,4.267513315267147869e+07
1.808619382624201535e+04,3.000000000000000000e+00,1.000000000000000000e+00,9.317881476644650496e-01,1.258263852501027991e+01,3.517352779061747342e+07
1.303858851736907855e+04,6.000000000000000000e+00,2.000000000000000000e+00,1.011601050233996490e+00,1.127598516433411291e+01,3.486574231716320664e+07
1.896985991140851547e+04,3.000000000000000000e+00,3.000000000000000000e+00,1.224975864083364119e+00,3.571035525311796732e+01,7.772475698742942512e+07
1.612859379997391443e+04,1.000000000000000000e+00,3.000000000000000000e+00,1.124559852116547631e+00,2.683120891633953065e+01,4.976196956235601753e+07
1.215203234630520456e+04,8.000000000000000000e+00,1.000000000000000000e+00,9.223580061075042913e-01,2.461800179496568930e+01,2.688344500557490066e+07
1.523230088567672101e+04,2.000000000000000000e+00,2.000000000000000000e+00,1.228093061136692477e+00,1.928507526961826812e+01,4.459726964526903629e+07
1.728953249834330200e+04,1.000000000000000000e+00,2.000000000000000000e+00,8.360733843767735873e-01,1.985906427450508005e+01,3.413649916093368828e+07
1.618413214235196210e+04,1.000000000000000000e+00,1.000000000000000000e+00,9.585579782692192907e-01,2.036403561938728402e+01,3.073218521226373687e+07
1.728589986504950139e+04,1.000000000000000000e+00,3.000000000000000000e+00,9.850986135026443824e-01,2.218468414648579667e+01,5.126554364672145247e+07
1.240459372765586522e+04,2.000000000000000000e+00,3.000000000000000000e+00,1.010205715304636431e+00,2.696934431829354040e+01,3.975733883780112863e+07
1.885354189592802140e+04,2.000000000000000000e+00,3.000000000000000000e+00,1.054511294616423012e+00,6.684370568739678831e+00,5.529647757457683235e+07
1.786070482825696672e+04,4.000000000000000000e+00,1.000000000000000000e+00,1.397077540482214442e+00,1.498684697929248166e+01,5.550692860510245711e+07
1.803706904000906434e+04,7.000000000000000000e+00,2.000000000000000000e+00,1.150870972625804178e+00,2.411075828176049995e+01,5.709673821070620418e+07
1.882674781336469823e+04,7.000000000000000000e+00,2.000000000000000000e+00,1.039027670202650189e+00,3.320652406668142476e+01,5.277621085950666666e+07
1.506115998062369727e+04,7.000000000000000000e+00,3.000000000000000000e+00,9.774750051084803992e-01,1.999688150904668760e+01,4.947047785256008804e+07
1.584041151502157845e+04,2.000000000000000000e+00,3.000000000000000000e+00,1.294344810612497287e+00,1.833294743383081737e+01,5.822852822021377087e+07
1.205346619794043363e+04,2.000000000000000000e+00,2.000000000000000000e+00,8.632947970170342655e-01,1.130054739623817284e+01,2.712396554417617247e+07
1.339544859956858272e+04,8.000000000000000000e+00,3.000000000000000000e+00,1.052070030714109539e+00,2.461104557732207709e+01,5.071183019970519841e+07
1.710698533422969922e+04,4.000000000000000000e+00,1.000000000000000000e+00,1.289867275637662569e+00,3.426056610246187972e+01,5.085425088025589287e+07
1.658739610656973309e+04,3.000000000000000000e+00,1.000000000000000000e+00,1.201427347629651310e+00,1.299514598976908886e+01,4.160119244100591540e+07
1.476729166061120668e+04,8.000000000000000000e+00,2.000000000000000000e+00,1.264518649026255215e+00,3.212512602376667559e+01,5.464070365844501555e+07
1.543815623431207860e+04,2.000000000000000000e+00,1.000000000000000000e+00,1.097362739379773577e+00,2.622430142230647476e+01,3.496623814453322440e+07
1.815077722599136177e+04,3.000000000000000000e+00,2.000000000000000000e+00,1.238122292080834352e+00,1.996478946760733919e+01,5.664556197119166702e+07
1.793092995636484557e+04,8.000000000000000000e+00,2.000000000000000000e+00,1.130639625486778765e+00,1.078575068566103923e+01,5.639532953447339684e+07
1.623235315150702081e+04,5.000000000000000000e+00,1.000000000000000000e+00,1.016041451951938290e+00,3.008442704497043607e+01,3.541657000891917944e+07
1.682269680964190775e+04,4.000000000000000000e+00,1.000000000000000000e+00,9.107572225090793117e-01,1.263918975349094787e+01,3.332784790372274444e+07
1.920794281333057370e+04,3.000000000000000000e+00,3.000000000000000000e+00,9.714263629328941940e-01,1.620728208982568219e+01,5.427810794905849546e+07
1.220101115983441559e+04,3.000000000000000000e+00,2.000000000000000000e+00,1.164895803907846528e+00,7.521690327020483124e+00,3.593495098715040833e+07
1.788569884798060230e+04,8.000000000000000000e+00,1.000000000000000000e+00,9.004822845368474216e-01,1.371610041846838612e+01,3.673652133919034153e+07
1.859155771510505292e+04,6.000000000000000000e+00,1.000000000000000000e+00,9.610206447338449642e-01,2.895026027521057443e+01,3.806230233170428872e+07
1.941639659878719249e+04,8.000000000000000000e+00,2.000000000000000000e+00,9.328862248821240266e-01,1.680670236941276841e+01,5.186958366364946216e+07
1.487612500734865534e+04,5.000000000000000000e+00,1.000000000000000000e+00,1.066075367233266569e+00,2.502188130129803767e+01,3.833570286258599162e+07
1.541333629636494516e+04,7.000000000000000000e+00,2.000000000000000000e+00,1.106790622515184008e+00,2.333465418599174868e+01,4.886764306705874950e+07
1.696803575707471828e+04,5.000000000000000000e+00,2.000000000000000000e+00,1.329882179089816763e+00,1.390576018773895228e+01,5.995320402007598430e+07
1.570119581884744366e+04,4.000000000000000000e+00,1.000000000000000000e+00,9.241445977141131696e-01,1.455801118894912349e+01,2.941061075304992124e+07
1.959704730680438661e+04,5.000000000000000000e+00,3.000000000000000000e+00,9.528232952315127680e-01,2.414082206122273178e+01,5.772924952566287667e+07
1.408228854646802210e+04,4.000000000000000000e+00,1.000000000000000000e+00,1.291300632805305382e+00,3.078241397528973522e+01,4.146747682323469967e+07
1.215082482557843650e+04,6.000000000000000000e+00,3.000000000000000000e+00,9.394700366350389187e-01,2.119156846404614214e+01,3.403668633089266717e+07
1.730958401913700072e+04,5.000000000000000000e+00,2.000000000000000000e+00,1.137833556976355798e+00,2.902532373405616184e+01,5.214895211372172832e+07
1.949673034252880461e+04,4.000000000000000000e+00,2.000000000000000000e+00,9.081722413876603950e-01,1.318567891980225149e+01,4.824689814067458361e+07
1.989984885347353702e+04,4.000000000000000000e+00,2.000000000000000000e+00,9.222987296829977533e-01,8.203257283282082923e+00,4.789255441515430063e+07
1.227240797701674819e+04,8.000000000000000000e+00,1.000000000000000000e+00,8.895276802477036782e-01,3.224552391016673170e+01,2.590887732482638583e+07
1.208509819469663125e+04,2.000000000000000000e+00,2.000000000000000000e+00,1.103735469819374870e+00,1.112106516525028255e+01,3.191134811959801614e+07
1.501412504097316560e+04,5.000000000000000000e+00,3.000000000000000000e+00,9.256619990736961734e-01,1.868485874128458590e+01,4.648617635760891438e+07
1.630529744928838954e+04,5.000000000000000000e+00,3.000000000000000000e+00,9.914423992219644211e-01,7.442119943352234479e+00,5.053086477703808993e+07
1.497965901338740514e+04,4.000000000000000000e+00,3.000000000000000000e+00,1.337403107290936921e+00,2.193575039636846924e+01,6.293174915682522207e+07
1.227361899887950494e+04,2.000000000000000000e+00,1.000000000000000000e+00,1.190576527701177278e+00,3.599344197322314187e+01,2.805694647076404095e+07
1.738082300222998674e+04,2.000000000000000000e+00,3.000000000000000000e+00,8.248205000624684313e-01,1.086160355745857942e+01,4.365276405645719171e+07
1.530940887377090803e+04,4.000000000000000000e+00,1.000000000000000000e+00,1.176484772645459476e+00,1.276276330967925787e+01,4.037723661463308334e+07
1.735147743172224000e+04,3.000000000000000000e+00,2.000000000000000000e+00,9.709392745082041642e-01,1.197248927052159928e+01,4.434665220109655708e+07
1.236323031432055359e+04,4.000000000000000000e+00,3.000000000000000000e+00,1.193128329616680805e+00,1.020152248316822075e+01,4.486402962808979303e+07
1.720789288139579003e+04,2.000000000000000000e+00,1.000000000000000000e+00,1.038135051647012697e+00,3.574352778972678379e+01,3.702967331638771296e+07
1.754446238027995787e+04,5.000000000000000000e+00,2.000000000000000000e+00,1.115290236151313064e+00,2.984783928509570927e+01,5.292888451381030679e+07
1.895756399284317740e+04,3.000000000000000000e+00,1.000000000000000000e+00,8.771110159610213675e-01,1.016138283620501248e+01,3.443200683356732130e+07
1.905017109421343412e+04,5.000000000000000000e+00,2.000000000000000000e+00,1.335145821716057224e+00,2.789991317453839059e+01,7.176032777909688652e+07
1.339080895481425614e+04,4.000000000000000000e+00,3.000000000000000000e+00,1.384374580085201867e+00,3.482372609926993334e+01,5.725063805266231298e+07
1.463850152675500067e+04,5.000000000000000000e+00,2.000000000000000000e+00,1.075892098302526634e+00,2.346158729044385538e+01,4.014798797867093980e+07
1.909468199994321913e+04,4.000000000000000000e+00,1.000000000000000000e+00,9.033591131795012386e-01,3.374874896206858921e+01,3.593232758373890817e+07
1.692954055018485087e+04,5.000000000000000000e+00,2.000000000000000000e+00,1.243756592528258542e+00,3.258837406267177528e+01,5.885822903588631749e+07
1.285751610982678903e+04,2.000000000000000000e+00,3.000000000000000000e+00,1.215259024058478188e+00,8.852901849955824076e+00,4.811218362148112804e+07
1.546442072245967393e+04,5.000000000000000000e+00,2.000000000000000000e+00,9.605710028665164213e-01,1.635403834395278722e+01,3.683195592730934173e+07
1.757473316717674606e+04,4.000000000000000000e+00,3.000000000000000000e+00,8.595855771825583469e-01,2.521722699537036405e+01,4.613204087807430327e+07
1.571222549740279283e+04,5.000000000000000000e+00,1.000000000000000000e+00,1.218152152850888070e+00,1.334071647230016922e+01,4.300087074489358813e+07
1.850235679609308136e+04,3.000000000000000000e+00,2.000000000000000000e+00,9.644045181674101297e-01,7.047448693876617654e+00,4.467671064381441474e+07
1.571804591590381278e+04,7.000000000000000000e+00,3.000000000000000000e+00,1.146508498991341218e+00,3.484092240145830033e+01,6.574750542954547703e+07
1.763104561561289302e+04,4.000000000000000000e+00,1.000000000000000000e+00,1.344679088790179389e+00,9.225496724374243840e+00,4.850250709636620432e+07
1.808990269997382347e+04,5.000000000000000000e+00,2.000000000000000000e+00,1.328913695249931415e+00,1.375985798907572466e+01,6.013784365402108431e+07
1.512527401285912674e+04,7.000000000000000000e+00,3.000000000000000000e+00,9.081827481885194064e-01,2.554303684884158088e+01,4.642316526263951510e+07
1.405003937189232784e+04,7.000000000000000000e+00,1.000000000000000000e+00,1.374830447139858469e+00,2.952736738165645392e+01,4.337148090928500146e+07
1.473115424566521870e+04,4.000000000000000000e+00,1.000000000000000000e+00,8.008181908422790096e-01,2.926204350685658895e+01,2.579018351078035310e+07
1.549990973653743640e+04,7.000000000000000000e+00,3.000000000000000000e+00,1.398551392504595148e+00,2.435638511448177113e+01,7.148887299560481310e+07
1.998397291835287979e+04,8.000000000000000000e+00,3.000000000000000000e+00,8.242370098645470655e-01,1.908127582772893760e+01,5.683007796536941826e+07
1.778341877559787099e+04,4.000000000000000000e+00,1.000000000000000000e+00,8.050564135187683323e-01,9.968079518895057944e+00,2.888521997151904181e+07
1.873858849691717478e+04,4.000000000000000000e+00,1.000000000000000000e+00,8.534348939993829930e-01,1.323388762259608598e+01,3.312816084604342282e+07
1.283209585627095294e+04,6.000000000000000000e+00,3.000000000000000000e+00,1.319148527555033645e+00,2.535131623773307652e+01,5.177793082585096359e+07
1.977692759440375448e+04,8.000000000000000000e+00,2.000000000000000000e+00,1.162649350541156146e+00,2.046709668594769482e+01,6.455371364357279986e+07
1.311022121098669777e+04,2.000000000000000000e+00,2.000000000000000000e+00,1.007322965917891278e+00,7.191818252013893797e+00,3.117250707654239982e+07
1.307475128675543237e+04,7.000000000000000000e+00,1.000000000000000000e+00,1.197597133643272693e+00,3.369000952811784799e+01,3.717955755152497441e+07
1.609318902420324412e+04,5.000000000000000000e+00,3.000000000000000000e+00,1.223785620411782293e+00,2.262156925815061115e+01,6.837958224440908432e+07
1.618324277218671341e+04,1.000000000000000000e+00,2.000000000000000000e+00,9.895973546515950403e-01,1.192959218513263764e+01,3.897363650081512332e+07
1.286738193625440545e+04,2.000000000000000000e+00,3.000000000000000000e+00,1.024651041906316840e+00,8.339939684498741457e+00,3.871296986030087620e+07
1.784863446730938449e+04,2.000000000000000000e+00,3.000000000000000000e+00,1.031723823328715817e+00,9.935184825415735332e+00,5.269490213606339693e+07
1.639683738317151438e+04,2.000000000000000000e+00,1.000000000000000000e+00,8.047928919841286222e-01,3.542665360737927216e+01,2.856460322108422592e+07
1.470613410495531389e+04,1.000000000000000000e+00,2.000000000000000000e+00,1.169168565446200070e+00,2.895385733651920290e+01,4.375196371594948322e+07
1.894387805521993869e+04,3.000000000000000000e+00,2.000000000000000000e+00,1.391708120037559393e+00,1.767980560340046026e+01,7.028359098598472774e+07
1.818794880255546741e+04,4.000000000000000000e+00,2.000000000000000000e+00,1.142865970567721101e+00,2.262497312527987603e+01,5.559642247658208013e+07
1.940548720103550295e+04,5.000000000000000000e+00,2.000000000000000000e+00,1.231644660407747782e+00,1.439518614171516298e+01,6.225160155070418119e+07
1.351907767265542316e+04,3.000000000000000000e+00,2.000000000000000000e+00,1.026814999383041993e+00,2.705821593977064765e+01,3.731277936180443317e+07
1.930134560496573249e+04,1.000000000000000000e+00,2.000000000000000000e+00,1.160448172840835568e+00,3.185122994702417998e+01,5.361222633376517892e+07
1.543528728437832615e+04,1.000000000000000000e+00,3.000000000000000000e+00,1.037458607802827615e+00,1.907775593088619814e+01,4.589529129535380006e+07
1.409970015505449373e+04,1.000000000000000000e+00,1.000000000000000000e+00,1.100223123312843221e+00,1.537211290945596254e+01,3.234754543164799362e+07
1.318985803051526455e+04,4.000000000000000000e+00,1.000000000000000000e+00,8.094400841178941430e-01,1.897101052995551740e+01,2.390861747795285657e+07
1.238460032369092914e+04,8.000000000000000000e+00,2.000000000000000000e+00,1.003472327471884640e+00,1.451392572090875355e+01,3.730002246281977743e+07
1.845035127442678640e+04,8.000000000000000000e+00,3.000000000000000000e+00,9.262212400185454442e-01,1.455495422273887840e+01,5.871377621264371276e+07
1.912685635324565374e+04,1.000000000000000000e+00,3.000000000000000000e+00,1.296316892060862314e+00,7.028271607633231000e+00,7.104964211664831638e+07
1.526686142560873304e+04,4.000000000000000000e+00,1.000000000000000000e+00,9.851024166803346027e-01,1.485103333567662354e+01,3.181674793526656181e+07
1.910121679104513896e+04,1.000000000000000000e+00,1.000000000000000000e+00,8.134424504048543003e-01,7.227425984822411387e+00,3.036064178822548687e+07
1.708665224884001145e+04,3.000000000000000000e+00,3.000000000000000000e+00,1.029050680649467919e+00,2.185051379312644571e+01,5.342000862178284675e+07
1.735252935357452589e+04,4.000000000000000000e+00,1.000000000000000000e+00,8.175417174943533372e-01,6.935148607710114987e+00,3.024783000247685611e+07
1.543163933643882046e+04,7.000000000000000000e+00,3.000000000000000000e+00,1.159402189874335187e+00,7.468792855341451542e+00,5.689008713920661062e+07
1.815460148276537075e+04,3.000000000000000000e+00,3.000000000000000000e+00,1.189346034054130197e+00,1.838997519821470661e+01,6.395385224867116660e+07
1.381844607716676728e+04,3.000000000000000000e+00,1.000000000000000000e+00,9.106890921866165334e-01,3.071551544089407670e+01,2.723827839565445483e+07
1.700291640329251823e+04,2.000000000000000000e+00,3.000000000000000000e+00,1.154695815826042748e+00,1.864496060643760345e+01,5.991235521255236864e+07
1.204843990974547523e+04,3.000000000000000000e+00,2.000000000000000000e+00,8.774257219336500935e-01,2.967255529077985088e+01,2.705977237946788594e+07
1.490441214268906879e+04,4.000000000000000000e+00,2.000000000000000000e+00,1.337673582933250449e+00,1.932944146844701550e+01,5.112759901887065172e+07
1.336275845271696926e+04,4.000000000000000000e+00,2.000000000000000000e+00,1.325760336317878041e+00,8.308622024103289760e+00,4.626601984214302152e+07
1.927956232686537987e+04,5.000000000000000000e+00,1.000000000000000000e+00,1.188635761152850856e+00,2.724415740859565105e+01,4.891549065922188014e+07
1.889406916917672424e+04,8.000000000000000000e+00,3.000000000000000000e+00,1.087096464985580324e+00,2.365800840137754335e+01,6.964025763036832213e+07
1.616027608307362789e+04,8.000000000000000000e+00,3.000000000000000000e+00,1.090704373480850142e+00,9.024499904735606037e+00,5.546540384580053389e+07
1.632955596335239534e+04,2.000000000000000000e+00,1.000000000000000000e+00,1.185564478289190316e+00,2.301868988989834364e+01,3.995388783724658191e+07
1.997944233061775594e+04,2.000000000000000000e+00,3.000000000000000000e+00,1.329510604615164127e+00,2.298471763796711542e+01,7.501531503751844168e+07
1.204506614065240319e+04,2.000000000000000000e+00,1.000000000000000000e+00,1.001099890212473698e+00,2.279333572909348149e+01,2.448373022664988413e+07
1.548702016742934393e+04,2.000000000000000000e+00,2.000000000000000000e+00,1.232211555513707202e+00,3.078027362238309195e+01,4.463444599877955765e+07
1.914808296417866586e+04,8.000000000000000000e+00,3.000000000000000000e+00,1.187648900741372637e+00,1.871531932548351307e+01,7.380487100416702032e+07
1.919443571356138273e+04,3.000000000000000000e+00,1.000000000000000000e+00,1.055966903472234542e+00,1.879137853823282001e+01,4.317953470261499286e+07
1.416746878983751230e+04,2.000000000000000000e+00,1.000000000000000000e+00,8.442839924419375253e-01,1.298929410874888823e+01,2.386559484714442492e+07
1.772087416795113677e+04,1.000000000000000000e+00,3.000000000000000000e+00,1.033239552148003559e+00,3.396101058124260419e+01,5.606143944037991762e+07
1.713617253775354766e+04,1.000000000000000000e+00,2.000000000000000000e+00,1.126008688863372242e+00,2.270991683697685204e+01,4.639474266845495254e+07
1.676694938272636136e+04,3.000000000000000000e+00,3.000000000000000000e+00,1.374374675394921308e+00,2.322228133962190100e+01,7.065184601719792187e+07
1.554616017407645813e+04,5.000000000000000000e+00,1.000000000000000000e+00,1.061376786489351520e+00,1.304527252464461107e+01,3.595143633767475188e+07
1.380508908048602279e+04,4.000000000000000000e+00,3.000000000000000000e+00,1.325407703181592733e+00,7.562228160012324452e+00,5.583430862092837691e+07
1.773151052200854974e+04,3.000000000000000000e+00,3.000000000000000000e+00,1.351949258270804144e+00,1.757205763267713650e+01,6.834933099202352762e+07
1.629060154216867522e+04,8.000000000000000000e+00,3.000000000000000000e+00,1.042711399273349437e+00,9.941720379979237521e+00,5.122778598071154952e+07
1.214977644694324408e+04,5.000000000000000000e+00,3.000000000000000000e+00,8.857786437863991447e-01,1.468915202579438173e+01,3.545386713525363803e+07
1.734573448766062938e+04,7.000000000000000000e+00,3.000000000000000000e+00,1.396326288685527217e+00,3.274122059781063854e+01,7.438850015474325418e+07
1.342485690216363764e+04,8.000000000000000000e+00,2.000000000000000000e+00,1.301809650664811358e+00,1.227945348104132250e+01,5.037709388992138952e+07
1.506856311645174537e+04,7.000000000000000000e+00,3.000000000000000000e+00,1.031854552903318512e+00,3.113834167131275876e+01,5.242489540741156042e+07
1.329662211499301156e+04,1.000000000000000000e+00,1.000000000000000000e+00,8.887877892952462666e-01,7.868864518713500900e+00,2.415830622825464979e+07
1.841155063423635147e+04,4.000000000000000000e+00,2.000000000000000000e+00,1.027476880025577799e+00,2.791540559099679797e+01,4.995396574721889198e+07
1.416779234638793969e+04,5.000000000000000000e+00,1.000000000000000000e+00,1.077867655805833103e+00,2.200033393471293053e+01,3.332087122848277912e+07
1.426951519389935493e+04,6.000000000000000000e+00,1.000000000000000000e+00,1.225713978221930844e+00,1.619035851960291694e+01,3.846511981479698420e+07
1.324338036237667802e+04,5.000000000000000000e+00,3.000000000000000000e+00,1.353173482758045054e+00,1.915455114721355301e+01,5.510196436000061780e+07
1.583682054273555877e+04,3.000000000000000000e+00,2.000000000000000000e+00,9.818409151074423136e-01,1.064796022390614993e+01,4.005488214242973924e+07
1.360170357597031943e+04,3.000000000000000000e+00,1.000000000000000000e+00,8.291242625123433907e-01,2.317684746734951062e+01,2.458879924431603774e+07
1.716295623785973294e+04,5.000000000000000000e+00,1.000000000000000000e+00,1.256490118976073767e+00,2.975882028834863746e+01,4.707320033030454069e+07
1.570358303177388370e+04,1.000000000000000000e+00,3.000000000000000000e+00,8.273254673761374356e-01,1.480896207423885791e+01,3.861479507744248956e+07
1.661338112628383533e+04,4.000000000000000000e+00,2.000000000000000000e+00,8.395489994558127389e-01,2.053682996931846816e+01,3.475656955686111003e+07
1.972934054032142376e+04,4.000000000000000000e+00,3.000000000000000000e+00,9.991454833439969985e-01,2.824963346301528233e+01,6.059497454978828877e+07
1.756264901460356486e+04,8.000000000000000000e+00,3.000000000000000000e+00,9.999027500256236767e-01,2.108249401569981529e+01,5.833090427675905079e+07
1.644114869379375159e+04,1.000000000000000000e+00,2.000000000000000000e+00,1.130051380736959654e+00,2.486896782661690608e+01,4.430598250523392856e+07
1.862429690420703264e+04,4.000000000000000000e+00,1.000000000000000000e+00,9.144848260257070205e-01,1.718248658187737732e+01,3.769135776669716090e+07
1.264606357124067290e+04,1.000000000000000000e+00,2.000000000000000000e+00,1.194694887621876145e+00,8.847240958280117695e+00,3.689421145432624221e+07
1.428933640655648560e+04,1.000000000000000000e+00,2.000000000000000000e+00,1.284270928042258397e+00,1.111527990555321921e+01,4.659289116241014749e+07
1.974725390125279228e+04,3.000000000000000000e+00,1.000000000000000000e+00,1.287245948447626631e+00,1.260257422256876580e+01,5.310458160321688652e+07
1.414250645131759666e+04,8.000000000000000000e+00,2.000000000000000000e+00,1.323032375501756563e+00,3.539103444033062829e+01,5.397635278429905325e+07
1.448643926979590469e+04,7.000000000000000000e+00,2.000000000000000000e+00,1.094724364105507330e+00,3.022703456053513094e+01,4.537070945367322117e+07
1.314558965264792823e+04,3.000000000000000000e+00,3.000000000000000000e+00,1.119651686702907156e+00,3.015584699511148870e+01,4.249395640903609991e+07
1.329860228536740397e+04,7.000000000000000000e+00,3.000000000000000000e+00,9.162643793303862916e-01,1.739280222998111469e+01,4.065108751427011937e+07
1.288255728286205158e+04,5.000000000000000000e+00,2.000000000000000000e+00,9.907162026519540365e-01,2.921323766941819855e+01,3.405598479432731122e+07
1.899018137672833836e+04,3.000000000000000000e+00,2.000000000000000000e+00,9.974951734224677402e-01,2.936426191174745881e+01,4.681538196773575246e+07
1.693547916844965221e+04,7.000000000000000000e+00,3.000000000000000000e+00,1.348850413798232895e+00,1.124176212492728588e+01,7.556012794574972987e+07
1.973541353830194566e+04,8.000000000000000000e+00,2.000000000000000000e+00,1.032891562798345486e+00,3.078865449934818699e+01,5.638286360994748026e+07
1.513075528867141838e+04,4.000000000000000000e+00,3.000000000000000000e+00,1.173243320783998955e+00,9.994611450675328967e+00,5.690612351624515653e+07
1.932337031795055736e+04,3.000000000000000000e+00,1.000000000000000000e+00,1.092577559122830166e+00,3.478125855607069639e+01,4.186677162464924902e+07
1.565224284021650601e+04,4.000000000000000000e+00,1.000000000000000000e+00,1.261186455989355970e+00,3.332648545520807914e+01,4.554355349511075765e+07
1.380707876804812076e+04,7.000000000000000000e+00,2.000000000000000000e+00,8.214526982386087806e-01,7.635287375853643255e+00,3.096376856830268353e+07
1.810675626262388323e+04,3.000000000000000000e+00,3.000000000000000000e+00,8.097968093399642298e-01,3.072262069851100463e+01,4.718285107774608582e+07
1.638555057537140965e+04,6.000000000000000000e+00,1.000000000000000000e+00,1.201609807415048303e+00,2.233450822801168911e+01,4.564585176201610267e+07
1.965110212609208247e+04,2.000000000000000000e+00,3.000000000000000000e+00,1.287403779818862226e+00,2.919398840297008846e+01,7.926477952931950986e+07
1.577944089653962692e+04,6.000000000000000000e+00,2.000000000000000000e+00,1.113295028015155674e+00,3.389696909782608714e+01,4.818863971247836947e+07
1.305110640084707848e+04,6.000000000000000000e+00,2.000000000000000000e+00,1.228157070484463542e+00,2.171661236866516731e+01,4.414180958711259067e+07
1.264779249336433713e+04,4.000000000000000000e+00,1.000000000000000000e+00,8.647651845081103517e-01,1.180688128309146734e+01,2.440688045696292073e+07
1.292412554013939007e+04,1.000000000000000000e+00,3.000000000000000000e+00,1.168542909519253437e+00,2.053947663586863115e+01,4.474636670616130531e+07
1.703672063590103062e+04,5.000000000000000000e+00,2.000000000000000000e+00,8.638825857895305882e-01,2.812704734026494080e+01,3.984483910678035766e+07
1.767703707595870219e+04,5.000000000000000000e+00,3.000000000000000000e+00,1.353163930211987998e+00,6.725670614030083705e+00,7.609282853277355433e+07
1.916916553683896200e+04,2.000000000000000000e+00,2.000000000000000000e+00,8.111836784252645094e-01,2.158147679431511889e+01,4.032953818501225859e+07
1.733164812298536708e+04,1.000000000000000000e+00,1.000000000000000000e+00,1.104411883008787676e+00,1.261465507298298583e+01,3.942478996736092865e+07
1.629536405706412734e+04,1.000000000000000000e+00,1.000000000000000000e+00,1.029377926029984680e+00,2.128449859290262225e+01,3.400245947507732362e+07
1.863375137000803807e+04,8.000000000000000000e+00,1.000000000000000000e+00,1.167110929502568339e+00,3.363036062371884327e+01,5.095844981888456643e+07
1.434637423360528192e+04,3.000000000000000000e+00,3.000000000000000000e+00,1.063773883829344014e+00,2.180638446542263509e+01,4.512911891151082516e+07
1.751580606681870995e+04,2.000000000000000000e+00,2.000000000000000000e+00,1.138085671516699593e+00,1.282238694840419413e+01,4.599610601781873405e+07
1.259184260900230038e+04,7.000000000000000000e+00,2.000000000000000000e+00,1.211637899946896191e+00,7.966576612511977906e+00,4.473342499502158165e+07
1.540179358707405481e+04,5.000000000000000000e+00,3.000000000000000000e+00,1.006680762784824879e+00,1.016118377775260839e+01,4.963018202016430348e+07
1.835057632259036473e+04,8.000000000000000000e+00,3.000000000000000000e+00,8.985001502635333592e-01,2.490622266357165415e+01,5.389535061195513606e+07
1.223948411593438504e+04,2.000000000000000000e+00,3.000000000000000000e+00,1.072653381117384397e+00,2.740694562603764339e+01,3.812120207128881663e+07
1.828954125547543663e+04,3.000000000000000000e+00,3.000000000000000000e+00,1.241946233428046220e+00,2.353870913123751407e+01,6.568394087803237140e+07
1.797532079311558846e+04,3.000000000000000000e+00,2.000000000000000000e+00,1.021489719074615943e+00,2.499737738015220501e+01,4.845593034563741088e+07
1.952653113247604779e+04,7.000000000000000000e+00,1.000000000000000000e+00,1.226812563799742462e+00,1.452729534737993689e+01,5.523397177130150795e+07
1.925180358555255225e+04,7.000000000000000000e+00,3.000000000000000000e+00,8.528887670491256401e-01,2.807477413403659838e+01,5.381009028651881218e+07
1.257679852641638354e+04,5.000000000000000000e+00,1.000000000000000000e+00,1.156929804070051304e+00,1.425948730829629518e+01,3.279545867255371809e+07
1.605059503049971681e+04,7.000000000000000000e+00,2.000000000000000000e+00,1.144845084159348048e+00,2.627390762646816924e+01,5.260268353981061280e+07
1.359560573123150607e+04,2.000000000000000000e+00,1.000000000000000000e+00,1.284991403144326583e+00,2.028292246576817348e+01,3.520446742927497625e+07
1.879161888063766310e+04,4.000000000000000000e+00,2.000000000000000000e+00,1.159015082547953490e+00,1.195538873906212629e+01,5.652389651328197867e+07
1.978847393626420308e+04,3.000000000000000000e+00,2.000000000000000000e+00,8.223773410233784498e-01,7.516432445424708675e+00,4.132864297781249881e+07
1.463848142719474890e+04,3.000000000000000000e+00,1.000000000000000000e+00,9.952626850192720642e-01,3.361370822730429353e+01,3.074513409940135852e+07
1.473185666516630408e+04,4.000000000000000000e+00,2.000000000000000000e+00,8.152502683591664745e-01,2.201413689501053739e+01,3.210985487076271325e+07
1.793248702281729493e+04,7.000000000000000000e+00,3.000000000000000000e+00,8.031211093698538139e-01,3.117332532119216992e+01,4.722580335101345181e+07
1.469752040595538710e+04,2.000000000000000000e+00,3.000000000000000000e+00,1.377514347756437996e+00,1.454955075914783258e+01,6.269246831280043721e+07
1.233781934907092000e+04,6.000000000000000000e+00,3.000000000000000000e+00,8.469947461466112992e-01,1.709953596404723442e+01,3.436830182082370669e+07
1.301735439523801142e+04,6.000000000000000000e+00,3.000000000000000000e+00,1.360218161665028402e+00,2.469672378994535933e+01,6.167512318828963488e+07
1.644243293212445496e+04,3.000000000000000000e+00,1.000000000000000000e+00,8.951100015876439775e-01,1.136892161347936003e+01,3.044886095122869685e+07
1.475015911861741552e+04,8.000000000000000000e+00,1.000000000000000000e+00,1.275830901136773665e+00,1.543265915501164720e+01,4.307809973601298779e+07
1.540310358976685347e+04,7.000000000000000000e+00,3.000000000000000000e+00,9.999029357916315863e-01,1.989495873598008302e+01,4.965414536268811673e+07
1.908857326140919395e+04,5.000000000000000000e+00,1.000000000000000000e+00,1.252906607967946950e+00,3.570763147264455029e+01,4.747406908363596350e+07
1.246656114210936175e+04,1.000000000000000000e+00,3.000000000000000000e+00,1.392251813772310776e+00,2.061311457291206395e+01,5.070563524236404151e+07
1.362009013556628270e+04,5.000000000000000000e+00,1.000000000000000000e+00,8.594603921413822567e-01,1.077560588817864229e+01,2.772452774400381371e+07
1.797200762958895939e+04,5.000000000000000000e+00,3.000000000000000000e+00,1.071871236326017440e+00,2.514709853254186100e+01,6.117284793581621349e+07
1.798362830483912330e+04,2.000000000000000000e+00,1.000000000000000000e+00,1.214096291075205336e+00,3.301306003203055894e+01,4.314806081778490543e+07
1.727386244832755619e+04,6.000000000000000000e+00,2.000000000000000000e+00,1.288842826186333390e+00,1.972548790750213499e+01,6.123189208409802616e+07
1.737711765796576947e+04,7.000000000000000000e+00,2.000000000000000000e+00,9.072520514841412309e-01,3.429685336687846586e+01,4.638370173157486320e+07
1.326745754787267833e+04,6.000000000000000000e+00,3.000000000000000000e+00,1.260431755651898245e+00,2.439707179984461050e+01,5.568043911844605207e+07
1.962359926111697860e+04,2.000000000000000000e+00,1.000000000000000000e+00,8.370318311128430722e-01,1.077133871050791569e+01,3.148155156810603663e+07
1.769945197765329794e+04,1.000000000000000000e+00,2.000000000000000000e+00,9.041892422530213302e-01,2.416145488471358505e+01,3.793744552846626937e+07
1.234864386073448622e+04,6.000000000000000000e+00,3.000000000000000000e+00,1.233977755306232549e+00,2.146409122932913505e+01,4.706520262307020277e+07
1.985940330836145222e+04,5.000000000000000000e+00,1.000000000000000000e+00,1.097469861746097175e+00,1.668165083881937250e+01,4.951656915725909919e+07
1.557872320566675626e+04,1.000000000000000000e+00,3.000000000000000000e+00,1.240856292416363527e+00,3.254391999358166743e+01,5.767187669867693633e+07
1.673762294055360690e+04,7.000000000000000000e+00,3.000000000000000000e+00,1.351174077374982740e+00,2.109752773572289897e+01,7.650059147979797423e+07
1.464655033413720048e+04,8.000000000000000000e+00,3.000000000000000000e+00,1.342238673839441621e+00,3.064594300725768861e+01,6.595153662655604631e+07
1.286194996996688860e+04,6.000000000000000000e+00,2.000000000000000000e+00,9.151300428233550832e-01,8.241883467408673170e+00,2.958161547030874714e+07
1.350348410330037768e+04,4.000000000000000000e+00,2.000000000000000000e+00,1.224716399325838090e+00,1.857138025399335746e+01,4.563416178349091113e+07
1.649122144697353360e+04,7.000000000000000000e+00,1.000000000000000000e+00,1.078560852576389895e+00,7.280945209899245540e+00,4.118511725041877478e+07
1.743973704186631585e+04,1.000000000000000000e+00,2.000000000000000000e+00,1.176177427562514755e+00,7.334776509464115080e+00,5.139720940110444278e+07
1.818535360725207647e+04,8.000000000000000000e+00,2.000000000000000000e+00,9.221623768028036627e-01,1.546653229399186991e+01,4.607409356324540079e+07
1.542935980134974488e+04,3.000000000000000000e+00,1.000000000000000000e+00,1.286747608872661264e+00,2.374994584693949662e+01,4.074256187020806223e+07
1.812270915887545198e+04,7.000000000000000000e+00,2.000000000000000000e+00,9.988488595322544406e-01,2.860229625877894577e+01,5.335491169817232341e+07
1.513328978549872772e+04,8.000000000000000000e+00,2.000000000000000000e+00,8.753890658588880935e-01,1.443647237342604583e+01,3.713669541972853243e+07
1.335992556417939340e+04,7.000000000000000000e+00,3.000000000000000000e+00,1.227441901191084206e+00,1.858773348234108980e+01,5.695568175631009787e+07
1.547253819557216229e+04,7.000000000000000000e+00,1.000000000000000000e+00,1.362048453838639261e+00,8.834319252711891224e+00,4.627990103949666023e+07
1.872814089653581686e+04,4.000000000000000000e+00,1.000000000000000000e+00,1.263198083672171901e+00,1.423061893918645993e+01,4.998528144715305418e+07
1.419167459435336968e+04,7.000000000000000000e+00,1.000000000000000000e+00,1.071491110454775519e+00,2.943230435258196209e+01,3.607681963546913862e+07
1.228205290067972055e+04,6.000000000000000000e+00,3.000000000000000000e+00,1.287137329906878236e+00,6.508336940435796691e+00,5.122812113175486773e+07
1.749257491539762123e+04,6.000000000000000000e+00,1.000000000000000000e+00,1.006193065083368143e+00,1.447160702974778346e+01,3.887030645570787042e+07
1.987953172914884271e+04,4.000000000000000000e+00,2.000000000000000000e+00,8.295766317250302668e-01,1.059358995333180431e+01,4.145787233196625859e+07
1.977882263781085931e+04,3.000000000000000000e+00,2.000000000000000000e+00,9.687946691026718682e-01,2.285411413464098018e+01,5.025327332598046213e+07
1.938780185300915400e+04,5.000000000000000000e+00,1.000000000000000000e+00,9.538803394398553959e-01,2.927830291025349041e+01,4.085035050285741687e+07
1.216879956496460909e+04,3.000000000000000000e+00,1.000000000000000000e+00,1.049233536764674568e+00,1.498827824725067615e+01,2.680429807609656826e+07
1.295942137647469826e+04,5.000000000000000000e+00,2.000000000000000000e+00,9.268687312216332685e-01,3.204233210175576119e+01,3.340767003268905729e+07
1.768408407426847407e+04,8.000000000000000000e+00,1.000000000000000000e+00,9.143366543428523840e-01,3.264339971205219371e+01,3.804409991876414418e+07
1.964376358440905824e+04,7.000000000000000000e+00,2.000000000000000000e+00,1.131570323314356363e+00,1.494738133289415138e+01,5.413292532913559675e+07
1.454210784045403125e+04,7.000000000000000000e+00,3.000000000000000000e+00,9.652530738736794236e-01,1.166764501071208571e+01,4.198594008907704800e+07
1.382584959650180645e+04,3.000000000000000000e+00,1.000000000000000000e+00,1.387302479477944495e+00,2.228788597870546084e+01,4.053908891023814678e+07
1.567688457407767237e+04,4.000000000000000000e+00,2.000000000000000000e+00,1.341534986345650937e+00,2.362024236642223585e+01,5.586893052078189701e+07
1.936835392404557570e+04,3.000000000000000000e+00,2.000000000000000000e+00,1.232927001265590849e+00,2.325942376365478736e+01,6.001207099808841944e+07
1.902675648143840954e+04,6.000000000000000000e+00,2.000000000000000000e+00,8.000698645240797990e-01,8.030592972188957290e+00,4.098586808879013360e+07
1.592870817467728557e+04,7.000000000000000000e+00,3.000000000000000000e+00,9.260277925243750596e-01,9.546274574817719127e+00,4.883837717236008495e+07
1.455876440731665207e+04,3.000000000000000000e+00,2.000000000000000000e+00,1.023943306596354352e+00,1.325599907487233509e+01,4.029077502273526788e+07
1.647981240173218976e+04,3.000000000000000000e+00,1.000000000000000000e+00,1.351368937954285920e+00,1.486147715340634967e+01,4.234903237997079641e+07
1.591957581814597324e+04,1.000000000000000000e+00,1.000000000000000000e+00,1.099053086099583521e+00,6.756617236299068630e+00,3.435749655342942476e+07
1.785779230137512059e+04,6.000000000000000000e+00,1.000000000000000000e+00,1.323278127044648533e+00,6.600908873165648671e+00,5.128568996811240166e+07
1.533463174463848190e+04,8.000000000000000000e+00,2.000000000000000000e+00,8.541000711824116021e-01,2.447229236918702000e+01,3.545599360690069944e+07
1.734505095667214482e+04,3.000000000000000000e+00,1.000000000000000000e+00,8.728796539308490976e-01,3.494706679078834810e+01,3.067336731674279273e+07
1.257654523232683277e+04,1.000000000000000000e+00,3.000000000000000000e+00,8.027451030691030720e-01,2.646741370614545730e+01,2.908750867735836655e+07
1.262869197070227165e+04,6.000000000000000000e+00,3.000000000000000000e+00,8.552236227241389876e-01,2.262749397366565418e+01,3.693196593840335310e+07
1.736467109538139630e+04,5.000000000000000000e+00,2.000000000000000000e+00,9.134021197180680618e-01,2.261923759718066762e+01,4.435909039032510668e+07
1.265032248807670294e+04,7.000000000000000000e+00,1.000000000000000000e+00,1.333343767108082778e+00,1.659443363136833938e+01,4.170123737025859952e+07
1.408934221571045782e+04,5.000000000000000000e+00,1.000000000000000000e+00,9.484679872180945548e-01,2.290081747634116738e+01,3.134465079712832719e+07
1.932392643186853093e+04,5.000000000000000000e+00,3.000000000000000000e+00,1.250015042274019494e+00,3.239363515698313734e+01,7.602143757409791648e+07
1.796334014021301118e+04,1.000000000000000000e+00,2.000000000000000000e+00,8.123537211799226609e-01,2.058182491179540108e+01,3.695935435166025162e+07
1.805802868433738695e+04,4.000000000000000000e+00,1.000000000000000000e+00,1.050211319432013957e+00,2.456383136050954974e+01,4.066339874175356328e+07
1.314679957728056070e+04,1.000000000000000000e+00,3.000000000000000000e+00,1.383826208500881449e+00,1.128695956602252437e+01,5.085980042944298685e+07
1.714321465462454580e+04,8.000000000000000000e+00,2.000000000000000000e+00,1.301470743354916859e+00,2.449856211641358428e+01,6.270132097039616853e+07
1.629447222089001298e+04,1.000000000000000000e+00,1.000000000000000000e+00,9.681607401327160245e-01,1.114624243599909192e+01,3.316649521592827514e+07
1.279732400372148913e+04,2.000000000000000000e+00,3.000000000000000000e+00,9.479779636951545241e-01,7.642149181204112018e+00,3.479423833030648530e+07
1.775185735649985509e+04,4.000000000000000000e+00,1.000000000000000000e+00,8.042947840789750336e-01,1.211752125952332726e+01,3.256762656634913012e+07
1.922351287741897977e+04,3.000000000000000000e+00,3.000000000000000000e+00,9.207513583594255646e-01,2.406454694421346119e+01,5.391161468041223288e+07
1.362733010299534362e+04,4.000000000000000000e+00,3.000000000000000000e+00,1.093826009225886908e+00,2.588597020572068885e+01,4.653997821905659884e+07
1.607388839106749037e+04,4.000000000000000000e+00,3.000000000000000000e+00,1.320816724532552833e+00,1.319241884985753543e+01,6.464471003133386374e+07
1.959192477005905675e+04,5.000000000000000000e+00,3.000000000000000000e+00,1.095409896227655944e+00,2.236159971399995428e+01,6.164339960241604596e+07
1.334818172978296025e+04,2.000000000000000000e+00,1.000000000000000000e+00,8.948874016453346458e-01,6.821471927627412946e+00,2.373063422532120347e+07
1.713189127785939490e+04,2.000000000000000000e+00,3.000000000000000000e+00,1.228978239945576201e+00,1.372084410499846996e+01,6.177938461736907810e+07
1.950146271921668813e+04,2.000000000000000000e+00,2.000000000000000000e+00,1.207524985614971680e+00,1.768852909597949719e+01,5.544630015459422767e+07
1.533331971581926882e+04,4.000000000000000000e+00,3.000000000000000000e+00,1.332007816329304983e+00,1.327512674113868840e+01,6.579089031553135812e+07
1.998075196585850063e+04,5.000000000000000000e+00,2.000000000000000000e+00,1.182810777423691562e+00,1.974304440467836486e+01,6.362886037287459522e+07
1.938856066889732756e+04,6.000000000000000000e+00,2.000000000000000000e+00,1.333918237396298334e+00,2.882704576357450676e+01,6.923986147902154922e+07
1.628146653502986919e+04,2.000000000000000000e+00,1.000000000000000000e+00,9.136668242893800640e-01,1.562486223449298706e+01,3.039320852780276164e+07
1.285561146005566661e+04,3.000000000000000000e+00,3.000000000000000000e+00,1.014627987872670500e+00,2.788280648606896506e+01,3.893544642842216790e+07
1.318414124867141436e+04,5.000000000000000000e+00,3.000000000000000000e+00,9.797901603750142074e-01,2.297564087954102874e+01,3.894400860286471993e+07
1.879792521311185556e+04,3.000000000000000000e+00,3.000000000000000000e+00,1.226829095491253296e+00,9.626251372859135458e+00,6.926735212489394844e+07
1.480879790228701495e+04,8.000000000000000000e+00,2.000000000000000000e+00,1.086020432603768127e+00,3.289134602883672187e+01,4.556641259271100163e+07
1.260860355581472504e+04,7.000000000000000000e+00,3.000000000000000000e+00,8.684810655218381248e-01,1.314613307741166182e+01,3.505177110533948988e+07
1.837454803288207040e+04,8.000000000000000000e+00,3.000000000000000000e+00,1.325262122978643431e+00,1.036162651577079252e+01,7.520550873549690843e+07
1.230018619217231753e+04,2.000000000000000000e+00,3.000000000000000000e+00,1.136597761144924057e+00,1.998535275706628767e+01,4.512989762200193852e+07
1.291861385984980370e+04,7.000000000000000000e+00,2.000000000000000000e+00,1.120928695355615012e+00,2.033850816970407749e+01,3.956461658784752339e+07
1.655089740677126247e+04,6.000000000000000000e+00,1.000000000000000000e+00,1.342762980390294292e+00,3.377884826752116965e+01,4.824499683326715231e+07
1.653395391897761147e+04,7.000000000000000000e+00,1.000000000000000000e+00,1.302352989095553415e+00,2.388500532974190449e+01,5.112784151815148443e+07
1.797455582599089030e+04,1.000000000000000000e+00,2.000000000000000000e+00,8.539086575416309222e-01,1.517053182705146952e+01,3.556782284219181538e+07
1.763489762635139778e+04,2.000000000000000000e+00,2.000000000000000000e+00,1.077035896876206822e+00,1.898978887722738307e+01,4.581185090813442320e+07
1.495693192565042409e+04,3.000000000000000000e+00,3.000000000000000000e+00,8.918768379337163044e-01,3.276849853985973482e+01,4.153741296763965487e+07
1.318277163894601472e+04,1.000000000000000000e+00,1.000000000000000000e+00,8.056865265731071313e-01,1.443760464655134435e+01,2.083938880387816206e+07
1.818987169839760827e+04,7.000000000000000000e+00,1.000000000000000000e+00,9.893655757711545817e-01,3.155899845726283459e+01,3.879314003356432170e+07
1.943863065784105129e+04,1.000000000000000000e+00,2.000000000000000000e+00,1.372797901644331908e+00,2.506691897329029217e+01,6.832703365868364275e+07
1.945214357251096590e+04,6.000000000000000000e+00,1.000000000000000000e+00,1.191799675668496761e+00,7.800144011887264028e+00,5.040196206055467576e+07
1.240931652762480917e+04,8.000000000000000000e+00,3.000000000000000000e+00,1.359021525747158510e+00,3.203093920036008058e+01,5.955806454677668214e+07
1.774678716090591843e+04,2.000000000000000000e+00,2.000000000000000000e+00,8.792260394858802952e-01,3.572020699783811892e+01,4.110917201500304788e+07
1.493886692370132369e+04,5.000000000000000000e+00,1.000000000000000000e+00,9.780827608069823098e-01,1.072204215067424826e+01,3.196663229657887295e+07
1.721107532951397297e+04,4.000000000000000000e+00,3.000000000000000000e+00,1.180928812986419274e+00,1.587453890616805907e+01,6.146610763075199723e+07
1.942954813392590586e+04,3.000000000000000000e+00,2.000000000000000000e+00,1.078152569820526319e+00,2.137614582262453311e+01,5.171472524651978910e+07
1.618188887915085070e+04,8.000000000000000000e+00,3.000000000000000000e+00,1.110319027214146548e+00,7.700638376770764459e+00,5.798026729810101539e+07
1.920354627631195763e+04,6.000000000000000000e+00,1.000000000000000000e+00,9.447889584662032547e-01,1.850835501704485608e+01,4.200125205274435878e+07
1.777362543132226347e+04,8.000000000000000000e+00,2.000000000000000000e+00,1.332536795341185076e+00,2.387960047761551863e+01,6.940871008735221624e+07
1.763249256460908146e+04,1.000000000000000000e+00,2.000000000000000000e+00,1.049939712147493820e+00,1.996149640213268839e+01,4.861829041983616352e+07
1.724952294005131262e+04,7.000000000000000000e+00,3.000000000000000000e+00,1.260331494474542957e+00,3.119535401697227073e+01,7.343157009458559752e+07
1.932797700903753866e+04,7.000000000000000000e+00,1.000000000000000000e+00,8.364895652921200409e-01,2.072200685611528925e+01,3.851620407559685409e+07
1.204620845337329229e+04,7.000000000000000000e+00,1.000000000000000000e+00,1.080211346175778964e+00,2.124003895585042656e+01,2.909759562679349259e+07
1.576760525988364861e+04,2.000000000000000000e+00,2.000000000000000000e+00,1.283701712471730927e+00,1.829428221380742059e+01,5.349206182018631697e+07
1.740645707409573151e+04,1.000000000000000000e+00,2.000000000000000000e+00,1.338912844602961005e+00,1.555900889308990998e+01,5.735607656958398223e+07
1.344247616688576272e+04,3.000000000000000000e+00,2.000000000000000000e+00,8.341163685541441719e-01,6.406290343610855587e+00,2.803864239122626185e+07
1.249044631882369140e+04,5.000000000000000000e+00,2.000000000000000000e+00,1.260818286919142661e+00,3.294149196936299973e+01,4.382477985357762128e+07
1.852327162655624124e+04,8.000000000000000000e+00,2.000000000000000000e+00,1.148050329059738139e+00,2.563347086998259883e+01,6.032772490074220300e+07
1.926215814500497072e+04,1.000000000000000000e+00,1.000000000000000000e+00,1.056562857589576243e+00,3.086675295536077357e+01,4.342690153111301363e+07
1.360257610824765288e+04,8.000000000000000000e+00,3.000000000000000000e+00,8.382911220793878293e-01,1.442404004708254917e+01,3.581023969893614203e+07
1.847279283133970603e+04,1.000000000000000000e+00,3.000000000000000000e+00,1.272790601208904970e+00,3.589185011325155017e+01,6.467628439223216474e+07
1.878856075793068158e+04,1.000000000000000000e+00,3.000000000000000000e+00,1.130881726870287762e+00,8.928163627823957782e+00,6.330102980911807716e+07
1.577130199228214224e+04,4.000000000000000000e+00,1.000000000000000000e+00,1.288836619201547906e+00,2.937378641181220118e+01,3.904677888898424804e+07
1.649192450223844935e+04,3.000000000000000000e+00,1.000000000000000000e+00,8.097338147646044870e-01,2.315606682460034449e+01,2.847706588473010436e+07
1.259536135428433590e+04,3.000000000000000000e+00,3.000000000000000000e+00,9.076881459326181512e-01,3.233507441078363343e+01,3.418293075220656395e+07
1.407909466983561106e+04,2.000000000000000000e+00,1.000000000000000000e+00,8.167630020164785565e-01,3.295055658456028880e+01,2.384808138028139621e+07
1.991691228705221147e+04,1.000000000000000000e+00,2.000000000000000000e+00,1.197059236409316441e+00,2.447466217806509903e+01,5.860753102924249321e+07
1.448677477767343771e+04,7.000000000000000000e+00,3.000000000000000000e+00,1.030539689876736054e+00,1.646532601695336950e+01,4.495823094233734161e+07
1.320040582052102036e+04,1.000000000000000000e+00,1.000000000000000000e+00,1.233723459734036521e+00,7.756932898767223250e+00,3.433850861263943464e+07
1.339003981375969852e+04,5.000000000000000000e+00,2.000000000000000000e+00,1.129078238156228098e+00,2.965262180151474425e+01,3.849867552877531946e+07
1.254262223382693628e+04,6.000000000000000000e+00,1.000000000000000000e+00,1.345567848219618057e+00,9.376367265181684729e+00,4.061901749643538892e+07
1.771180473840624836e+04,4.000000000000000000e+00,2.000000000000000000e+00,9.578502534809585356e-01,1.108242105921560672e+01,4.478398323950427026e+07
1.246283198074502616e+04,8.000000000000000000e+00,2.000000000000000000e+00,1.363237899936475817e+00,8.844233127545582107e+00,5.027015813047027588e+07
1.629092955171164795e+04,1.000000000000000000e+00,1.000000000000000000e+00,1.168861027608221415e+00,6.678617594603746710e+00,3.598923925156756490e+07
1.659189703708034358e+04,5.000000000000000000e+00,2.000000000000000000e+00,9.038529341068506362e-01,7.469808497106331657e+00,3.882792678185247630e+07
1.709147996675027025e+04,1.000000000000000000e+00,2.000000000000000000e+00,1.272717272740507610e+00,8.969629386078134203e+00,5.245833620715256035e+07
1.827628190426762740e+04,2.000000000000000000e+00,2.000000000000000000e+00,1.331458589444657115e+00,1.967276777629454898e+01,6.038938337791382521e+07
1.372426768769266710e+04,7.000000000000000000e+00,2.000000000000000000e+00,1.369393133293622444e+00,3.308312656500817184e+01,5.383705939686118811e+07
1.460720898839209258e+04,5.000000000000000000e+00,3.000000000000000000e+00,8.988957945721375298e-01,1.263342837272965724e+01,4.274772551860228926e+07
1.746989511533372570e+04,8.000000000000000000e+00,2.000000000000000000e+00,8.955012866717361186e-01,6.007159466682072235e+00,4.477626342221204191e+07
1.676151602143159471e+04,7.000000000000000000e+00,3.000000000000000000e+00,1.390605003394090877e+00,2.939831892237122446e+01,8.189537141672191024e+07
1.447866882452132995e+04,5.000000000000000000e+00,1.000000000000000000e+00,1.308306029134471693e+00,1.016294686968860006e+01,4.106150952873539180e+07
1.288621040070472736e+04,8.000000000000000000e+00,3.000000000000000000e+00,9.751949474149906871e-01,2.552704187287678650e+01,3.975103656243444979e+07
1.990570091656748627e+04,5.000000000000000000e+00,1.000000000000000000e+00,8.330485855444297316e-01,1.614404302763947641e+01,3.675194069692096114e+07
1.319248453084342327e+04,1.000000000000000000e+00,2.000000000000000000e+00,1.169618859564286906e+00,1.308203786174644634e+01,3.446337946790955216e+07
1.359634303594298217e+04,5.000000000000000000e+00,1.000000000000000000e+00,1.394436538374715262e+00,2.688735613343007103e+01,4.282628557758539170e+07
1.676292600826887065e+04,4.000000000000000000e+00,3.000000000000000000e+00,1.226851340581959438e+00,3.319515275989442671e+01,6.071506359321391582e+07
1.523176748378566663e+04,2.000000000000000000e+00,1.000000000000000000e+00,1.059445311706988413e+00,1.496304033146465962e+01,3.246216079373239726e+07
1.729946439407212165e+04,1.000000000000000000e+00,1.000000000000000000e+00,8.148356326144382544e-01,1.472455136646002671e+01,2.724429690881926194e+07
1.976280173631076104e+04,8.000000000000000000e+00,3.000000000000000000e+00,1.155698261525946791e+00,2.968651806249556557e+01,7.807423920209343731e+07
1.278425014257292969e+04,4.000000000000000000e+00,3.000000000000000000e+00,1.061936615347056190e+00,3.057600843817281344e+01,4.339717429922513664e+07
1.662505197850720288e+04,2.000000000000000000e+00,3.000000000000000000e+00,1.104521669676874929e+00,2.952677218860799968e+01,5.525354671971035749e+07
1.769517957890895923e+04,5.000000000000000000e+00,1.000000000000000000e+00,8.997651477642326645e-01,8.359417951966982230e+00,3.748569699033860117e+07
1.754368368108829600e+04,3.000000000000000000e+00,1.000000000000000000e+00,1.353561680682792367e+00,1.895009016369443344e+01,5.009832015532525629e+07
1.463403137054171020e+04,7.000000000000000000e+00,3.000000000000000000e+00,1.373770235014549090e+00,8.411242968381294816e+00,6.746298737357014418e+07
1.249880129700709040e+04,8.000000000000000000e+00,3.000000000000000000e+00,1.326873183364991382e+00,9.163532170635967589e+00,5.675512187034518272e+07
1.332526878622452386e+04,2.000000000000000000e+00,1.000000000000000000e+00,1.346150456204067369e+00,7.297427008660783976e+00,3.338652848909599334e+07
1.778515807458978452e+04,4.000000000000000000e+00,2.000000000000000000e+00,9.353305570925251056e-01,2.588069811534185050e+01,4.101143321208797395e+07
1.738751244552270873e+04,5.000000000000000000e+00,1.000000000000000000e+00,1.263455355345239006e+00,1.431316453387243115e+01,4.556309572450116277e+07
1.857702021482175041e+04,5.000000000000000000e+00,3.000000000000000000e+00,1.182837826813606608e+00,2.323198756546003452e+01,6.600765063112003356e+07
1.336837551994179557e+04,4.000000000000000000e+00,2.000000000000000000e+00,1.280351763880112514e+00,3.152279132346027879e+01,4.732057254073677957e+07
1.670153215821986669e+04,8.000000000000000000e+00,1.000000000000000000e+00,8.328852792078985656e-01,2.566138509539868551e+01,3.170247740448360890e+07
1.824087161320845189e+04,7.000000000000000000e+00,1.000000000000000000e+00,1.331594835967079282e+00,3.586100794000275016e+01,5.616624518700692058e+07
1.691447724528030813e+04,7.000000000000000000e+00,2.000000000000000000e+00,1.240730375001398489e+00,1.794741364803661554e+01,5.806970424116656929e+07
1.764546002155519818e+04,8.000000000000000000e+00,2.000000000000000000e+00,1.251571170711814673e+00,3.306319721349512974e+01,6.536120324172670394e+07
1.213184259983578522e+04,2.000000000000000000e+00,3.000000000000000000e+00,1.058191108851273654e+00,9.693226398228910412e+00,3.958695187027256936e+07
1.339750983937030469e+04,3.000000000000000000e+00,1.000000000000000000e+00,1.133381402923751669e+00,1.364669267926734264e+01,3.202955992006746307e+07
1.881150794579380818e+04,8.000000000000000000e+00,2.000000000000000000e+00,1.105590721839283974e+00,1.183170263596212735e+01,5.472351070028108358e+07
1.870101040126050793e+04,3.000000000000000000e+00,1.000000000000000000e+00,1.144906732487573908e+00,3.288414242606779681e+01,4.294537303236973286e+07
1.643801342888843283e+04,7.000000000000000000e+00,2.000000000000000000e+00,1.399279344355078392e+00,3.088764625372614958e+01,6.709887284847302735e+07
1.418522207460950085e+04,3.000000000000000000e+00,3.000000000000000000e+00,9.156414234841850908e-01,3.136531995127671379e+01,3.912479982692521811e+07
1.946133763834323327e+04,6.000000000000000000e+00,1.000000000000000000e+00,1.301394988457310387e+00,1.919983321606098059e+01,5.649063062148580700e+07
1.722090337368141991e+04,3.000000000000000000e+00,1.000000000000000000e+00,1.254548445745524488e+00,3.137382259747156610e+01,4.470434221248462051e+07
1.441560099604262905e+04,5.000000000000000000e+00,1.000000000000000000e+00,8.294987587961685227e-01,8.463533192886853129e+00,2.713604699667941406e+07
1.874510328052497425e+04,3.000000000000000000e+00,1.000000000000000000e+00,1.156870284367621959e+00,6.164767572596491441e+00,4.830062658488813788e+07
1.436134225654589864e+04,1.000000000000000000e+00,2.000000000000000000e+00,9.114283278045354209e-01,2.688779721759330243e+01,3.098074636573704332e+07
1.295233396564358554e+04,3.000000000000000000e+00,2.000000000000000000e+00,1.018277418332898421e+00,2.621750353367339770e+01,3.418606341954771429e+07
1.729928879764418161e+04,6.000000000000000000e+00,1.000000000000000000e+00,8.706268946279276388e-01,2.131111777706347254e+01,3.498890717386174202e+07
1.723920308318658499e+04,3.000000000000000000e+00,2.000000000000000000e+00,9.085271594218289337e-01,3.547794987343331030e+01,4.250510294741022587e+07
1.812550865456645261e+04,2.000000000000000000e+00,1.000000000000000000e+00,9.663899701138707332e-01,8.178062768406935135e+00,3.599971682766880840e+07
1.851222226284790668e+04,7.000000000000000000e+00,1.000000000000000000e+00,9.383097903912415161e-01,1.113983533998240816e+01,3.730000496012455225e+07
1.680383425520799938e+04,5.000000000000000000e+00,3.000000000000000000e+00,1.033046070775006431e+00,6.937354752930011692e+00,5.184498178454906493e+07
1.296595932071251991e+04,3.000000000000000000e+00,3.000000000000000000e+00,1.216543178408297177e+00,2.826970521045715401e+01,4.963690085480524600e+07
1.954063512956924751e+04,6.000000000000000000e+00,2.000000000000000000e+00,9.188561013409558553e-01,1.875329953554487616e+01,4.678865029383303970e+07
1.514508753816202261e+04,2.000000000000000000e+00,1.000000000000000000e+00,1.062593543814067676e+00,1.912392999080882561e+01,3.256829433513712510e+07
1.986662145181230153e+04,1.000000000000000000e+00,2.000000000000000000e+00,1.007325476408016840e+00,2.233062333614867256e+01,5.060972331223985553e+07
1.528577886596217286e+04,2.000000000000000000e+00,1.000000000000000000e+00,1.306350895636781750e+00,1.935723814459552017e+01,4.128320196545785666e+07
1.382202049484242707e+04,8.000000000000000000e+00,3.000000000000000000e+00,1.191861141706478611e+00,3.408180536998415988e+01,5.831194452920022607e+07
1.203552172339127355e+04,2.000000000000000000e+00,2.000000000000000000e+00,1.029200691015073943e+00,9.454479868800058640e+00,3.123488946464799717e+07
1.984482998910811148e+04,2.000000000000000000e+00,1.000000000000000000e+00,1.116033547638142887e+00,1.821906113667785121e+01,4.375547192653626949e+07
1.437226129450142798e+04,7.000000000000000000e+00,1.000000000000000000e+00,1.331583012386955422e+00,1.357459585060188800e+01,4.556916617901284993e+07
1.995483637354944949e+04,4.000000000000000000e+00,2.000000000000000000e+00,8.408962584261467921e-01,2.019345326691082931e+01,4.234367221803965420e+07
1.220345271782442433e+04,2.000000000000000000e+00,1.000000000000000000e+00,8.113453864035531371e-01,1.189524470698797387e+01,2.068971856464708224e+07
1.460172835056934127e+04,2.000000000000000000e+00,3.000000000000000000e+00,1.145305968905888871e+00,1.685489745414642471e+01,4.940162595031135529e+07
1.736652093770120337e+04,6.000000000000000000e+00,1.000000000000000000e+00,9.780690732674385268e-01,1.832785886329032365e+01,3.632623424318993837e+07
1.636568954400610346e+04,7.000000000000000000e+00,3.000000000000000000e+00,1.227960927712882677e+00,2.682322242703817849e+01,6.934880068257273734e+07
1.324334381218221097e+04,4.000000000000000000e+00,2.000000000000000000e+00,1.047664206484766547e+00,1.288332126656430532e+01,3.737954921911425143e+07
1.542230722656427133e+04,3.000000000000000000e+00,1.000000000000000000e+00,1.140549801348923697e+00,2.302291627174802358e+01,3.823500389976698160e+07
1.507194866454086150e+04,1.000000000000000000e+00,1.000000000000000000e+00,1.103459815076373252e+00,9.939714576000833191e+00,3.028891248974446207e+07
1.234422972725278305e+04,3.000000000000000000e+00,2.000000000000000000e+00,1.064906581093195248e+00,2.704614660925745184e+01,3.354899471962231398e+07
1.614682966234494234e+04,5.000000000000000000e+00,2.000000000000000000e+00,8.311637129433072646e-01,2.494054387279933849e+01,3.676234374012458324e+07
1.223137437589864749e+04,1.000000000000000000e+00,2.000000000000000000e+00,1.330127699070046354e+00,1.710255370364558658e+01,3.767528683697201312e+07
1.295887581602876344e+04,4.000000000000000000e+00,3.000000000000000000e+00,1.377613994740297887e+00,3.181203185263243682e+01,5.482152450659098476e+07
1.501596048729473114e+04,4.000000000000000000e+00,3.000000000000000000e+00,1.215661581114064083e+00,8.801856463417344401e+00,5.736298489679311961e+07
1.379633181628735656e+04,6.000000000000000000e+00,2.000000000000000000e+00,1.383301070604423089e+00,6.173503670687744638e+00,5.494521608580580354e+07
1.857883563211632645e+04,8.000000000000000000e+00,3.000000000000000000e+00,1.272800414173334449e+00,2.680065995777012233e+01,7.401429079553493857e+07
1.402894120468689653e+04,4.000000000000000000e+00,1.000000000000000000e+00,1.067237954497713748e+00,1.903787697020719349e+01,2.996171924753252417e+07
1.990819676441411139e+04,6.000000000000000000e+00,2.000000000000000000e+00,1.080420920364711712e+00,2.990025656412398192e+01,5.901472216557649523e+07
1.893531392225662785e+04,8.000000000000000000e+00,1.000000000000000000e+00,1.229193161525930611e+00,2.519346238147067041e+01,5.761512976117319614e+07
1.490160978726871872e+04,7.000000000000000000e+00,3.000000000000000000e+00,1.095229417201401878e+00,3.009668541320489155e+01,5.277475728496830910e+07
1.987907386936153125e+04,8.000000000000000000e+00,2.000000000000000000e+00,8.303192352682791100e-01,1.179586455233678954e+01,4.790530049508419633e+07
1.759961484667769037e+04,5.000000000000000000e+00,3.000000000000000000e+00,1.029591276744739936e+00,1.487277279433713062e+01,5.650310379286184162e+07
1.207631189386594087e+04,6.000000000000000000e+00,1.000000000000000000e+00,1.112146299180329478e+00,1.760463384558899946e+01,2.853396887192947045e+07
1.858731226466907901e+04,7.000000000000000000e+00,2.000000000000000000e+00,1.184882863049086188e+00,3.500168990401492408e+01,6.154636569528917968e+07
1.858528887994772595e+04,5.000000000000000000e+00,3.000000000000000000e+00,1.350452657079549645e+00,3.088583467778034830e+01,8.213587556368902326e+07
1.899980192511522910e+04,5.000000000000000000e+00,3.000000000000000000e+00,1.188179383825705537e+00,1.832798824762875967e+01,7.330202197110694647e+07
1.950165913128051034e+04,3.000000000000000000e+00,3.000000000000000000e+00,1.349833064830220142e+00,2.666700927293251766e+01,8.575441128397786617e+07
1.401975892261822628e+04,4.000000000000000000e+00,1.000000000000000000e+00,1.368467207998568469e+00,2.323179604271850351e+01,3.838106672567490488e+07
1.335385508464167469e+04,7.000000000000000000e+00,1.000000000000000000e+00,1.138223449322098624e+00,2.355333192497659667e+01,3.529092642514314502e+07
1.463897825011697023e+04,7.000000000000000000e+00,1.000000000000000000e+00,1.036640517117024540e+00,7.717290570607049816e+00,3.664732422553098202e+07
1.609850764154010903e+04,2.000000000000000000e+00,3.000000000000000000e+00,1.352627896580889999e+00,3.362898393021963273e+01,6.845926947740924358e+07
1.890588523229572820e+04,6.000000000000000000e+00,3.000000000000000000e+00,8.223180747349770892e-01,2.429391620276788544e+01,5.108049016020615399e+07
1.284937921272720268e+04,2.000000000000000000e+00,2.000000000000000000e+00,9.108610943474870769e-01,2.786393325308345936e+01,2.902033338491426781e+07
1.951609069341800205e+04,6.000000000000000000e+00,3.000000000000000000e+00,9.494687875052179038e-01,3.560754789622443894e+01,5.384104236664136499e+07
1.345779260957365659e+04,3.000000000000000000e+00,1.000000000000000000e+00,1.200536089473812407e+00,8.746019319124593849e+00,3.313335135993672907e+07
1.792933135287859113e+04,1.000000000000000000e+00,3.000000000000000000e+00,1.392681359341434444e+00,2.418514736043118063e+01,6.878145324779033661e+07
1.998103001659715301e+04,2.000000000000000000e+00,1.000000000000000000e+00,8.847253138568537123e-01,2.904920350480517044e+01,3.756563820821060240e+07
1.914102547836965823e+04,3.000000000000000000e+00,3.000000000000000000e+00,1.035409768420074261e+00,2.820160770144754991e+01,6.033778970256046951e+07
1.987454914767467562e+04,4.000000000000000000e+00,1.000000000000000000e+00,1.306828919312530202e+00,3.312916902077854786e+01,5.706384932925820351e+07
1.634061799276669262e+04,3.000000000000000000e+00,1.000000000000000000e+00,9.209100589153167427e-01,3.366869752028465257e+01,3.445539779331997782e+07
1.577295007558839461e+04,1.000000000000000000e+00,3.000000000000000000e+00,1.217991659168866647e+00,2.408820744505656819e+01,5.568591909176034480e+07
1.956802464454395522e+04,6.000000000000000000e+00,1.000000000000000000e+00,9.921269808898981468e-01,3.336215286421300874e+01,3.982010470942614973e+07
1.835128004930758107e+04,5.000000000000000000e+00,2.000000000000000000e+00,9.631284071826274884e-01,3.365697717399578437e+01,4.749559358887176216e+07
1.440595463706773808e+04,1.000000000000000000e+00,1.000000000000000000e+00,1.183715608986142698e+00,6.100529068676328492e+00,3.266084430053959787e+07
1.477527182265248848e+04,7.000000000000000000e+00,1.000000000000000000e+00,1.138518156887239563e+00,1.352324361973746392e+01,3.804338678996840864e+07
1.841364881455343129e+04,7.000000000000000000e+00,2.000000000000000000e+00,1.263864259247280408e+00,2.459023028781703246e+01,6.298742159327308834e+07
1.778973676973159309e+04,2.000000000000000000e+00,2.000000000000000000e+00,9.151759787108008082e-01,1.520017219531672836e+01,3.948526948969579488e+07
1.228550358748004692e+04,1.000000000000000000e+00,3.000000000000000000e+00,9.901741682338320860e-01,1.267611325750519491e+01,3.491082932994439453e+07
1.870208089346497945e+04,3.000000000000000000e+00,1.000000000000000000e+00,9.331167492361636118e-01,2.629861941923077850e+01,3.485946235614222288e+07
1.623032261886460401e+04,3.000000000000000000e+00,3.000000000000000000e+00,1.106701206768226697e+00,1.550394043091615082e+01,5.717302225782385468e+07
1.292278487521055831e+04,8.000000000000000000e+00,3.000000000000000000e+00,1.202875588837766241e+00,1.702030715539042660e+01,5.569964020730535686e+07
1.396084917258127643e+04,7.000000000000000000e+00,1.000000000000000000e+00,1.007116502950008874e+00,2.465224017615850016e+01,3.089019355628934130e+07
1.414881654654346312e+04,5.000000000000000000e+00,2.000000000000000000e+00,9.015984690306840799e-01,8.957768200005300940e+00,3.363179205528111756e+07
1.724472545628601802e+04,6.000000000000000000e+00,3.000000000000000000e+00,1.154174556581426980e+00,2.311467477659027736e+01,6.504764150900939852e+07
1.964029125139991811e+04,4.000000000000000000e+00,1.000000000000000000e+00,1.236883546055168370e+00,3.035795455097833795e+01,5.181327394121474028e+07
1.500145110287098942e+04,3.000000000000000000e+00,1.000000000000000000e+00,1.399433372865427128e+00,2.321663362681378473e+01,4.685291663338241726e+07
1.433410455338956490e+04,4.000000000000000000e+00,2.000000000000000000e+00,1.330049017727154892e+00,1.345039607364300238e+01,5.061090458878806233e+07
1.275053376688291974e+04,7.000000000000000000e+00,3.000000000000000000e+00,1.290175173687845511e+00,1.369716938124587458e+01,5.412685205297198147e+07
1.743522954649679741e+04,4.000000000000000000e+00,3.000000000000000000e+00,9.175539549175332210e-01,1.310004602955954134e+01,4.530941263127052784e+07
1.637173804008840671e+04,7.000000000000000000e+00,3.000000000000000000e+00,9.220788786202087639e-01,2.612836825315176270e+01,4.854703786444646865e+07
1.326324797438471614e+04,8.000000000000000000e+00,3.000000000000000000e+00,1.133580522935991208e+00,1.853093187679073495e+01,4.839344301319220662e+07
1.237269103526009167e+04,2.000000000000000000e+00,1.000000000000000000e+00,1.241458466766456548e+00,3.163942246477813569e+01,3.321870207050123066e+07
1.367132341062380874e+04,2.000000000000000000e+00,2.000000000000000000e+00,1.028972690335921536e+00,3.096283117284339426e+01,3.430966005548071861e+07
1.815905037584847742e+04,4.000000000000000000e+00,1.000000000000000000e+00,9.883053937958803381e-01,3.367422429803010431e+01,3.947944760861021280e+07
1.770074034319339262e+04,5.000000000000000000e+00,2.000000000000000000e+00,1.353194841924351355e+00,2.499383538330257437e+01,6.534514148593336344e+07
1.706374154894610547e+04,7.000000000000000000e+00,3.000000000000000000e+00,1.366384766984367172e+00,1.596906091191566546e+01,7.770502186192581058e+07
1.442626048554754743e+04,6.000000000000000000e+00,1.000000000000000000e+00,8.017580847693454027e-01,9.397277109980334941e+00,2.436096924780904502e+07
1.600928362291119629e+04,3.000000000000000000e+00,1.000000000000000000e+00,1.078862102725211880e+00,2.532728244372027504e+01,3.731718810329528153e+07
1.672523963692885445e+04,6.000000000000000000e+00,1.000000000000000000e+00,8.553791971790226656e-01,3.022057751461177943e+01,3.221415663548149914e+07
1.694480326076279744e+04,7.000000000000000000e+00,3.000000000000000000e+00,8.511421250777048142e-01,2.758773093323694070e+01,4.563084441969736665e+07
1.522662774659189199e+04,2.000000000000000000e+00,1.000000000000000000e+00,1.122096994312504092e+00,1.118435416988959119e+01,3.349455391909683496e+07
1.252893040966577973e+04,6.000000000000000000e+00,3.000000000000000000e+00,1.392392383857706140e+00,1.406537893380177096e+01,5.525194237177274376e+07
1.641303707177169053e+04,6.000000000000000000e+00,3.000000000000000000e+00,8.504919005263972265e-01,1.377853643994157729e+01,4.521886840991891921e+07
1.408513693346581749e+04,3.000000000000000000e+00,3.000000000000000000e+00,1.039773290060775235e+00,2.445721936282422959e+01,4.345039961855940521e+07
1.978478675506463696e+04,8.000000000000000000e+00,3.000000000000000000e+00,1.155717410252687927e+00,8.814771032555615449e+00,7.479128756597660482e+07
1.837190968160584816e+04,7.000000000000000000e+00,1.000000000000000000e+00,1.242626176615345468e+00,2.231984229477066961e+01,5.170032589603769034e+07
1.290262097048578653e+04,4.000000000000000000e+00,3.000000000000000000e+00,1.265644587505657892e+00,1.409517553696194625e+01,5.208665826036950946e+07
1.931518675203373277e+04,3.000000000000000000e+00,1.000000000000000000e+00,1.192483345842434650e+00,2.064334439737388749e+01,4.586388827821896970e+07
1.365526117699222959e+04,4.000000000000000000e+00,2.000000000000000000e+00,9.329602473761940962e-01,1.896503622911176734e+01,3.279649984351020306e+07
1.685729595246600365e+04,6.000000000000000000e+00,1.000000000000000000e+00,8.522710562292483694e-01,3.000342383117642342e+01,3.271104955364825577e+07
1.727816716322657885e+04,8.000000000000000000e+00,2.000000000000000000e+00,9.364740704608041089e-01,9.426179217918157605e+00,4.505643191179292649e+07
1.479298339552018297e+04,3.000000000000000000e+00,1.000000000000000000e+00,1.111429560230400515e+00,2.261937220898154166e+01,3.709381210973997414e+07
1.281441251577486764e+04,7.000000000000000000e+00,2.000000000000000000e+00,1.020891493094963076e+00,2.192808606755989942e+01,3.699184402429619431e+07
1.537580587923611529e+04,3.000000000000000000e+00,1.000000000000000000e+00,1.124395785794810143e+00,3.565694808679384664e+01,3.597434845069135725e+07
1.308538977675738533e+04,7.000000000000000000e+00,3.000000000000000000e+00,1.242434431606787459e+00,7.761706327963842966e+00,5.272285739389953762e+07
1.260395258110967916e+04,4.000000000000000000e+00,2.000000000000000000e+00,8.204640576098001237e-01,1.846436674494720975e+01,2.789437212172562629e+07
1.361291983205471661e+04,2.000000000000000000e+00,2.000000000000000000e+00,9.277072762406942674e-01,3.412162936512442712e+01,3.206579901565266401e+07
1.314787640323617597e+04,2.000000000000000000e+00,2.000000000000000000e+00,1.023509030704673251e+00,1.113439592022932878e+01,3.394733060423063487e+07
1.375791100018365978e+04,2.000000000000000000e+00,1.000000000000000000e+00,1.137739352342903132e+00,1.063553224698511812e+01,3.013239655885412917e+07
1.873833797037907789e+04,7.000000000000000000e+00,3.000000000000000000e+00,1.034808377863718709e+00,1.102424597681228491e+01,6.519080378948370367e+07
1.336689370525058803e+04,8.000000000000000000e+00,1.000000000000000000e+00,9.670386916146909151e-01,2.397057988161521891e+01,2.993798093769712374e+07
1.393031269879377578e+04,3.000000000000000000e+00,3.000000000000000000e+00,1.238811414977396108e+00,3.392280333264784531e+01,5.073822774565182626e+07
1.986861698097956105e+04,3.000000000000000000e+00,3.000000000000000000e+00,8.318589457168745760e-01,1.957629767307471624e+01,4.391045502144354582e+07
1.885801785856893184e+04,6.000000000000000000e+00,2.000000000000000000e+00,8.757236589710365449e-01,6.581446270506774887e+00,4.179707867238165438e+07
1.357635854889997427e+04,4.000000000000000000e+00,2.000000000000000000e+00,8.254221559404145703e-01,1.618374624408507856e+01,2.928558478919809312e+07
1.482752631665513036e+04,4.000000000000000000e+00,3.000000000000000000e+00,9.946157429922374282e-01,1.357045893356068689e+01,4.824606156895449758e+07
1.563084010353705708e+04,2.000000000000000000e+00,3.000000000000000000e+00,9.164633426926724891e-01,2.633373647625600356e+01,4.150577423999462277e+07
1.654604689522302215e+04,7.000000000000000000e+00,2.000000000000000000e+00,1.203047124890676001e+00,2.509110418564440081e+01,5.664359247895874083e+07
1.855564448267804255e+04,4.000000000000000000e+00,2.000000000000000000e+00,1.361486609083078170e+00,3.362065265988924523e+01,6.518530310218697041e+07
1.476681422042896520e+04,3.000000000000000000e+00,2.000000000000000000e+00,1.074616376925021211e+00,2.876646725084130551e+01,4.168731356324490160e+07
1.696003524171666504e+04,4.000000000000000000e+00,3.000000000000000000e+00,1.355906725893450293e+00,3.209856723438719683e+01,6.776774161092734337e+07
1.878441863995923632e+04,4.000000000000000000e+00,3.000000000000000000e+00,8.028143682628592348e-01,1.835701101393872392e+01,4.337402375049535185e+07
1.493485624632599865e+04,1.000000000000000000e+00,3.000000000000000000e+00,1.380561976071462915e+00,2.999108337307680117e+01,5.600398807872934639e+07
1.552382242366345963e+04,5.000000000000000000e+00,3.000000000000000000e+00,1.264008404083171389e+00,3.325505940662807802e+01,6.142787991411594301e+07
1.366698069154902805e+04,5.000000000000000000e+00,3.000000000000000000e+00,1.134432926759471272e+00,2.829696709042754676e+01,4.516433700845596939e+07
1.307720353019423783e+04,7.000000000000000000e+00,3.000000000000000000e+00,8.147136871510894940e-01,2.586340130675170812e+01,3.347153545432829857e+07
1.390223758943641224e+04,8.000000000000000000e+00,3.000000000000000000e+00,1.264576384004556964e+00,8.397394284687770494e+00,6.376951601741208881e+07
1.726582287774786528e+04,8.000000000000000000e+00,1.000000000000000000e+00,1.021934334026560309e+00,2.375675051493807288e+01,4.245470347377011180e+07
1.400904419312106984e+04,4.000000000000000000e+00,1.000000000000000000e+00,9.508054174484101839e-01,2.235791321552461497e+01,2.819896324368124455e+07
1.733848323721589986e+04,5.000000000000000000e+00,2.000000000000000000e+00,1.274795770307901144e+00,3.393855042855130222e+01,5.733402055015120655e+07
1.368478460988267943e+04,5.000000000000000000e+00,1.000000000000000000e+00,8.591463421202979456e-01,3.038792099180320250e+01,2.625700779907185584e+07
1.839744668233377888e+04,5.000000000000000000e+00,3.000000000000000000e+00,1.273679578149755187e+00,1.465939540637813110e+01,7.616067904867739975e+07
1.734821673473094779e+04,6.000000000000000000e+00,1.000000000000000000e+00,8.130344051034177344e-01,8.674889466699658769e+00,3.029474087648095563e+07
1.899371026348476880e+04,5.000000000000000000e+00,3.000000000000000000e+00,1.343709643531515230e+00,1.462662176692966831e+01,7.419996494333183765e+07
1.768514105993765770e+04,2.000000000000000000e+00,1.000000000000000000e+00,1.381488484414460149e+00,3.344222614079691880e+01,4.908535765924423188e+07
1.954207448415227555e+04,3.000000000000000000e+00,3.000000000000000000e+00,1.303860587200770027e+00,1.331431705057454096e+01,7.717955614208486676e+07
1.855016372376634536e+04,1.000000000000000000e+00,1.000000000000000000e+00,1.261128827248918061e+00,3.547446021520607928e+01,4.624602429322838783e+07
1.451147156778503268e+04,4.000000000000000000e+00,3.000000000000000000e+00,1.111512761458380405e+00,2.518918260593384062e+01,5.208562301406764984e+07
1.501112605394542879e+04,7.000000000000000000e+00,2.000000000000000000e+00,8.645893779620904551e-01,1.779445909586103625e+01,3.749785397978565097e+07
1.815789174908107452e+04,3.000000000000000000e+00,2.000000000000000000e+00,1.083818109550424680e+00,1.790743109732866500e+01,5.229888439835179597e+07
1.609354831899729288e+04,6.000000000000000000e+00,2.000000000000000000e+00,1.195390781345734954e+00,1.656106109962394157e+01,5.361782268302836269e+07
1.976986533159878309e+04,7.000000000000000000e+00,1.000000000000000000e+00,1.042372502319473426e+00,2.655257207410281239e+01,4.721685830622537434e+07
1.527533859128913355e+04,6.000000000000000000e+00,3.000000000000000000e+00,1.151630984039900607e+00,3.058644319797289413e+01,5.812463987783619761e+07
1.425212551929647270e+04,4.000000000000000000e+00,3.000000000000000000e+00,1.271029492536244643e+00,1.529840063736356015e+01,5.320391387482685596e+07
1.789216101623114082e+04,8.000000000000000000e+00,2.000000000000000000e+00,1.180928577678672653e+00,2.603873127880767058e+01,5.997863632314740866e+07
1.874702610042878587e+04,8.000000000000000000e+00,3.000000000000000000e+00,1.366725616114175423e+00,2.239028882959895483e+01,8.231653220293939114e+07
1.284026265180654264e+04,7.000000000000000000e+00,2.000000000000000000e+00,1.066852607222752880e+00,2.335066438187248394e+01,3.674898911194153130e+07
1.344273670722022871e+04,5.000000000000000000e+00,1.000000000000000000e+00,1.014213024213907799e+00,3.049156782466446458e+01,3.094330555610846356e+07
1.363631984998748885e+04,3.000000000000000000e+00,3.000000000000000000e+00,1.351397597809907092e+00,1.330496464475302432e+01,5.445158675463369489e+07
1.432638330128180860e+04,4.000000000000000000e+00,2.000000000000000000e+00,1.109930250874014979e+00,3.501902995841805932e+01,4.146834764562554657e+07
1.757723536579087886e+04,2.000000000000000000e+00,1.000000000000000000e+00,1.202837396803747128e+00,3.465314721519721530e+01,4.407414751394709945e+07
1.746744543673083535e+04,3.000000000000000000e+00,3.000000000000000000e+00,1.163962762969343867e+00,1.322467377027781765e+01,5.813916255865816772e+07
1.384644576494187277e+04,5.000000000000000000e+00,3.000000000000000000e+00,1.318141404489666213e+00,1.398198424177899213e+01,5.758366434495417774e+07
1.779724743193297763e+04,8.000000000000000000e+00,3.000000000000000000e+00,1.169222110479844368e+00,1.885519378261379231e+01,7.106065322155378759e+07
1.991863669665080670e+04,1.000000000000000000e+00,2.000000000000000000e+00,1.121759174901017841e+00,2.854436147081738184e+01,5.946524558647666126e+07
1.383172877697769763e+04,1.000000000000000000e+00,1.000000000000000000e+00,8.262272832490499264e-01,2.143167510933329822e+01,2.150506272297083586e+07
1.901300892920653496e+04,2.000000000000000000e+00,2.000000000000000000e+00,1.175697607768283914e+00,1.540004212148419782e+01,4.987873697785254568e+07
1.340175956094040521e+04,1.000000000000000000e+00,1.000000000000000000e+00,9.764285091022897323e-01,1.976581467860439290e+01,2.673674439947734401e+07
1.896050177709505442e+04,1.000000000000000000e+00,2.000000000000000000e+00,8.814683553736523125e-01,1.401086819983075138e+01,4.195881505815266073e+07
1.883960675940756482e+04,8.000000000000000000e+00,2.000000000000000000e+00,8.858237286692274282e-01,2.646145598058058113e+01,4.585940763797885180e+07
1.910893023791047744e+04,6.000000000000000000e+00,3.000000000000000000e+00,1.261695257580901952e+00,1.893481841060430071e+01,8.013638563822391629e+07
1.500804555542835624e+04,6.000000000000000000e+00,2.000000000000000000e+00,8.505320034384350469e-01,3.574094030995584603e+01,3.540827352859633416e+07
1.256686492945929785e+04,8.000000000000000000e+00,1.000000000000000000e+00,1.237657989111919710e+00,1.296405863012902415e+01,3.402917101538730413e+07
1.621436457761886413e+04,4.000000000000000000e+00,1.000000000000000000e+00,1.268659345619506551e+00,3.307127204757561856e+01,4.531036409766548872e+07
1.907365278840649989e+04,2.000000000000000000e+00,2.000000000000000000e+00,1.374606169253858479e+00,1.702003903384336780e+01,6.639119361571715027e+07
1.496383037165121277e+04,6.000000000000000000e+00,3.000000000000000000e+00,1.114807083633452267e+00,1.723359453652242834e+01,5.294665047857052833e+07
1.250374093176093629e+04,6.000000000000000000e+00,1.000000000000000000e+00,1.077925685714252735e+00,1.846383367892178740e+01,2.997128560549302027e+07
1.335752425104960093e+04,1.000000000000000000e+00,3.000000000000000000e+00,8.874640390213424102e-01,2.344007110422525386e+01,3.552475508609771729e+07
1.894192461846417427e+04,3.000000000000000000e+00,1.000000000000000000e+00,1.081576586393781403e+00,1.682376426296785965e+01,4.442032094988960028e+07
1.766518531128073300e+04,7.000000000000000000e+00,2.000000000000000000e+00,1.367886700329622229e+00,1.042661487957873234e+01,6.443490444834914058e+07
1.489884224308193370e+04,2.000000000000000000e+00,2.000000000000000000e+00,1.373514973228023628e+00,2.759909937489267762e+01,5.214947298232758045e+07
1.463108704860119542e+04,6.000000000000000000e+00,3.000000000000000000e+00,1.044629400723209756e+00,7.832047903124395027e+00,4.928456361578668654e+07
1.271017006363595829e+04,3.000000000000000000e+00,1.000000000000000000e+00,1.060051830091473857e+00,2.230766599181029619e+01,2.761204712917972356e+07
1.480652836325778844e+04,3.000000000000000000e+00,1.000000000000000000e+00,9.987679347796025731e-01,2.386644738150028289e+01,3.105268543761512265e+07
1.405179853381327302e+04,1.000000000000000000e+00,1.000000000000000000e+00,9.396574119484708554e-01,1.373407317075354328e+01,2.609849159339949116e+07
1.687453057218832691e+04,1.000000000000000000e+00,3.000000000000000000e+00,1.313126547524536392e+00,1.519993946324407830e+01,6.644456840973509848e+07
1.298915538198770446e+04,7.000000000000000000e+00,1.000000000000000000e+00,1.098649036600034767e+00,3.593336379733217711e+01,3.291671173696539924e+07
1.579858354514612438e+04,8.000000000000000000e+00,1.000000000000000000e+00,1.268955111086095267e+00,2.270777168497636467e+01,4.690649476943083853e+07
1.511252049482309485e+04,5.000000000000000000e+00,1.000000000000000000e+00,1.026000366069516723e+00,1.713862423304379234e+01,3.194803367427618429e+07
1.604411234974998297e+04,4.000000000000000000e+00,3.000000000000000000e+00,1.035797754573178686e+00,2.743889141129798404e+01,5.012344863109230995e+07
1.232036185919956733e+04,5.000000000000000000e+00,3.000000000000000000e+00,8.209671691295263862e-01,8.613228640100974332e+00,3.103012845890367031e+07
1.748087295509501200e+04,7.000000000000000000e+00,2.000000000000000000e+00,1.082764529994673319e+00,2.516454878740186984e+01,4.957667551647213846e+07
1.712910523322674999e+04,7.000000000000000000e+00,3.000000000000000000e+00,1.070839089789886067e+00,3.411679319689434209e+01,6.128859010179995745e+07
1.333008043916692804e+04,8.000000000000000000e+00,3.000000000000000000e+00,1.359286087835228862e+00,2.596420824420906115e+01,6.303110235110766441e+07
1.466831275069191543e+04,3.000000000000000000e+00,1.000000000000000000e+00,1.204327506256269942e+00,6.087267368147938562e+00,3.658999820256766677e+07
1.814146947495187123e+04,5.000000000000000000e+00,2.000000000000000000e+00,1.006007303860660285e+00,1.392131262129747249e+01,4.795975513913017511e+07
1.666545270458223240e+04,7.000000000000000000e+00,1.000000000000000000e+00,1.323777956043560966e+00,2.085687897373621880e+01,5.025897240938831866e+07
1.975634542997994140e+04,4.000000000000000000e+00,1.000000000000000000e+00,9.526054570421865764e-01,1.411563584540006033e+01,3.784219645048390329e+07
1.492323260151142676e+04,6.000000000000000000e+00,3.000000000000000000e+00,9.196800352607986673e-01,1.822435076436500623e+01,4.138494341197600216e+07
1.477052952831674156e+04,2.000000000000000000e+00,2.000000000000000000e+00,1.344882388408251916e+00,2.426296469518075227e+01,4.778670104616934061e+07
1.704106645288228174e+04,5.000000000000000000e+00,2.000000000000000000e+00,1.249957709185982591e+00,8.871997383665950920e+00,5.619488982972265780e+07
1.874297347345757589e+04,4.000000000000000000e+00,1.000000000000000000e+00,8.794498544585421795e-01,2.497245798293136687e+01,3.346386730793832988e+07
1.532404531901062001e+04,4.000000000000000000e+00,2.000000000000000000e+00,1.125625127562893457e+00,2.539240987419371010e+01,4.453322609987568110e+07
1.507148405103972618e+04,8.000000000000000000e+00,3.000000000000000000e+00,1.197599981339806829e+00,3.562950719652827303e+01,6.075290439249445498e+07
1.614952471893660550e+04,5.000000000000000000e+00,1.000000000000000000e+00,8.359491559294287555e-01,3.437694138887671613e+01,3.016336772632241622e+07
1.938534761843785600e+04,8.000000000000000000e+00,3.000000000000000000e+00,9.257543314394520717e-01,2.420366970818128038e+01,6.031562986331773549e+07
1.231624767777085799e+04,6.000000000000000000e+00,2.000000000000000000e+00,1.294114114707117125e+00,2.590609074138536982e+01,4.463259864244585484e+07
1.812215933491049873e+04,1.000000000000000000e+00,1.000000000000000000e+00,9.586664025191828920e-01,2.165199621723177970e+01,3.370146623978347331e+07
1.486179106248820608e+04,1.000000000000000000e+00,3.000000000000000000e+00,1.006950793056572424e+00,1.648751394251428692e+01,4.401116302168533951e+07
1.257519974390995958e+04,3.000000000000000000e+00,3.000000000000000000e+00,1.384785855499500062e+00,2.934625364294419114e+01,5.106381055162267387e+07
1.272453619804896698e+04,2.000000000000000000e+00,3.000000000000000000e+00,1.248328798636532344e+00,6.539146520479686586e+00,4.895518965180991590e+07
1.412596119486378666e+04,4.000000000000000000e+00,1.000000000000000000e+00,8.198445683471868861e-01,3.196587767579823591e+01,2.592520540918032080e+07
1.969620384454498708e+04,7.000000000000000000e+00,2.000000000000000000e+00,8.527856552892368880e-01,3.541207971444800506e+01,4.955413011162690073e+07
1.911917248409728199e+04,6.000000000000000000e+00,3.000000000000000000e+00,1.387749866647686403e+00,1.164752109049452145e+01,8.718108002900691330e+07
1.567458417816322981e+04,6.000000000000000000e+00,1.000000000000000000e+00,1.118554473875501998e+00,1.449851829314760998e+01,3.810599580956716835e+07
1.233830268572109526e+04,4.000000000000000000e+00,1.000000000000000000e+00,1.172768581691149947e+00,2.344341491958589430e+01,3.207657244882283360e+07
1.786450494126819103e+04,8.000000000000000000e+00,2.000000000000000000e+00,8.126414931034310341e-01,3.059213294637415004e+01,4.143484688394111395e+07
1.537936155153465370e+04,5.000000000000000000e+00,1.000000000000000000e+00,1.294813811686521987e+00,9.455998732899363546e+00,3.979038438495285809e+07
1.687346410525923784e+04,8.000000000000000000e+00,2.000000000000000000e+00,1.335712601721395387e+00,2.484192097784812958e+01,6.345621031835006177e+07
1.850747113370598890e+04,3.000000000000000000e+00,3.000000000000000000e+00,1.366976420815069648e+00,3.038964222647929603e+01,7.972157483841724694e+07
1.271927002322169210e+04,1.000000000000000000e+00,2.000000000000000000e+00,1.246193082309545952e+00,6.729174772929118475e+00,3.736338011359684169e+07
1.264629098516272461e+04,2.000000000000000000e+00,2.000000000000000000e+00,1.166231442710878863e+00,1.473809891805865746e+01,3.481014081245636195e+07
1.470914125079367477e+04,1.000000000000000000e+00,3.000000000000000000e+00,1.040368761346414761e+00,1.401661364096897877e+01,4.595455427361530066e+07
1.860469594315364157e+04,1.000000000000000000e+00,2.000000000000000000e+00,1.160693403121978218e+00,3.407867699604705081e+01,5.210757374686939269e+07
1.846069933815345576e+04,5.000000000000000000e+00,3.000000000000000000e+00,8.883104281892200138e-01,1.113969972271896225e+01,5.039235505150379241e+07
1.971422794652408629e+04,3.000000000000000000e+00,1.000000000000000000e+00,1.370317147909809741e+00,1.900968631974977896e+01,5.373919393161696941e+07
1.375911340966945136e+04,5.000000000000000000e+00,3.000000000000000000e+00,1.323772862968449537e+00,2.769661284920927002e+01,6.092705419346061349e+07
1.935434932638107784e+04,7.000000000000000000e+00,2.000000000000000000e+00,8.776299482009830566e-01,3.168024166504256911e+01,4.685170634297563881e+07
1.777954007314097908e+04,3.000000000000000000e+00,3.000000000000000000e+00,1.014616965116632796e+00,9.679237176677048637e+00,5.858686167679928243e+07
1.619799900445707317e+04,8.000000000000000000e+00,2.000000000000000000e+00,1.096935230640728953e+00,2.245309515327915761e+01,4.877207176055797189e+07
1.958284963093646365e+04,6.000000000000000000e+00,2.000000000000000000e+00,1.041432273806699005e+00,2.140841780298895713e+01,6.069317123981551826e+07
1.774629259442576586e+04,8.000000000000000000e+00,2.000000000000000000e+00,8.698814037586160008e-01,3.505709995378472144e+01,4.465433611991515756e+07
1.659156838631791834e+04,5.000000000000000000e+00,2.000000000000000000e+00,8.559090766904170478e-01,2.772394916949033572e+01,3.810908678165943176e+07
1.843662251547324558e+04,2.000000000000000000e+00,3.000000000000000000e+00,1.243868511940641408e+00,2.598774157129290430e+01,6.960108709608562291e+07
1.404800700315736321e+04,2.000000000000000000e+00,2.000000000000000000e+00,8.165208805538677339e-01,2.579855369685779820e+01,3.066270630041117966e+07
1.766114033959507651e+04,4.000000000000000000e+00,1.000000000000000000e+00,9.347791234049871445e-01,3.053791615681103977e+01,3.410610947412941605e+07
1.996004339855229773e+04,2.000000000000000000e+00,1.000000000000000000e+00,1.142704391634074002e+00,3.228335869422353710e+01,4.381165550201920420e+07
1.648568654330952631e+04,7.000000000000000000e+00,3.000000000000000000e+00,1.044507117391458406e+00,2.206750816188335662e+01,5.817733161595563591e+07
1.437269629776368674e+04,7.000000000000000000e+00,2.000000000000000000e+00,1.292816766039672327e+00,7.647991383338337279e+00,5.134177988831665367e+07
1.716829636076558381e+04,1.000000000000000000e+00,1.000000000000000000e+00,8.067403707120281986e-01,9.784928281088166813e+00,2.813974874699031189e+07
1.893639846718589615e+04,8.000000000000000000e+00,3.000000000000000000e+00,9.635948742736709649e-01,3.516936541631284285e+01,6.048719627588226646e+07
1.902577416984671072e+04,3.000000000000000000e+00,3.000000000000000000e+00,1.346496101204555762e+00,2.921167859375606213e+01,7.896523641577635705e+07
1.917736816286965040e+04,6.000000000000000000e+00,1.000000000000000000e+00,1.095500330711688175e+00,2.186575833609442299e+01,4.296050302552941442e+07
1.566777463144718786e+04,8.000000000000000000e+00,3.000000000000000000e+00,8.902174550245065543e-01,7.935558412211420887e+00,4.663038792413233221e+07
1.998505734639568982e+04,3.000000000000000000e+00,3.000000000000000000e+00,1.283285034840857985e+00,3.445730491170447607e+01,7.585083737474438548e+07
1.705616919885174138e+04,4.000000000000000000e+00,3.000000000000000000e+00,1.156581307609023002e+00,1.350775072482392147e+01,6.598706352805580944e+07
1.731532347339098487e+04,1.000000000000000000e+00,1.000000000000000000e+00,1.385997954798382503e+00,7.216620968522894586e+00,4.779681784016405791e+07
1.365829413980452955e+04,1.000000000000000000e+00,3.000000000000000000e+00,8.341162122732617146e-01,1.517959008559227740e+01,3.354228038226561993e+07
1.273485050857921306e+04,5.000000000000000000e+00,2.000000000000000000e+00,9.281694794034525131e-01,3.328796406692807608e+01,3.237602331909525022e+07
1.618269957350997174e+04,2.000000000000000000e+00,2.000000000000000000e+00,1.265734782304644979e+00,9.284201065841504175e+00,5.161142837990108132e+07
1.335458401578661687e+04,5.000000000000000000e+00,3.000000000000000000e+00,8.924475691605927574e-01,7.049500712763002497e+00,3.845961745019764453e+07
1.809628554567836545e+04,2.000000000000000000e+00,3.000000000000000000e+00,8.601142128364192008e-01,9.977169184386038836e+00,4.684478953161738813e+07
1.311773132665029516e+04,6.000000000000000000e+00,3.000000000000000000e+00,1.336667254458774545e+00,3.545931899048704139e+01,5.412278622119034827e+07
1.459111163675599528e+04,1.000000000000000000e+00,2.000000000000000000e+00,1.228294984005678270e+00,3.196092190286299939e+01,4.278055492474238575e+07
1.387718758421881830e+04,5.000000000000000000e+00,1.000000000000000000e+00,1.266597708441655978e+00,1.975835646935931322e+01,3.703463723604354262e+07
1.754978623090946712e+04,5.000000000000000000e+00,1.000000000000000000e+00,9.912495005196311215e-01,3.320018715383994845e+01,3.905770156349945068e+07
1.693821294879188281e+04,8.000000000000000000e+00,1.000000000000000000e+00,1.342095012013925004e+00,1.236170757315031032e+01,5.696847255465015024e+07
1.575367164209234761e+04,1.000000000000000000e+00,1.000000000000000000e+00,9.346167698431930848e-01,2.488797781618859517e+01,2.980682369708229601e+07
1.426803867698134673e+04,2.000000000000000000e+00,3.000000000000000000e+00,8.586033775585864003e-01,2.928169638253152485e+01,3.452652574355638772e+07
1.443002603294414803e+04,1.000000000000000000e+00,3.000000000000000000e+00,8.651561201351015695e-01,1.736403490511730041e+01,3.466319861469247192e+07
1.831601025626595947e+04,6.000000000000000000e+00,3.000000000000000000e+00,9.221871962647055776e-01,7.296353517902915087e+00,5.656071943840512633e+07
1.679578224222496647e+04,1.000000000000000000e+00,1.000000000000000000e+00,1.098658689058040983e+00,3.292545113258188394e+01,3.765250175879302621e+07
1.438564782424157602e+04,2.000000000000000000e+00,2.000000000000000000e+00,1.049827391734059034e+00,2.844832496567627800e+01,3.599595540488607436e+07
1.478296432198989532e+04,3.000000000000000000e+00,2.000000000000000000e+00,1.025793997998416307e+00,2.428695430807051636e+01,4.085393019882103801e+07
1.350915742323003178e+04,1.000000000000000000e+00,1.000000000000000000e+00,9.186260515485948908e-01,2.712831159325179442e+01,2.431581320557436720e+07
1.434619732371204373e+04,3.000000000000000000e+00,3.000000000000000000e+00,1.129504807077397865e+00,2.504844596921310895e+01,4.849255459565731138e+07
1.430856541671455125e+04,8.000000000000000000e+00,2.000000000000000000e+00,8.237917696770523657e-01,7.978216027433930435e+00,3.295071981507049128e+07
1.619125467670522994e+04,5.000000000000000000e+00,1.000000000000000000e+00,1.111294541819879855e+00,2.853611430256182047e+01,3.604523390906122327e+07
1.842970338304346660e+04,2.000000000000000000e+00,3.000000000000000000e+00,8.568286993984517430e-01,1.436438908273350279e+01,4.904042462845622003e+07
1.963097909322102350e+04,7.000000000000000000e+00,1.000000000000000000e+00,1.010707539586495951e+00,3.495668497685939258e+01,4.463175927238037437e+07
1.816305223188704258e+04,1.000000000000000000e+00,2.000000000000000000e+00,1.042257876094257796e+00,3.154454138734118374e+01,4.698720159688074887e+07
1.560441645106888063e+04,5.000000000000000000e+00,2.000000000000000000e+00,1.247787876664859574e+00,3.294960112314003453e+01,4.938677573308410496e+07
1.313778921344326955e+04,7.000000000000000000e+00,3.000000000000000000e+00,8.101118430130752612e-01,1.037888967763288939e+01,3.658399850917522609e+07
1.839877779495641880e+04,1.000000000000000000e+00,3.000000000000000000e+00,1.231413056859397281e+00,1.732791072392269172e+01,7.162349712543438375e+07
1.227234975967018545e+04,2.000000000000000000e+00,2.000000000000000000e+00,1.359732503281497973e+00,2.280782713133503847e+01,3.778510942152129859e+07
1.216795489018734952e+04,7.000000000000000000e+00,2.000000000000000000e+00,1.363552196433718056e+00,3.092670857096737791e+01,4.319363416229844838e+07
1.476183622787119566e+04,6.000000000000000000e+00,2.000000000000000000e+00,9.919798198203226836e-01,1.598067613195997971e+01,3.990883406583022326e+07
1.712497809866502575e+04,8.000000000000000000e+00,3.000000000000000000e+00,1.315582447772600361e+00,3.013027296384562348e+01,7.317646860550124943e+07
1.701088233128031061e+04,5.000000000000000000e+00,3.000000000000000000e+00,1.337090411576037141e+00,3.176025948329609960e+01,7.620807668193054199e+07
1.674498583421386502e+04,7.000000000000000000e+00,2.000000000000000000e+00,1.207627014536889032e+00,2.943645110499750572e+01,5.277942398223300278e+07
1.392960712988748128e+04,3.000000000000000000e+00,2.000000000000000000e+00,8.300577810340419305e-01,2.982269170004882852e+01,3.140608496831578016e+07
1.782925601316562825e+04,4.000000000000000000e+00,3.000000000000000000e+00,9.842783496260585352e-01,1.946973612710468515e+01,5.579628229075894505e+07
1.360315756502239856e+04,1.000000000000000000e+00,2.000000000000000000e+00,8.163052004760581459e-01,3.379140434936681459e+01,2.610671189987875149e+07
1.624296844837201934e+04,6.000000000000000000e+00,2.000000000000000000e+00,1.051423451837829148e+00,1.092876915858944997e+01,4.549482848452576250e+07
1.878113534447946950e+04,8.000000000000000000e+00,1.000000000000000000e+00,8.646869837043984486e-01,1.392913647907927022e+01,3.756117302709507942e+07
1.452590605311751460e+04,1.000000000000000000e+00,3.000000000000000000e+00,1.060440600478942397e+00,1.711778325097220943e+01,4.708492969866202027e+07
1.523442602687457838e+04,1.000000000000000000e+00,3.000000000000000000e+00,1.214127343750994736e+00,8.072594271575390223e+00,5.519730244681543112e+07
1.536517098023452490e+04,1.000000000000000000e+00,3.000000000000000000e+00,8.733520683626800896e-01,2.614896587875237444e+01,3.876514210730128735e+07
1.897423331719477574e+04,6.000000000000000000e+00,1.000000000000000000e+00,9.591932950604413755e-01,2.064166676717870175e+01,4.060219695152173191e+07
1.314872387133245866e+04,2.000000000000000000e+00,1.000000000000000000e+00,8.962220606121004129e-01,3.311618982884580475e+01,2.403649923567124829e+07
1.291231876235428717e+04,4.000000000000000000e+00,3.000000000000000000e+00,1.075076509279605519e+00,2.684311626656994321e+01,4.457990237620020658e+07
1.461237791180038039e+04,8.000000000000000000e+00,1.000000000000000000e+00,1.112421243715782104e+00,2.056152660093702167e+01,4.083184557846791297e+07
1.708648897054814370e+04,6.000000000000000000e+00,1.000000000000000000e+00,8.422335039087753827e-01,3.320155572229099050e+01,3.217428427820624411e+07
1.944861943994727335e+04,5.000000000000000000e+00,2.000000000000000000e+00,1.007822538795899447e+00,9.982382917072884609e+00,4.990713695547064394e+07
1.458502903185738251e+04,5.000000000000000000e+00,1.000000000000000000e+00,1.350889011746397195e+00,2.230413422735640339e+01,4.184862062147154659e+07
1.585687376636847330e+04,4.000000000000000000e+00,2.000000000000000000e+00,1.215997567055020934e+00,3.301282287257075865e+01,5.124013844116945565e+07
1.562480598103341799e+04,7.000000000000000000e+00,1.000000000000000000e+00,1.348064493411263332e+00,1.684713566191879863e+01,4.577774226205060631e+07
1.603403110732117239e+04,2.000000000000000000e+00,1.000000000000000000e+00,1.322424177873465778e+00,3.045057640595680937e+01,4.205706356836829334e+07
1.374012318492731720e+04,1.000000000000000000e+00,2.000000000000000000e+00,1.317461828283466252e+00,1.351590407976955355e+01,4.817745681700454652e+07
1.310523690300314593e+04,4.000000000000000000e+00,3.000000000000000000e+00,9.357044229183180128e-01,3.306905490242010615e+01,3.666689177432847023e+07
1.473378625176016612e+04,3.000000000000000000e+00,1.000000000000000000e+00,1.152806190258075958e+00,8.920499456063138766e+00,3.698991996995075047e+07
1.320143536934917029e+04,8.000000000000000000e+00,3.000000000000000000e+00,1.233100239606127246e+00,1.115015751952364731e+01,5.466926277328289300e+07
1.493778084730931914e+04,1.000000000000000000e+00,2.000000000000000000e+00,8.191003383345237809e-01,1.436472718250336023e+01,2.999015869395460188e+07
1.571695908739391962e+04,3.000000000000000000e+00,1.000000000000000000e+00,1.089643294845731747e+00,1.891156884088440293e+01,3.627182857636214048e+07
1.442630168024750674e+04,3.000000000000000000e+00,1.000000000000000000e+00,8.290796537054567761e-01,3.582731838921114331e+01,2.597297671188435331e+07
1.217256697607618480e+04,3.000000000000000000e+00,2.000000000000000000e+00,8.076463135080492739e-01,2.400936672068361943e+01,2.525661106912850589e+07
1.329150441869216775e+04,8.000000000000000000e+00,1.000000000000000000e+00,1.045607354755546226e+00,2.805517436647647500e+01,3.210821958680595085e+07
1.517354416216149548e+04,4.000000000000000000e+00,2.000000000000000000e+00,1.278406348689923533e+00,1.258600212841374955e+01,5.086714047681453824e+07
1.339886290353617187e+04,8.000000000000000000e+00,3.000000000000000000e+00,9.620441123644760673e-01,2.418103446938003387e+01,4.400535013436708599e+07
1.487730627382599778e+04,1.000000000000000000e+00,1.000000000000000000e+00,1.036205415300771815e+00,2.267985282576251294e+01,2.952827335148236528e+07
1.303095568583784916e+04,4.000000000000000000e+00,1.000000000000000000e+00,9.291697235821514411e-01,3.104184901258857110e+01,2.680212662375730276e+07
1.677371594925828322e+04,6.000000000000000000e+00,3.000000000000000000e+00,9.107652123577996139e-01,3.235299139848805794e+01,4.897099285805373639e+07
1.705565141534940267e+04,4.000000000000000000e+00,1.000000000000000000e+00,1.025798245176258616e+00,9.771959638622460531e+00,3.604682048113428801e+07
1.990497442231848618e+04,8.000000000000000000e+00,1.000000000000000000e+00,1.296344991562508708e+00,2.886348203021925585e+01,5.719722915935390443e+07
1.531491329757236781e+04,8.000000000000000000e+00,3.000000000000000000e+00,9.108371201610097057e-01,9.785089068834334824e+00,4.320280508160120249e+07
1.766887584048330609e+04,4.000000000000000000e+00,1.000000000000000000e+00,1.084974652261154304e+00,7.491900537201354737e+00,3.586105580134224892e+07
1.212735438056122621e+04,3.000000000000000000e+00,2.000000000000000000e+00,1.105933153837595162e+00,2.324053567633533746e+01,3.196483016673777997e+07
1.817222041307381369e+04,3.000000000000000000e+00,2.000000000000000000e+00,8.401142797698615272e-01,1.882107168597822522e+01,3.944608681090022624e+07
1.417386548592011604e+04,3.000000000000000000e+00,2.000000000000000000e+00,1.278444441699713163e+00,2.400193955977520233e+01,4.676475869441416115e+07
1.890896425591001025e+04,3.000000000000000000e+00,1.000000000000000000e+00,1.002969200090935598e+00,3.314998066109677666e+01,4.086768562113902718e+07
1.237711236166998970e+04,7.000000000000000000e+00,3.000000000000000000e+00,1.370175822815357769e+00,1.731123147660572670e+01,5.265423572976798564e+07
1.229295588012577173e+04,3.000000000000000000e+00,2.000000000000000000e+00,1.145796623492128852e+00,8.744178727614155378e+00,3.610853653592506051e+07
1.592122653674213689e+04,5.000000000000000000e+00,1.000000000000000000e+00,1.012614194592255989e+00,3.263929723367769498e+01,3.631584793142838031e+07
1.252473513542130968e+04,3.000000000000000000e+00,1.000000000000000000e+00,1.261584650424838916e+00,3.444996751453413708e+01,3.137241922167812288e+07
1.931836982512516261e+04,1.000000000000000000e+00,2.000000000000000000e+00,8.072696210593843791e-01,2.382024590463370473e+01,3.727436272749085724e+07
1.809197956875774980e+04,3.000000000000000000e+00,2.000000000000000000e+00,9.935818133340417191e-01,7.034579350042658774e+00,4.702669676879290491e+07
1.247276789467627350e+04,4.000000000000000000e+00,1.000000000000000000e+00,1.142661237934432306e+00,1.589821208791557616e+01,2.867079569294414669e+07
1.666217027143916494e+04,8.000000000000000000e+00,3.000000000000000000e+00,1.082988933823419542e+00,1.125045457783145864e+01,5.966074772497346252e+07
1.925462565614347841e+04,1.000000000000000000e+00,1.000000000000000000e+00,9.085428745373781423e-01,3.550851902050617070e+01,3.309133697634104267e+07
1.968044381741476536e+04,6.000000000000000000e+00,3.000000000000000000e+00,1.282979862709096697e+00,1.669204162333418040e+01,7.649093274126937985e+07
1.974817134758868633e+04,5.000000000000000000e+00,3.000000000000000000e+00,1.149899595315962308e+00,3.488943527749434992e+01,7.024453421574324369e+07
1.648356215377093031e+04,7.000000000000000000e+00,1.000000000000000000e+00,1.085529813235529550e+00,2.686940357351326014e+01,3.659503823788075149e+07
1.270669526870804111e+04,1.000000000000000000e+00,2.000000000000000000e+00,8.624746030144389008e-01,1.418500781663364485e+01,2.574605441263849661e+07
1.520051617366461687e+04,2.000000000000000000e+00,3.000000000000000000e+00,1.215258863474739215e+00,1.692894887815706539e+01,5.189908924334061146e+07
1.205203494010733993e+04,4.000000000000000000e+00,2.000000000000000000e+00,9.411201534745229358e-01,2.308440311609679441e+01,3.077571405015221611e+07
1.544755237844292060e+04,8.000000000000000000e+00,2.000000000000000000e+00,8.116704393819915708e-01,1.673731279778123593e+01,3.607171567801899463e+07
1.862363105567009552e+04,1.000000000000000000e+00,3.000000000000000000e+00,8.443417418097102223e-01,3.437617871275583070e+01,4.044659936433054507e+07
1.853898090099514229e+04,7.000000000000000000e+00,3.000000000000000000e+00,9.262765260318504001e-01,1.147496934583866413e+01,5.804527977065794915e+07
1.211271160782793595e+04,1.000000000000000000e+00,1.000000000000000000e+00,1.239293308618197198e+00,2.624505851801389156e+01,3.097797753708116338e+07
1.710025563640077598e+04,7.000000000000000000e+00,1.000000000000000000e+00,1.265471150199614758e+00,1.673549774390154710e+01,4.568852016770847887e+07
1.266525331355554044e+04,6.000000000000000000e+00,2.000000000000000000e+00,1.332686883754936158e+00,1.874632263604908289e+01,4.653428292673321813e+07
1.890203621397333336e+04,2.000000000000000000e+00,2.000000000000000000e+00,1.040779594890063109e+00,1.039570735208893382e+01,4.570726238298716396e+07
1.982822937980151619e+04,2.000000000000000000e+00,1.000000000000000000e+00,1.249394469989030920e+00,1.614980157272378491e+01,5.237859438940750808e+07
1.320923047530715485e+04,5.000000000000000000e+00,2.000000000000000000e+00,8.895756418891940243e-01,8.106569639773978153e+00,3.164329987336184084e+07
1.879352344713849016e+04,2.000000000000000000e+00,2.000000000000000000e+00,1.089618020222637984e+00,1.655530309929374511e+01,5.050012077875205129e+07
1.801897432093717725e+04,6.000000000000000000e+00,1.000000000000000000e+00,9.161563795769327445e-01,1.115177483996367869e+01,3.611293009350986034e+07
1.279360009705190350e+04,1.000000000000000000e+00,1.000000000000000000e+00,1.042572548389422149e+00,1.085100637732409012e+01,2.496462555030266196e+07
1.713969541207254588e+04,4.000000000000000000e+00,2.000000000000000000e+00,8.548831110878427619e-01,2.334725963025690021e+01,3.686106528190730512e+07
1.317040562680709991e+04,7.000000000000000000e+00,2.000000000000000000e+00,1.066984768175371467e+00,8.899617260985019485e+00,3.895861196544253081e+07
1.402887346025906481e+04,6.000000000000000000e+00,2.000000000000000000e+00,1.150280147436793410e+00,3.549019008037294043e+01,4.103527893561194837e+07
1.946756929413733087e+04,5.000000000000000000e+00,1.000000000000000000e+00,1.367746349765500913e+00,1.170480174345280489e+01,5.547610444610191882e+07
1.911253554225266635e+04,7.000000000000000000e+00,3.000000000000000000e+00,1.116780412502186737e+00,3.301402499327566886e+01,7.197694384720610082e+07
1.898672919518945855e+04,7.000000000000000000e+00,2.000000000000000000e+00,1.083393163950725491e+00,1.067466468492928477e+01,5.564357748798374832e+07
1.846499787208825364e+04,6.000000000000000000e+00,3.000000000000000000e+00,1.240854214792285415e+00,3.554468666215774419e+01,7.155441183977447450e+07
1.573745374531668494e+04,2.000000000000000000e+00,2.000000000000000000e+00,1.019505336577906540e+00,2.115338912922366177e+01,3.870922941909905523e+07
1.874809962388782878e+04,4.000000000000000000e+00,1.000000000000000000e+00,1.175189947601247287e+00,1.087987437220875009e+01,4.694759807964294404e+07
1.551935219426773438e+04,1.000000000000000000e+00,1.000000000000000000e+00,1.370981523280949688e+00,3.005016187023322871e+01,4.177080362043545395e+07
1.779298002953343166e+04,6.000000000000000000e+00,3.000000000000000000e+00,1.034917374110283506e+00,1.282078378644846950e+01,6.163852074133363366e+07
1.959690910222505045e+04,6.000000000000000000e+00,3.000000000000000000e+00,1.194235215182712029e+00,2.420488674590487932e+01,7.910205855282522738e+07
1.527764061619313361e+04,6.000000000000000000e+00,1.000000000000000000e+00,1.328164901230471484e+00,1.607982366692833054e+01,4.268764873254954815e+07
1.739221748782283976e+04,6.000000000000000000e+00,2.000000000000000000e+00,8.210942121527767812e-01,2.622823516682847611e+01,3.826186198122495413e+07
1.857228318010358998e+04,5.000000000000000000e+00,1.000000000000000000e+00,1.019374273539831455e+00,1.915511136873826814e+01,3.987878185830201209e+07
1.467701857282298806e+04,4.000000000000000000e+00,3.000000000000000000e+00,1.026286439078188728e+00,1.775196050213751064e+01,4.524291903249096125e+07
1.834953601510462613e+04,7.000000000000000000e+00,2.000000000000000000e+00,1.250280488697978143e+00,2.450924541596051753e+01,6.510028903869996220e+07
1.826390675473929878e+04,1.000000000000000000e+00,2.000000000000000000e+00,9.244596010206029835e-01,3.459994758143589877e+01,3.993301671762072295e+07
1.814712365897172276e+04,8.000000000000000000e+00,1.000000000000000000e+00,9.132184255234675474e-01,2.317781727964093719e+01,3.528306236011560261e+07
1.470952412445026312e+04,7.000000000000000000e+00,1.000000000000000000e+00,1.345732740918977210e+00,3.136910581215875737e+01,4.334058053350704908e+07
1.477158084881777177e+04,6.000000000000000000e+00,3.000000000000000000e+00,8.532244831702717747e-01,2.150452251152120553e+01,4.467478783406774700e+07
1.795972250014491146e+04,6.000000000000000000e+00,1.000000000000000000e+00,1.326219821995426207e+00,3.220254328097064445e+01,5.531361032509405911e+07
1.792406273821969444e+04,1.000000000000000000e+00,1.000000000000000000e+00,1.280583558601124938e+00,3.501552926823300993e+01,4.225744424853201210e+07
1.401649936132978291e+04,5.000000000000000000e+00,3.000000000000000000e+00,9.241255400843406687e-01,2.032685214324084910e+01,4.429286567300587893e+07
1.661498958387930179e+04,2.000000000000000000e+00,2.000000000000000000e+00,1.146901714752485812e+00,2.099104308037608035e+01,4.952855036030860990e+07
1.459121638570991854e+04,3.000000000000000000e+00,1.000000000000000000e+00,1.306226189662805792e+00,1.532097238044723397e+01,3.821224909734329581e+07
1.673739939513556601e+04,5.000000000000000000e+00,1.000000000000000000e+00,8.762604488994022445e-01,2.404660762875794688e+01,3.164788287414738908e+07
1.742264662629602753e+04,5.000000000000000000e+00,2.000000000000000000e+00,8.563867189243357103e-01,1.556325708912406824e+01,4.290879485301173478e+07
1.660616766872761946e+04,2.000000000000000000e+00,3.000000000000000000e+00,1.274311077746214771e+00,3.376012625208646512e+01,6.222167685851047933e+07
1.384017433352741136e+04,5.000000000000000000e+00,3.000000000000000000e+00,8.423955716313190623e-01,3.255974567236481221e+01,3.764133309955798090e+07
1.372529335827344039e+04,7.000000000000000000e+00,2.000000000000000000e+00,8.476524885669028953e-01,3.538779166512836838e+01,3.300093672192562744e+07
1.460393725391071348e+04,7.000000000000000000e+00,3.000000000000000000e+00,9.504242354884219202e-01,2.498841582135537820e+01,4.654480368437711149e+07
1.425196293682838223e+04,1.000000000000000000e+00,1.000000000000000000e+00,1.363001912232495449e+00,1.811141434902037162e+01,3.524881020611643791e+07
1.537290696436796497e+04,4.000000000000000000e+00,3.000000000000000000e+00,1.015769418687515468e+00,1.491681782284213753e+01,4.971521183407725394e+07
1.695133737514900349e+04,5.000000000000000000e+00,2.000000000000000000e+00,8.681294249761158932e-01,2.419765547958287044e+01,4.022565677845207602e+07
1.890895762410503085e+04,6.000000000000000000e+00,2.000000000000000000e+00,1.255463456169535252e+00,1.836278541444180945e+01,6.124649283014582843e+07
1.661938477613512077e+04,2.000000000000000000e+00,1.000000000000000000e+00,1.330834770121986033e+00,7.421884986232107018e+00,4.502123613345131278e+07
1.259410080056877086e+04,1.000000000000000000e+00,3.000000000000000000e+00,9.946512876222386446e-01,1.331973356455874580e+01,3.868852757675065845e+07
1.886964524364280078e+04,7.000000000000000000e+00,1.000000000000000000e+00,1.102694691385281089e+00,9.631124477015585938e+00,4.504310714209616929e+07
1.479296678661049737e+04,7.000000000000000000e+00,2.000000000000000000e+00,9.572912915899337571e-01,3.529958725958557864e+01,3.971772631188467145e+07
1.961715022653502092e+04,5.000000000000000000e+00,2.000000000000000000e+00,1.250887036601028068e+00,1.433605279738612737e+01,6.640071295350202173e+07
1.696157690113514400e+04,2.000000000000000000e+00,3.000000000000000000e+00,1.156441290372530961e+00,3.564823575938206091e+01,5.885764953250501305e+07
1.237538446472144096e+04,6.000000000000000000e+00,1.000000000000000000e+00,1.364318468833600084e+00,1.071260437830726886e+01,3.359648776348269731e+07
1.261400463308040162e+04,7.000000000000000000e+00,2.000000000000000000e+00,1.392801317559840157e+00,1.127480961688095817e+01,5.054365430219979584e+07
1.700202427991460354e+04,8.000000000000000000e+00,3.000000000000000000e+00,1.298545312871860036e+00,1.599197806364176522e+01,7.997902316994556785e+07
1.355251031788439650e+04,5.000000000000000000e+00,3.000000000000000000e+00,1.302559873752618724e+00,1.367648655381757550e+01,5.296832178994300961e+07
1.873242368628719851e+04,1.000000000000000000e+00,2.000000000000000000e+00,1.137834735801886321e+00,3.333578943418638829e+01,5.320820375643642247e+07
1.656581705742097984e+04,8.000000000000000000e+00,1.000000000000000000e+00,1.198889618411199676e+00,1.615731776395395514e+01,4.791223025472867489e+07
1.390343269011331540e+04,1.000000000000000000e+00,3.000000000000000000e+00,1.382123277175694609e+00,9.493329924104857653e+00,5.689751076485588402e+07
1.632468329558014375e+04,7.000000000000000000e+00,3.000000000000000000e+00,1.299515739428216410e+00,1.919732579911066495e+01,6.844825187943772972e+07
1.514556433017400559e+04,4.000000000000000000e+00,2.000000000000000000e+00,1.056137668412254538e+00,1.071500118878964258e+01,4.020409854813693464e+07
1.455438449205720462e+04,8.000000000000000000e+00,1.000000000000000000e+00,1.144170974319401068e+00,1.776621235521625053e+01,3.702403963342688978e+07
1.945160545380289841e+04,1.000000000000000000e+00,2.000000000000000000e+00,9.777056010413507359e-01,2.323739125466939015e+01,4.697992323991171271e+07
1.370065659413292087e+04,5.000000000000000000e+00,3.000000000000000000e+00,1.054063378904542603e+00,1.703383555210106692e+01,4.750280082928154618e+07
1.465859097427255983e+04,3.000000000000000000e+00,3.000000000000000000e+00,1.111390603061721105e+00,1.882783386316140550e+01,4.946102170136398822e+07
1.346006653641683442e+04,6.000000000000000000e+00,2.000000000000000000e+00,1.216897538177649896e+00,2.110357390610770523e+01,4.750280856920288503e+07
1.973893600460829111e+04,2.000000000000000000e+00,1.000000000000000000e+00,1.252787558695362513e+00,3.392078090419978764e+01,4.861862537628079951e+07
1.563294841233663647e+04,3.000000000000000000e+00,2.000000000000000000e+00,8.478797312344108494e-01,1.179487424413171937e+01,3.545765217462987453e+07
1.581384387013197556e+04,2.000000000000000000e+00,1.000000000000000000e+00,1.138565869669170949e+00,2.513546833518374157e+01,3.675864058766356856e+07
1.755375500865047070e+04,5.000000000000000000e+00,1.000000000000000000e+00,1.200331220016420453e+00,1.623040587060712170e+01,4.592847191669823974e+07
1.964293178339409496e+04,4.000000000000000000e+00,2.000000000000000000e+00,8.851246677312296640e-01,1.246441652318972615e+01,4.592680070270162821e+07
1.603508789895807604e+04,3.000000000000000000e+00,1.000000000000000000e+00,1.037614925478166361e+00,2.010141815711330082e+01,3.382707470742703974e+07
1.722027556829786408e+04,8.000000000000000000e+00,3.000000000000000000e+00,1.026088490598311420e+00,1.522983395610645196e+01,5.747665161044491082e+07
1.988614743203099715e+04,7.000000000000000000e+00,3.000000000000000000e+00,9.706988887483204431e-01,1.719342775140985680e+01,6.272712511764071882e+07
1.792723104025188513e+04,7.000000000000000000e+00,1.000000000000000000e+00,9.152268709804842750e-01,2.128885786275982284e+01,4.068400079253739864e+07
1.973300660243516541e+04,7.000000000000000000e+00,1.000000000000000000e+00,8.045013344190612425e-01,2.322859054119610889e+01,3.758519216081357002e+07
1.334091511685800469e+04,8.000000000000000000e+00,1.000000000000000000e+00,9.671405636490421065e-01,1.821902698314543301e+01,3.005614191783925146e+07
1.572832056108517281e+04,4.000000000000000000e+00,2.000000000000000000e+00,9.212227275755882072e-01,1.879050887006312465e+01,3.673715631051766127e+07
1.212402498959771037e+04,3.000000000000000000e+00,3.000000000000000000e+00,1.032018138566111576e+00,2.254113292369903476e+01,3.928560862889043242e+07
1.836830787698563654e+04,1.000000000000000000e+00,2.000000000000000000e+00,1.325262771892104841e+00,2.989471226427125217e+01,6.233732074610459059e+07
1.604629590112163896e+04,8.000000000000000000e+00,3.000000000000000000e+00,1.228396486680869870e+00,1.551671920618722567e+01,6.099593061951284111e+07
1.205109947546307194e+04,2.000000000000000000e+00,1.000000000000000000e+00,8.436299333088921326e-01,1.830206753624537441e+01,2.086670475514080375e+07
1.963733333491447047e+04,4.000000000000000000e+00,2.000000000000000000e+00,1.328316420818857146e+00,2.761041964534338433e+01,6.551198420155333728e+07
1.557823126322140160e+04,8.000000000000000000e+00,1.000000000000000000e+00,1.225767393093398550e+00,1.941736120245236208e+01,4.334022693633871526e+07
1.710687590861044009e+04,4.000000000000000000e+00,3.000000000000000000e+00,1.025155749855958254e+00,2.403987732528287324e+01,5.696705128763592243e+07
1.985154976690293915e+04,8.000000000000000000e+00,2.000000000000000000e+00,1.321016126148517600e+00,3.541592346719434659e+01,7.742843066171057522e+07
1.649946560459616012e+04,1.000000000000000000e+00,3.000000000000000000e+00,1.130177659658815559e+00,2.147914243314597371e+01,5.577754460092961788e+07
1.911321108572962839e+04,7.000000000000000000e+00,3.000000000000000000e+00,8.337555846692688011e-01,2.104820536071215642e+01,5.174779997615876794e+07
1.940567490196805011e+04,1.000000000000000000e+00,1.000000000000000000e+00,1.101898577243219712e+00,2.230279404399227872e+01,4.113033023759367317e+07
1.539856351328478922e+04,7.000000000000000000e+00,2.000000000000000000e+00,1.069277593494903478e+00,3.567837658583216864e+01,4.622584448458933830e+07
1.636104724299023474e+04,8.000000000000000000e+00,1.000000000000000000e+00,1.003199895635341621e+00,2.427562228946850098e+01,3.773516030929926038e+07
1.455510030065780302e+04,8.000000000000000000e+00,3.000000000000000000e+00,1.183390322032680686e+00,2.155966039832670234e+01,6.172953251527691633e+07
1.324667823341361509e+04,5.000000000000000000e+00,3.000000000000000000e+00,9.245959783732988768e-01,3.273107371719270020e+01,4.087327077846813202e+07
1.824642428510904574e+04,5.000000000000000000e+00,3.000000000000000000e+00,9.091254071324060826e-01,3.222814224638084113e+01,5.666154380226039886e+07
1.922508212311531679e+04,4.000000000000000000e+00,2.000000000000000000e+00,1.080492668363320918e+00,2.112755030377195808e+01,5.520472988818597049e+07
1.870580047960343654e+04,7.000000000000000000e+00,3.000000000000000000e+00,1.226148539101449719e+00,2.995321482245482159e+01,7.490216595806515217e+07
1.969084411337319762e+04,1.000000000000000000e+00,1.000000000000000000e+00,9.581573167566092009e-01,1.569940118318755218e+01,3.633487928681033850e+07
1.700924744173268118e+04,2.000000000000000000e+00,2.000000000000000000e+00,8.415691712204899089e-01,2.119842680329269768e+01,3.484232049132649601e+07
1.724654372945129217e+04,3.000000000000000000e+00,1.000000000000000000e+00,1.380472687621577155e+00,2.662282358490956113e+01,4.984902188709759712e+07
1.836749675684396425e+04,5.000000000000000000e+00,3.000000000000000000e+00,9.547574200967063884e-01,1.742490393476792576e+01,5.419980621349330992e+07
1.627085603047591394e+04,3.000000000000000000e+00,3.000000000000000000e+00,9.689356674758722310e-01,1.952191262708099728e+01,4.693330734507781267e+07
1.215236187088622319e+04,1.000000000000000000e+00,1.000000000000000000e+00,8.573190862744186624e-01,2.719270199643940700e+01,2.113054726417401806e+07
1.932040331422318559e+04,8.000000000000000000e+00,3.000000000000000000e+00,1.352381686701565222e+00,2.875041057510346221e+01,9.566399458942236006e+07
1.691799057793820248e+04,2.000000000000000000e+00,3.000000000000000000e+00,1.141067341067466101e+00,6.407313560925819829e+00,5.819799056983196735e+07
1.624194165002357113e+04,6.000000000000000000e+00,2.000000000000000000e+00,1.358107761301634353e+00,2.943443327347011262e+01,6.014757259690555185e+07
1.715172155588318128e+04,2.000000000000000000e+00,1.000000000000000000e+00,1.009640103642826636e+00,1.376668852799787324e+01,3.524528675308038294e+07
1.272392717659088339e+04,2.000000000000000000e+00,1.000000000000000000e+00,8.982966481593481767e-01,3.173163296940184352e+01,2.267839313961831480e+07
1.450224195775723274e+04,2.000000000000000000e+00,1.000000000000000000e+00,1.275616339274830757e+00,2.615768837057414231e+01,3.568945811995626241e+07
1.338883029669122152e+04,7.000000000000000000e+00,2.000000000000000000e+00,9.108841934729139389e-01,1.638500033640152154e+01,3.238104893114515767e+07
1.565235286335082310e+04,8.000000000000000000e+00,2.000000000000000000e+00,9.958462970062138542e-01,2.538384369133728313e+01,4.629272182241271436e+07
1.792042594615877897e+04,8.000000000000000000e+00,1.000000000000000000e+00,1.280710347283782191e+00,3.461538994076235554e+01,5.142215985230285674e+07
1.229763904184584317e+04,1.000000000000000000e+00,2.000000000000000000e+00,9.052412502880483602e-01,2.709940179899207280e+01,2.777558844264911115e+07
1.712934752890950404e+04,8.000000000000000000e+00,3.000000000000000000e+00,9.392931921563949516e-01,3.051303349206895632e+01,5.308890403167592734e+07
1.269469435565194362e+04,6.000000000000000000e+00,1.000000000000000000e+00,9.806588722436405670e-01,9.137880277545281871e+00,2.854612501179853082e+07
1.958985533007842605e+04,5.000000000000000000e+00,2.000000000000000000e+00,1.295181615057662272e+00,3.411711935494739123e+01,6.933602867776992917e+07
1.450845622121704037e+04,4.000000000000000000e+00,2.000000000000000000e+00,1.057774843244918772e+00,1.616585706188583416e+01,3.842129934596017003e+07
1.657632528076027666e+04,5.000000000000000000e+00,1.000000000000000000e+00,8.753446582887758343e-01,1.735266924415344292e+01,3.067889279617641121e+07
1.333224959135206154e+04,7.000000000000000000e+00,2.000000000000000000e+00,1.180637765467252187e+00,2.877483589507165718e+01,4.460084283608421683e+07
1.403231784572216566e+04,2.000000000000000000e+00,2.000000000000000000e+00,9.450299152495309496e-01,1.750290478524110682e+01,3.216423168543374166e+07
1.604833758876966931e+04,5.000000000000000000e+00,3.000000000000000000e+00,1.070706061193493763e+00,9.569632347687239360e+00,5.261057792395713180e+07
1.747604068414036010e+04,3.000000000000000000e+00,3.000000000000000000e+00,8.020180018296153568e-01,2.595974984437657440e+01,4.074946943765177578e+07
1.240146761905953463e+04,5.000000000000000000e+00,1.000000000000000000e+00,8.155760057440474275e-01,8.487187358933109493e+00,2.323472972982580215e+07
1.723992908254069698e+04,8.000000000000000000e+00,3.000000000000000000e+00,8.877750327381607187e-01,1.431205162268905440e+01,4.737704724709118903e+07
1.235536029112337928e+04,7.000000000000000000e+00,2.000000000000000000e+00,8.881833739778841608e-01,2.124305117023459388e+01,3.071714765081262589e+07
1.963241685898424112e+04,3.000000000000000000e+00,1.000000000000000000e+00,1.277011358665729457e+00,2.756120196706578440e+01,4.928649890565414727e+07
1.526458035743998698e+04,5.000000000000000000e+00,3.000000000000000000e+00,1.099554753713141153e+00,3.508753311148864640e+01,5.217363673378515989e+07
1.294936713900815084e+04,8.000000000000000000e+00,1.000000000000000000e+00,1.043797228094187846e+00,1.458933379036741584e+01,2.947027856187680736e+07
1.509973813391257863e+04,7.000000000000000000e+00,3.000000000000000000e+00,1.003261509766600001e+00,1.898725974750695400e+01,5.157371720844680816e+07
1.966163504261468552e+04,8.000000000000000000e+00,3.000000000000000000e+00,1.171847374766805894e+00,3.289752659407588453e+01,8.141256060613851249e+07
1.663480561034661514e+04,8.000000000000000000e+00,3.000000000000000000e+00,8.663336999811946937e-01,6.225261113139328728e+00,4.825599775366085768e+07
1.709113911556439780e+04,7.000000000000000000e+00,3.000000000000000000e+00,1.096477566173066576e+00,1.693256587007472902e+01,6.298653212461587042e+07
1.489804618236265196e+04,6.000000000000000000e+00,2.000000000000000000e+00,1.197289564283469110e+00,2.619143231610084044e+01,4.862965718591488153e+07
1.247644307765707708e+04,5.000000000000000000e+00,2.000000000000000000e+00,1.250727709434599877e+00,1.464734312449367870e+01,3.991647973930928856e+07
1.383851823180399515e+04,8.000000000000000000e+00,2.000000000000000000e+00,1.329660164499689712e+00,1.014422609668054420e+01,5.211316479595016688e+07
1.412493381370938732e+04,5.000000000000000000e+00,3.000000000000000000e+00,1.135633535895358426e+00,1.998963390558060382e+01,5.185843231347624213e+07
1.260643461622044742e+04,3.000000000000000000e+00,2.000000000000000000e+00,1.255836351142836982e+00,3.178651170045534613e+01,3.832684742901620269e+07
1.673456902948233619e+04,1.000000000000000000e+00,1.000000000000000000e+00,9.333321685850977101e-01,3.184605994081067593e+01,2.832319901838500053e+07
1.526028453419674406e+04,6.000000000000000000e+00,2.000000000000000000e+00,1.039500370691592845e+00,1.997359662253943213e+01,4.385077371485443413e+07
1.550708528784582995e+04,8.000000000000000000e+00,2.000000000000000000e+00,1.068417145332614560e+00,2.007103557187366505e+01,4.894413796912243217e+07
1.586784908985646325e+04,6.000000000000000000e+00,3.000000000000000000e+00,9.471336675724323362e-01,2.200094721453877611e+01,4.739190821164711565e+07
1.332367832693374839e+04,8.000000000000000000e+00,1.000000000000000000e+00,1.296367826947304014e+00,2.120312281403884569e+01,3.627654099983867258e+07
1.854316196097235661e+04,1.000000000000000000e+00,3.000000000000000000e+00,8.988475096281484111e-01,3.207846341023127934e+01,4.776829115351862460e+07
1.855757447881242115e+04,3.000000000000000000e+00,3.000000000000000000e+00,1.209631996308458524e+00,3.504570088358613589e+01,6.126116347620098293e+07
1.428037798700564235e+04,7.000000000000000000e+00,2.000000000000000000e+00,1.259480591837700114e+00,1.283010172206640398e+01,5.002580277625296265e+07
1.504194460922119288e+04,5.000000000000000000e+00,1.000000000000000000e+00,1.053662881451780997e+00,3.096637305983547606e+01,3.358307174270708114e+07
1.544250190783533981e+04,2.000000000000000000e+00,2.000000000000000000e+00,1.110400310224517684e+00,7.338014306930243258e+00,4.174412592610821873e+07
1.754009519707502113e+04,8.000000000000000000e+00,2.000000000000000000e+00,1.362828537823574493e+00,2.837456990760612641e+01,7.493447960177369416e+07
1.914190902263998942e+04,6.000000000000000000e+00,1.000000000000000000e+00,1.353367204142748026e+00,1.333020971086777351e+01,5.335970446783685684e+07
1.570907283508540604e+04,8.000000000000000000e+00,2.000000000000000000e+00,9.995992150328943948e-01,3.202661712367331148e+01,4.433209414805504680e+07
1.618007935415297470e+04,7.000000000000000000e+00,1.000000000000000000e+00,9.655524239798844999e-01,2.281311618119192985e+01,3.234335746944810078e+07
1.692380779099135543e+04,3.000000000000000000e+00,1.000000000000000000e+00,1.357863464539337039e+00,3.249293877486908144e+01,4.634892910554203391e+07
1.465785865964689947e+04,7.000000000000000000e+00,2.000000000000000000e+00,8.941667913527326927e-01,6.996414371237939633e+00,3.390018471331471950e+07
1.321008777931082477e+04,4.000000000000000000e+00,2.000000000000000000e+00,1.270528385888861189e+00,3.431604523904755411e+01,4.495610598478673398e+07
1.939326071634087566e+04,6.000000000000000000e+00,3.000000000000000000e+00,1.148517152331502755e+00,1.864014137113848335e+01,6.505140271447822452e+07
1.804809275336508290e+04,3.000000000000000000e+00,1.000000000000000000e+00,9.128288211334593116e-01,1.532076203728906272e+01,3.362226828901268542e+07
1.456375230791393005e+04,3.000000000000000000e+00,1.000000000000000000e+00,1.146652664041004410e+00,2.581453763520662648e+01,3.442363763977427781e+07
1.968019772742980058e+04,2.000000000000000000e+00,1.000000000000000000e+00,1.325772680646267299e+00,2.906516117010268374e+01,5.748685930861350149e+07
1.972979505863700615e+04,7.000000000000000000e+00,2.000000000000000000e+00,1.177052983650426210e+00,3.352595982069429681e+01,6.349614241370239854e+07
1.907066806445844486e+04,3.000000000000000000e+00,1.000000000000000000e+00,1.383983672565277434e+00,8.786258384710116331e+00,5.199406087467280775e+07
1.877461897904132638e+04,3.000000000000000000e+00,1.000000000000000000e+00,1.042396472403284147e+00,2.671660418833038619e+01,4.025699396949014068e+07
1.741818283809484274e+04,8.000000000000000000e+00,1.000000000000000000e+00,1.294381602864939307e+00,2.308116439799898245e+01,5.516858238313516974e+07
1.535618396222521551e+04,1.000000000000000000e+00,2.000000000000000000e+00,1.193784716806852053e+00,3.083184855915589395e+01,4.202678053721605986e+07
1.532263528387194856e+04,7.000000000000000000e+00,3.000000000000000000e+00,1.071539311015121898e+00,1.601485244182721601e+01,5.431723152951368690e+07
1.983789920896600961e+04,8.000000000000000000e+00,2.000000000000000000e+00,1.107613179535835046e+00,3.002176236389078667e+01,6.378978198885367811e+07
1.591013690602088172e+04,8.000000000000000000e+00,1.000000000000000000e+00,1.008544044521848537e+00,7.056831541025363919e+00,3.740035556756318361e+07
1.598897142935342890e+04,4.000000000000000000e+00,3.000000000000000000e+00,1.255721562278282466e+00,2.162193261156772195e+01,6.108701469197088480e+07
1.421438899232169388e+04,6.000000000000000000e+00,2.000000000000000000e+00,9.682698249702073046e-01,1.232536739961500416e+01,3.622046694164542109e+07
1.290561768916724213e+04,3.000000000000000000e+00,3.000000000000000000e+00,9.119928705728578278e-01,3.082601985889309404e+01,3.370295093935158849e+07
1.930569474445569358e+04,2.000000000000000000e+00,2.000000000000000000e+00,1.024950639196994251e+00,3.463130846131689111e+01,4.762818312573866546e+07
1.602268108984727223e+04,1.000000000000000000e+00,3.000000000000000000e+00,8.104865999896682105e-01,2.702149071333096586e+01,3.900581265007190406e+07
1.743199359826471482e+04,6.000000000000000000e+00,2.000000000000000000e+00,1.148677942856078493e+00,3.066223419885943358e+01,5.844558120289181918e+07
1.209358595797627459e+04,1.000000000000000000e+00,3.000000000000000000e+00,1.111788358722295200e+00,1.167800393536005288e+01,3.942594190332482010e+07
1.715707143789965266e+04,3.000000000000000000e+00,3.000000000000000000e+00,1.149018759382320898e+00,1.165316501590041476e+01,5.791635287573242933e+07
1.779963243983219581e+04,3.000000000000000000e+00,1.000000000000000000e+00,9.271809013620107010e-01,1.962611662686348524e+01,3.378989647190222889e+07
1.302106230560382392e+04,4.000000000000000000e+00,2.000000000000000000e+00,1.385807476403599026e+00,9.285888962862612672e+00,4.856562818028996885e+07
1.565224927114240927e+04,2.000000000000000000e+00,2.000000000000000000e+00,1.273140058797094243e+00,9.223140041537604361e+00,4.975825159310371429e+07
1.575199942846567501e+04,5.000000000000000000e+00,2.000000000000000000e+00,1.093715952933677071e+00,3.009672168592544850e+01,4.647319103146608174e+07
1.338830083933515380e+04,7.000000000000000000e+00,1.000000000000000000e+00,1.103218745708197890e+00,1.613953646949824616e+01,3.361494861382017285e+07
1.747086514786923362e+04,1.000000000000000000e+00,2.000000000000000000e+00,1.061354159656943352e+00,1.295697220970752994e+01,4.332486273933784664e+07
1.757309718452006928e+04,5.000000000000000000e+00,2.000000000000000000e+00,8.684638590972391103e-01,2.866180389740556222e+01,3.702868652258486301e+07
1.833139024356061054e+04,7.000000000000000000e+00,3.000000000000000000e+00,9.756867841284502241e-01,1.536019593603983857e+01,5.914550102661966532e+07
1.372135554970785233e+04,1.000000000000000000e+00,3.000000000000000000e+00,9.108486826264651226e-01,2.297783226006539437e+01,3.534419450836438686e+07
1.938399698625540623e+04,3.000000000000000000e+00,3.000000000000000000e+00,9.500904302476733676e-01,3.398494304984924241e+01,5.969391856197558343e+07
1.705808004275408166e+04,5.000000000000000000e+00,3.000000000000000000e+00,1.346293938155085357e+00,3.523935964873778204e+01,7.340060981392107904e+07
1.902741853524740509e+04,7.000000000000000000e+00,2.000000000000000000e+00,1.378670923258106029e+00,2.756050771519957365e+01,7.292830784342887998e+07
1.293200762908674915e+04,3.000000000000000000e+00,1.000000000000000000e+00,1.381363050759615518e+00,9.072670770868338508e+00,3.631621264270748943e+07
1.344077928495977721e+04,3.000000000000000000e+00,3.000000000000000000e+00,1.233350736643250789e+00,2.392261639266964934e+01,5.019267284471239895e+07
1.653636277619089378e+04,3.000000000000000000e+00,1.000000000000000000e+00,1.304452357897133652e+00,2.155356012196572735e+01,4.276391349830479175e+07
1.222845315410057992e+04,6.000000000000000000e+00,3.000000000000000000e+00,9.013855578656074785e-01,8.744334099741193356e+00,3.508765098108895123e+07
1.817261861239221980e+04,6.000000000000000000e+00,3.000000000000000000e+00,1.159365221293585435e+00,2.447504645372550414e+01,6.857161535123026371e+07
1.366179890253592566e+04,7.000000000000000000e+00,2.000000000000000000e+00,1.268302780798936880e+00,1.567264481185123692e+01,4.894906678294235468e+07
1.882112482162419474e+04,2.000000000000000000e+00,3.000000000000000000e+00,8.861496089323470660e-01,3.507600353982988395e+01,5.240618519516479224e+07
1.471118938052761769e+04,1.000000000000000000e+00,2.000000000000000000e+00,1.250177932517857249e+00,7.978221609728673336e+00,4.537098340881947428e+07
1.843099276550113427e+04,2.000000000000000000e+00,1.000000000000000000e+00,1.173019807464515729e+00,1.733789231219007476e+01,4.327444884180207551e+07
1.375823163304215632e+04,4.000000000000000000e+00,2.000000000000000000e+00,1.277600905200746872e+00,2.131997751569260657e+01,4.789926037596406043e+07
1.761000114361690794e+04,4.000000000000000000e+00,1.000000000000000000e+00,8.379692391547672869e-01,9.811842591685547177e+00,3.074696423805044219e+07
1.236630743865546174e+04,4.000000000000000000e+00,1.000000000000000000e+00,9.228598242251436767e-01,1.974035178694195736e+01,2.411589792230419442e+07
1.464715938728265974e+04,4.000000000000000000e+00,2.000000000000000000e+00,8.749595602236266423e-01,1.661565498503284743e+01,3.391657544505759329e+07
1.518894530713933818e+04,7.000000000000000000e+00,1.000000000000000000e+00,1.158380760649556862e+00,1.311262482432503873e+01,3.853263844703806192e+07
1.886883874926420685e+04,8.000000000000000000e+00,1.000000000000000000e+00,1.216469284116975746e+00,1.511607258937065268e+01,5.522308143346454203e+07
1.696394601652715210e+04,8.000000000000000000e+00,3.000000000000000000e+00,1.070256597945985044e+00,1.589793316881580232e+01,5.959446113855626434e+07
1.230470604819485561e+04,2.000000000000000000e+00,2.000000000000000000e+00,1.192870112159458040e+00,3.357842450893235764e+01,3.694512643073401600e+07
1.612585577435362393e+04,1.000000000000000000e+00,2.000000000000000000e+00,1.398004189855793999e+00,1.860980330251449644e+01,5.366961452314403653e+07
1.548290330636953513e+04,2.000000000000000000e+00,2.000000000000000000e+00,9.744303102941553885e-01,1.284024434478908816e+01,3.921529460056053847e+07
1.294051724120791368e+04,4.000000000000000000e+00,1.000000000000000000e+00,1.020357152467975759e+00,2.530201016416414816e+01,2.851706230074905604e+07
1.422889052636551241e+04,4.000000000000000000e+00,3.000000000000000000e+00,1.322388418910414032e+00,1.038269811645082541e+01,5.774710494135563821e+07
1.484951886257693150e+04,3.000000000000000000e+00,3.000000000000000000e+00,8.893299873769907604e-01,2.139560617938964526e+01,4.315549736924464256e+07
1.489615712608159447e+04,2.000000000000000000e+00,2.000000000000000000e+00,9.540705318648075028e-01,3.198838712871464907e+01,3.726099465141233802e+07
1.361169573480542749e+04,4.000000000000000000e+00,1.000000000000000000e+00,1.168060322435519272e+00,2.867202958913818023e+01,3.322127146457963064e+07
1.755514788703353406e+04,7.000000000000000000e+00,3.000000000000000000e+00,8.938555693722063378e-01,2.760559587696744543e+01,5.294334046651984751e+07
1.248282741744262057e+04,3.000000000000000000e+00,3.000000000000000000e+00,1.187537553783438060e+00,1.278186077039472757e+01,4.273936141732689738e+07
1.305463103541059354e+04,3.000000000000000000e+00,3.000000000000000000e+00,8.295593734718723633e-01,2.199271617339653062e+01,3.241142767040623352e+07
1.934819187957327085e+04,5.000000000000000000e+00,1.000000000000000000e+00,1.386891117853040090e+00,3.575208327518340923e+01,5.564165180866628885e+07
1.446081758949066352e+04,7.000000000000000000e+00,2.000000000000000000e+00,1.034476656761754265e+00,2.017545354344110109e+01,4.066942576232470572e+07
1.751901449022642191e+04,6.000000000000000000e+00,3.000000000000000000e+00,9.523231106700037474e-01,1.126220460701604686e+01,5.140430573458305746e+07
1.861703798326752440e+04,1.000000000000000000e+00,3.000000000000000000e+00,1.171023213171676458e+00,3.102972859429221586e+01,6.269080013529340923e+07
1.767370371904160857e+04,6.000000000000000000e+00,2.000000000000000000e+00,8.649289099898175293e-01,3.288016139135892502e+01,4.362755173649815470e+07
1.406054805347424190e+04,3.000000000000000000e+00,1.000000000000000000e+00,8.970085448316097443e-01,7.789712638813449885e+00,2.552072935048969835e+07
1.703602847256142559e+04,1.000000000000000000e+00,3.000000000000000000e+00,1.046931512893594096e+00,2.847284236128126267e+01,5.226506087091030926e+07
1.657352983652073453e+04,5.000000000000000000e+00,2.000000000000000000e+00,8.105703195302951247e-01,2.385552777645223799e+01,3.564997317836771160e+07
1.951574161431699395e+04,8.000000000000000000e+00,2.000000000000000000e+00,1.256792039396351868e+00,1.540673596481718555e+01,7.180872869876079261e+07
1.221223177064895572e+04,8.000000000000000000e+00,3.000000000000000000e+00,1.208232144607820580e+00,1.774559802772364492e+01,4.975870034830427170e+07
1.534113216945615750e+04,4.000000000000000000e+00,1.000000000000000000e+00,1.141773108472521780e+00,2.386627619016662294e+01,3.932741379840181768e+07
1.953610052278213334e+04,8.000000000000000000e+00,2.000000000000000000e+00,9.252358454124108844e-01,2.422513994745771626e+01,4.904397676621183753e+07
1.569097611744152346e+04,3.000000000000000000e+00,1.000000000000000000e+00,1.338186724854745657e+00,1.850348135413463524e+01,4.475623539768682420e+07
1.990447581944189733e+04,7.000000000000000000e+00,1.000000000000000000e+00,1.186832797023202657e+00,2.731359023258265495e+01,5.296939967984135449e+07
1.765450305172947992e+04,5.000000000000000000e+00,3.000000000000000000e+00,9.400149298778317508e-01,1.698162638022626325e+01,5.239548992615545541e+07
1.447045908809727189e+04,6.000000000000000000e+00,1.000000000000000000e+00,1.288492143744965235e+00,2.612365355770031883e+01,4.046319369233167171e+07
1.990911392102158425e+04,4.000000000000000000e+00,2.000000000000000000e+00,8.851453101920758737e-01,2.011676352946491875e+01,4.421386781781229377e+07
1.645367333125689038e+04,8.000000000000000000e+00,2.000000000000000000e+00,1.214336025723974810e+00,1.883038133397796798e+01,5.718581400492979586e+07
1.211926004936715981e+04,5.000000000000000000e+00,3.000000000000000000e+00,1.125218512774288859e+00,1.926742793926462838e+01,4.523818594484958798e+07
1.926266775497756680e+04,5.000000000000000000e+00,1.000000000000000000e+00,1.055032782437451910e+00,9.807983534992288810e+00,4.503737351157585531e+07
1.493511089123134661e+04,4.000000000000000000e+00,2.000000000000000000e+00,1.174043000812521331e+00,1.860859188486679727e+01,4.483814044421894103e+07
1.748302654701365827e+04,1.000000000000000000e+00,2.000000000000000000e+00,1.151598852202781131e+00,3.102333226824809387e+01,4.889029933527661860e+07
1.668607202498255356e+04,3.000000000000000000e+00,1.000000000000000000e+00,1.384806617762040393e+00,3.163013377308803697e+01,4.630257676598273218e+07
1.774621704584009058e+04,6.000000000000000000e+00,3.000000000000000000e+00,1.325365318619516009e+00,1.019147811500231349e+01,7.386653862894769013e+07
1.820452480081795147e+04,6.000000000000000000e+00,1.000000000000000000e+00,1.293460040622974372e+00,2.151326061700404679e+01,5.192821803029040992e+07
1.999642610246053664e+04,5.000000000000000000e+00,1.000000000000000000e+00,9.052781771245109743e-01,1.088793200269862815e+01,3.991207268613123149e+07
1.778400801363175560e+04,6.000000000000000000e+00,3.000000000000000000e+00,1.067803078310624265e+00,3.505435553865603993e+01,6.113971663691341132e+07
1.989049161139177886e+04,3.000000000000000000e+00,3.000000000000000000e+00,1.103433165319690934e+00,3.414854013917228315e+01,6.446722710159154236e+07
1.223120613789874551e+04,7.000000000000000000e+00,3.000000000000000000e+00,8.216445041893345458e-01,1.045375368518195991e+01,3.371084134213458002e+07
1.842038670754846680e+04,5.000000000000000000e+00,3.000000000000000000e+00,1.012258413490024989e+00,2.839017545601282677e+01,6.017212127700588107e+07
1.948439206992200343e+04,1.000000000000000000e+00,2.000000000000000000e+00,1.048994566049639587e+00,1.771101237213567714e+01,4.813894106988646090e+07
1.507039700325824924e+04,1.000000000000000000e+00,3.000000000000000000e+00,1.128172065788825673e+00,2.470869736131253447e+01,4.747523727680476010e+07
1.588313712678787124e+04,6.000000000000000000e+00,2.000000000000000000e+00,9.122198649365703682e-01,8.771854631394168322e+00,4.088223501756016910e+07
1.230324299108482955e+04,3.000000000000000000e+00,1.000000000000000000e+00,1.002309714772549931e+00,6.373077521713577553e+00,2.513102705826660246e+07
1.380154761185009920e+04,5.000000000000000000e+00,2.000000000000000000e+00,1.174516826116110968e+00,1.126438768843268079e+01,4.315412525680428743e+07
1.397815969769253206e+04,2.000000000000000000e+00,3.000000000000000000e+00,1.196015109922272224e+00,1.338120029559845392e+01,4.849553923767956346e+07
1.830457163671977105e+04,8.000000000000000000e+00,1.000000000000000000e+00,1.313220191472411091e+00,2.272371057003712025e+01,5.424801393956968188e+07
1.830414139352575148e+04,7.000000000000000000e+00,3.000000000000000000e+00,1.102374204701793481e+00,1.394566169086939489e+01,6.759035827077169716e+07
1.257150321201249244e+04,8.000000000000000000e+00,3.000000000000000000e+00,1.338841739026901179e+00,2.054600078416056164e+01,5.670526451073827595e+07
1.933501179951811355e+04,1.000000000000000000e+00,3.000000000000000000e+00,8.917107628849904044e-01,2.306802632405380038e+01,5.067626756267837435e+07
1.985133292605680981e+04,8.000000000000000000e+00,1.000000000000000000e+00,1.282720164807382268e+00,2.739932379214749858e+01,5.600131327881846577e+07
1.952825798106930597e+04,4.000000000000000000e+00,2.000000000000000000e+00,1.011364106677799413e+00,1.598353278255880738e+01,4.796135696493127942e+07
1.706981355159890154e+04,1.000000000000000000e+00,1.000000000000000000e+00,1.294759291875333451e+00,3.373177513073220979e+01,4.372715879909082502e+07
1.913507350244590270e+04,4.000000000000000000e+00,2.000000000000000000e+00,8.785685511841598849e-01,2.456230213579900123e+01,4.610098149857328087e+07
1.652625273085598747e+04,2.000000000000000000e+00,3.000000000000000000e+00,1.163958826211565434e+00,2.184073949478300136e+01,5.640478447258251905e+07
1.812233610712572408e+04,2.000000000000000000e+00,3.000000000000000000e+00,1.387970872957122515e+00,3.137315386678914564e+01,7.349410516509869695e+07
1.277323985803497635e+04,4.000000000000000000e+00,1.000000000000000000e+00,1.257341583004981445e+00,2.357404008664927986e+01,3.347261816507147253e+07
1.990771351208035776e+04,7.000000000000000000e+00,2.000000000000000000e+00,1.322339002501725203e+00,1.126270946444999410e+01,7.190912292070083320e+07
1.410063194068674784e+04,6.000000000000000000e+00,1.000000000000000000e+00,9.814885626178061484e-01,3.511872181405412618e+01,3.237170119531022757e+07
1.878185947174354078e+04,1.000000000000000000e+00,1.000000000000000000e+00,1.192159135822546290e+00,3.559088428018253580e+01,4.373709686488223821e+07
1.285223885250295280e+04,8.000000000000000000e+00,2.000000000000000000e+00,9.084722123316563147e-01,3.464103367704905168e+01,3.440668891689708829e+07
1.765470042490819833e+04,4.000000000000000000e+00,2.000000000000000000e+00,9.972906273429468227e-01,2.090274482101106557e+01,4.457998625833629817e+07
1.222897387771861395e+04,3.000000000000000000e+00,1.000000000000000000e+00,1.187616943413469794e+00,3.140488901108673403e+01,2.976205675292737037e+07
1.579134499154332480e+04,5.000000000000000000e+00,3.000000000000000000e+00,1.358265811058809502e+00,8.381757285987582407e+00,6.840010439548072219e+07
1.254163627866129173e+04,4.000000000000000000e+00,3.000000000000000000e+00,1.095912429799905219e+00,3.356649820408397034e+01,4.206545423842961341e+07
1.555609956560343562e+04,1.000000000000000000e+00,3.000000000000000000e+00,9.090039362744676277e-01,3.088081018242934306e+01,4.106738033932778984e+07
1.358119502010368160e+04,8.000000000000000000e+00,2.000000000000000000e+00,1.021088030698570348e+00,1.731116335475827128e+01,3.860685487955710292e+07
1.301931664613255816e+04,3.000000000000000000e+00,1.000000000000000000e+00,1.209903494347045028e+00,1.632541795278148200e+01,3.172414862837089226e+07
1.498933370239211035e+04,5.000000000000000000e+00,1.000000000000000000e+00,1.208966554084353273e+00,2.871326572649627096e+01,3.873285378583499789e+07
1.848403049346991611e+04,6.000000000000000000e+00,3.000000000000000000e+00,1.358769590016726259e+00,6.544216685412529877e+00,7.705879134059420228e+07
1.693276850280343933e+04,5.000000000000000000e+00,2.000000000000000000e+00,1.023121748629871597e+00,3.311083115986888004e+01,4.506535326420315355e+07
1.857538965229007590e+04,5.000000000000000000e+00,1.000000000000000000e+00,1.076623168620697735e+00,3.040020550080859962e+01,4.212120189755354077e+07
1.757348676871648422e+04,4.000000000000000000e+00,1.000000000000000000e+00,8.039757224986575634e-01,2.970014930847229095e+01,2.974752585980944335e+07
1.304153566920909543e+04,4.000000000000000000e+00,2.000000000000000000e+00,1.126696715452413455e+00,7.783572132573797653e+00,3.729132087714220583e+07
1.964961902060768261e+04,7.000000000000000000e+00,1.000000000000000000e+00,1.129265588797867093e+00,3.273961634833931100e+01,4.856889535111972690e+07
1.723135949804702250e+04,8.000000000000000000e+00,1.000000000000000000e+00,1.147834090036068844e+00,1.521138796032319185e+01,4.407748080654691905e+07
1.841509048663901922e+04,2.000000000000000000e+00,3.000000000000000000e+00,1.100910376894572495e+00,7.519583298932754012e+00,6.220089200915154815e+07
1.662780426632476883e+04,1.000000000000000000e+00,1.000000000000000000e+00,1.012728631663993628e+00,1.358920302528810709e+01,3.294858423119843006e+07
1.328370020910085259e+04,1.000000000000000000e+00,2.000000000000000000e+00,1.278646062881626522e+00,2.898646827583589314e+01,4.156734556393325329e+07
1.867492681623598764e+04,3.000000000000000000e+00,3.000000000000000000e+00,9.541894193608633223e-01,3.540003266231789070e+01,5.486098378085792810e+07
1.490875913501483410e+04,4.000000000000000000e+00,3.000000000000000000e+00,1.221281068532197311e+00,2.624675585774607711e+01,5.342129741663943231e+07
1.768922905595032353e+04,7.000000000000000000e+00,1.000000000000000000e+00,1.315552718542407407e+00,2.199272565788443146e+01,5.224156424260078371e+07
1.542225119476516193e+04,8.000000000000000000e+00,2.000000000000000000e+00,1.127273688471903901e+00,2.970471127449648918e+01,5.514410398977912962e+07
1.530787647372900028e+04,3.000000000000000000e+00,3.000000000000000000e+00,1.184944622729782626e+00,2.452730080853810435e+01,5.191293490459412336e+07
1.610251991681351137e+04,6.000000000000000000e+00,2.000000000000000000e+00,1.161771172014403497e+00,2.393124250404865805e+01,4.851993116328030080e+07
1.219461917853289742e+04,7.000000000000000000e+00,3.000000000000000000e+00,1.238965761224893214e+00,7.016691809507495492e+00,4.864427077692711353e+07
1.846186276945535792e+04,5.000000000000000000e+00,1.000000000000000000e+00,1.077097956174073001e+00,3.582556544831590628e+01,4.516021433394597471e+07
1.358792163173649897e+04,8.000000000000000000e+00,1.000000000000000000e+00,1.338847444715053348e+00,2.936811163861016283e+01,4.214881245092532039e+07
1.762156641435814163e+04,2.000000000000000000e+00,1.000000000000000000e+00,8.460620304025063820e-01,3.022093000694390597e+01,3.113243706949977204e+07
1.867337655003170948e+04,6.000000000000000000e+00,1.000000000000000000e+00,1.032399597685758064e+00,2.716267237293854109e+01,4.473613636626639217e+07
1.763262472625507871e+04,8.000000000000000000e+00,1.000000000000000000e+00,9.652422908692095405e-01,1.121003179828431762e+01,3.685494360511826724e+07
1.766913208078864045e+04,8.000000000000000000e+00,3.000000000000000000e+00,1.147421995831027441e+00,1.297584565617075114e+01,7.321827201715375483e+07
1.969098595300744273e+04,8.000000000000000000e+00,2.000000000000000000e+00,1.397218999945697870e+00,1.623560103264524557e+01,7.828668699833586812e+07
1.862173576685916487e+04,5.000000000000000000e+00,2.000000000000000000e+00,1.221265930406919109e+00,3.161298238178046560e+01,5.377324078086258471e+07
1.490980322589878779e+04,2.000000000000000000e+00,2.000000000000000000e+00,1.373167775913099131e+00,1.495795381631604926e+01,5.149191707026341558e+07
1.585282591822521499e+04,4.000000000000000000e+00,3.000000000000000000e+00,1.341433699910299371e+00,3.114245965207352285e+01,6.587262576397854835e+07
1.203643430488478043e+04,2.000000000000000000e+00,2.000000000000000000e+00,8.020205954032423312e-01,3.472612553743425678e+01,2.565423504418585822e+07
1.242134791068758932e+04,4.000000000000000000e+00,3.000000000000000000e+00,9.002411546776916129e-01,1.190035955978390980e+01,3.443992902471298724e+07
1.630414352465052798e+04,6.000000000000000000e+00,1.000000000000000000e+00,1.157670356272631151e+00,1.251178764215748807e+01,3.934993488448286057e+07
1.787933915997535951e+04,7.000000000000000000e+00,1.000000000000000000e+00,9.351972416809591904e-01,2.856638481065128232e+01,3.793375088975964487e+07
1.694562449453028967e+04,5.000000000000000000e+00,1.000000000000000000e+00,1.285499253657739871e+00,1.091005936054668624e+01,4.611383599682355672e+07
1.611604125364961874e+04,6.000000000000000000e+00,3.000000000000000000e+00,9.089863452513159414e-01,1.693140439237508588e+01,4.793139950329364836e+07
1.854514080332596131e+04,8.000000000000000000e+00,3.000000000000000000e+00,1.083048151860024566e+00,3.299256571307033425e+01,6.847373430409015715e+07
1.473624522047542814e+04,5.000000000000000000e+00,3.000000000000000000e+00,1.151184809739804304e+00,2.223800876466900078e+01,5.056656995323520899e+07
1.375879925583937256e+04,5.000000000000000000e+00,3.000000000000000000e+00,1.181803937411329386e+00,9.970925779656324650e+00,5.344822469896050543e+07
1.271958580017366330e+04,7.000000000000000000e+00,1.000000000000000000e+00,1.142231018963266509e+00,7.694689494905992966e+00,3.309823537538897246e+07
1.827367234220889077e+04,2.000000000000000000e+00,3.000000000000000000e+00,9.676949164806505355e-01,3.271315993543643685e+01,5.386128869003333151e+07
1.955538168336302624e+04,2.000000000000000000e+00,2.000000000000000000e+00,8.455831901692831831e-01,2.148314742559559676e+01,4.001694057040336728e+07
1.347165133850429629e+04,7.000000000000000000e+00,3.000000000000000000e+00,1.093009382722907263e+00,2.487281313338021249e+01,4.671689441391570866e+07
1.737707935075729620e+04,7.000000000000000000e+00,3.000000000000000000e+00,8.352023879703674991e-01,1.026081215043813089e+01,4.865840285307422280e+07
1.378253905537456012e+04,3.000000000000000000e+00,1.000000000000000000e+00,9.171221472886859072e-01,2.587679091648680441e+01,2.559242423475624993e+07
1.411438887270923078e+04,2.000000000000000000e+00,1.000000000000000000e+00,1.118157206733975118e+00,3.573211672061485444e+01,3.147649962252559140e+07
1.442837537486610199e+04,8.000000000000000000e+00,1.000000000000000000e+00,1.121245549904030581e+00,2.073350585325578876e+01,3.524392566589047760e+07
1.595711252959512422e+04,5.000000000000000000e+00,2.000000000000000000e+00,1.399290774245083080e+00,1.729830558130542784e+01,6.343874976043292880e+07
1.276161756814624459e+04,1.000000000000000000e+00,1.000000000000000000e+00,1.183472896439552224e+00,2.043983509596030856e+01,3.211154231851895899e+07
1.878232163229387152e+04,2.000000000000000000e+00,2.000000000000000000e+00,1.266848983303914489e+00,3.018368573235012420e+01,5.723119537309207767e+07
1.464228077212101925e+04,1.000000000000000000e+00,2.000000000000000000e+00,9.745083562401496424e-01,2.931080726459483543e+01,3.536235489314776659e+07
1.851264550656010033e+04,7.000000000000000000e+00,2.000000000000000000e+00,1.254449801807859810e+00,8.039040046085702329e+00,6.336561685590396076e+07
1.945317648228513281e+04,8.000000000000000000e+00,1.000000000000000000e+00,1.327861631356709537e+00,9.626930104124506116e+00,5.989338446099194884e+07
1.678947708198939290e+04,1.000000000000000000e+00,2.000000000000000000e+00,1.371423528353259425e+00,2.666779534745023383e+01,5.316218697706727684e+07
1.816829745574030312e+04,5.000000000000000000e+00,3.000000000000000000e+00,1.080703158055604796e+00,3.263928226459822213e+01,6.465991109448569268e+07
1.320025839249939236e+04,5.000000000000000000e+00,3.000000000000000000e+00,8.704768253146746293e-01,1.138365244138855559e+01,3.660287556998819858e+07
1.526883955775992399e+04,5.000000000000000000e+00,2.000000000000000000e+00,1.146476456484975870e+00,2.469877491582256113e+01,4.695174679509453475e+07
1.267279119499710941e+04,8.000000000000000000e+00,3.000000000000000000e+00,8.722939599066583671e-01,1.005427805601153501e+01,3.789421783688160032e+07
1.370381422119887065e+04,3.000000000000000000e+00,3.000000000000000000e+00,1.358169570399686776e+00,1.580949481745617469e+01,5.388182379887437820e+07
1.824949936613818136e+04,8.000000000000000000e+00,2.000000000000000000e+00,1.205139155580490007e+00,3.083668375151467345e+01,6.363443452124117315e+07
1.418776414518756428e+04,3.000000000000000000e+00,3.000000000000000000e+00,1.246638777251892538e+00,1.894639224915118803e+01,5.169212448915354162e+07
1.663294941231477424e+04,2.000000000000000000e+00,1.000000000000000000e+00,8.212759158234589352e-01,1.053259091986502760e+01,2.742580025661775097e+07
1.995996299231007288e+04,1.000000000000000000e+00,3.000000000000000000e+00,9.705520897712158757e-01,2.970483128042265974e+01,5.570814580152436346e+07
1.955347278106510930e+04,3.000000000000000000e+00,2.000000000000000000e+00,1.239697743491137150e+00,2.676700030583564782e+01,6.355215018601705134e+07
1.462277076530912746e+04,3.000000000000000000e+00,1.000000000000000000e+00,8.944696273671690623e-01,3.272628823566216738e+01,2.939219091070184857e+07
1.936888868811673819e+04,4.000000000000000000e+00,1.000000000000000000e+00,1.186338560859049318e+00,8.741090818936594786e+00,4.747514693316924572e+07
1.828660357195453980e+04,5.000000000000000000e+00,2.000000000000000000e+00,1.286337229476065769e+00,2.901439426511453235e+01,6.261778013267794251e+07
1.504287467138851935e+04,1.000000000000000000e+00,1.000000000000000000e+00,1.336760531128113216e+00,1.681312675261730760e+01,4.104746916621747613e+07
1.864688915830667247e+04,8.000000000000000000e+00,1.000000000000000000e+00,9.037657813846660115e-01,2.224384270628595672e+01,4.147753203930091858e+07
1.488517439585070497e+04,6.000000000000000000e+00,3.000000000000000000e+00,1.232262099196861804e+00,2.149401515055485845e+01,5.995042438011001796e+07
1.702488185079650793e+04,2.000000000000000000e+00,1.000000000000000000e+00,1.088178941126297650e+00,3.344262727753387310e+01,3.896495987149658799e+07
1.280007775431723712e+04,4.000000000000000000e+00,1.000000000000000000e+00,1.179401950035456670e+00,3.307752415636487342e+01,3.412259345761431754e+07
1.730004586478510828e+04,1.000000000000000000e+00,3.000000000000000000e+00,1.173968560122468308e+00,2.916080846560976170e+01,5.824922910338281840e+07
1.245041377180423478e+04,6.000000000000000000e+00,2.000000000000000000e+00,9.496077452004059172e-01,2.687253125466713399e+01,3.096038153430498019e+07
1.663026795255315301e+04,3.000000000000000000e+00,3.000000000000000000e+00,9.084005132850132558e-01,3.458311662393369801e+01,4.587766680655670911e+07
1.951368125993902868e+04,8.000000000000000000e+00,3.000000000000000000e+00,1.392207571632185559e+00,2.816356782550248994e+01,8.814739825447623432e+07
1.223974344560408281e+04,2.000000000000000000e+00,2.000000000000000000e+00,1.363933276162570873e+00,2.921960349792620804e+01,4.246371055727681518e+07
1.783492775182687910e+04,5.000000000000000000e+00,2.000000000000000000e+00,1.350285076122831329e+00,1.477207371516937506e+01,6.514606956644751132e+07
1.663402024706141310e+04,2.000000000000000000e+00,1.000000000000000000e+00,1.048871490222218705e+00,2.550377911839057177e+01,3.465362631845845282e+07
1.570987726448654394e+04,3.000000000000000000e+00,3.000000000000000000e+00,8.547684961830195327e-01,2.068927876165126989e+01,4.008178514126520604e+07
1.690519643061767783e+04,4.000000000000000000e+00,1.000000000000000000e+00,9.734674794033877365e-01,2.956919507732497010e+01,3.706795240403216332e+07
1.874922142906732188e+04,5.000000000000000000e+00,3.000000000000000000e+00,8.975776927919472126e-01,2.151713207731576105e+01,5.238429332752814889e+07
1.726115085016872763e+04,4.000000000000000000e+00,3.000000000000000000e+00,1.248768942236958113e+00,2.741154627355009765e+01,6.065871789903456718e+07
1.556386384465433548e+04,7.000000000000000000e+00,3.000000000000000000e+00,1.087919576107785780e+00,7.496598347540753160e+00,5.829398451372020692e+07
1.361378810957992937e+04,2.000000000000000000e+00,3.000000000000000000e+00,1.082234733172341645e+00,2.959215796850081759e+01,4.285247915930749476e+07
1.534350828726447799e+04,8.000000000000000000e+00,1.000000000000000000e+00,1.211397867709206988e+00,3.272605804206129676e+01,4.137808547924753278e+07
1.472279567581418814e+04,8.000000000000000000e+00,3.000000000000000000e+00,1.379816352041135286e+00,1.885302277738798438e+01,6.556249537151492387e+07
1.417911007350931686e+04,5.000000000000000000e+00,2.000000000000000000e+00,1.071498404437322138e+00,3.000107726541579112e+01,4.011331710797002167e+07
1.315247719832330768e+04,3.000000000000000000e+00,3.000000000000000000e+00,1.267037181682658220e+00,6.937172455504313717e+00,5.113330640998546779e+07
1.939765402296883622e+04,8.000000000000000000e+00,2.000000000000000000e+00,1.168081306908498984e+00,2.702089356481651805e+01,6.699422394017742574e+07
1.664850393919603812e+04,7.000000000000000000e+00,2.000000000000000000e+00,1.045572423082304692e+00,3.208709838309213325e+01,5.029826682712186128e+07
1.411121087187655212e+04,8.000000000000000000e+00,1.000000000000000000e+00,1.363821593068131222e+00,1.868641219072148019e+01,4.514021106918507814e+07
1.451394550758043260e+04,8.000000000000000000e+00,2.000000000000000000e+00,1.368537151609722002e+00,2.158479333701794189e+01,5.590081937104964256e+07
1.617467799423370343e+04,1.000000000000000000e+00,1.000000000000000000e+00,1.257395911376528952e+00,3.377377849354049744e+01,4.318480323968088627e+07
1.479865746867601956e+04,6.000000000000000000e+00,1.000000000000000000e+00,1.226385732220215630e+00,3.441486997396562231e+01,3.921243556941866130e+07
1.826459224469593391e+04,1.000000000000000000e+00,3.000000000000000000e+00,1.177294025084080875e+00,8.874303502371597929e+00,6.063413766046253592e+07
1.813069583268293718e+04,1.000000000000000000e+00,2.000000000000000000e+00,9.928650517201849102e-01,2.200548297070162462e+01,4.218382121210749447e+07
1.507879818344767409e+04,5.000000000000000000e+00,3.000000000000000000e+00,1.279286321465991083e+00,3.095567890638153941e+01,5.945586090548793226e+07
1.404992464654835931e+04,2.000000000000000000e+00,1.000000000000000000e+00,1.262102957404089398e+00,3.213968953802690720e+01,3.410239275617542118e+07
1.893739669075271740e+04,1.000000000000000000e+00,1.000000000000000000e+00,1.059706122253494476e+00,2.361676585166607012e+01,3.947856619186493754e+07
1.766167555799621186e+04,4.000000000000000000e+00,2.000000000000000000e+00,1.121183374600317251e+00,2.643811565169059818e+01,5.183010616294468939e+07
1.708498065071957899e+04,6.000000000000000000e+00,1.000000000000000000e+00,9.267617636648841639e-01,2.512185496310572574e+01,3.397904962861468643e+07
1.337702055313554956e+04,7.000000000000000000e+00,2.000000000000000000e+00,8.735135832195856098e-01,1.478906576370655834e+01,3.308747032996723801e+07
1.217792576290070610e+04,3.000000000000000000e+00,3.000000000000000000e+00,1.201023478026088220e+00,6.083801155707768693e+00,4.348893874241562188e+07
1.709641105520411656e+04,6.000000000000000000e+00,1.000000000000000000e+00,9.206655157230921871e-01,1.267468483128914514e+01,3.552737236938778311e+07
1.888010523696574091e+04,7.000000000000000000e+00,3.000000000000000000e+00,1.212140616810964966e+00,9.326462773670494144e+00,7.789420919121415913e+07
1.744565956415723122e+04,2.000000000000000000e+00,1.000000000000000000e+00,8.722191811612693968e-01,1.563905015011290089e+01,3.195562937646478042e+07
1.462715335694970963e+04,8.000000000000000000e+00,1.000000000000000000e+00,1.120804915196313090e+00,2.365866364382513609e+01,3.859404937272012979e+07
1.514068552181981795e+04,3.000000000000000000e+00,2.000000000000000000e+00,1.222666525307718244e+00,3.377464455697918311e+01,4.771592244612427801e+07
1.385271626954810017e+04,3.000000000000000000e+00,1.000000000000000000e+00,1.342682102711081349e+00,1.482378661184965729e+01,4.000107105860105157e+07
1.204297041943068143e+04,7.000000000000000000e+00,1.000000000000000000e+00,1.313284994529451577e+00,3.059069234282685557e+01,3.606729441513203830e+07
1.811473357619897797e+04,3.000000000000000000e+00,1.000000000000000000e+00,1.169339405598313508e+00,1.008691181053376695e+01,4.156548075502668321e+07
1.382228108131204317e+04,4.000000000000000000e+00,3.000000000000000000e+00,1.228376476181814336e+00,2.220826078856739372e+01,5.176717292333720624e+07
1.798695623853712823e+04,1.000000000000000000e+00,2.000000000000000000e+00,1.015942055120752974e+00,1.485873416654860435e+01,4.140246630773735791e+07
1.849316365350313936e+04,3.000000000000000000e+00,1.000000000000000000e+00,1.135948520406274698e+00,3.564085158466365755e+01,4.267822681805642694e+07
1.220166805599538748e+04,7.000000000000000000e+00,3.000000000000000000e+00,1.347260171531638129e+00,2.157653932768209160e+01,5.397260905018211156e+07
1.526617044959320810e+04,3.000000000000000000e+00,1.000000000000000000e+00,1.243122041368477593e+00,2.800635122168703006e+01,3.917474002518200129e+07
1.927981136885940214e+04,2.000000000000000000e+00,3.000000000000000000e+00,1.321101840000080907e+00,8.633890765749054452e+00,6.882172471317853034e+07
1.551746095055308615e+04,2.000000000000000000e+00,2.000000000000000000e+00,1.282972033484947705e+00,3.315791525967096476e+01,4.925227291348309815e+07
1.399042031074798979e+04,2.000000000000000000e+00,3.000000000000000000e+00,1.042832820541299998e+00,1.226918340950535580e+01,4.257703248814864457e+07
1.280397913872454956e+04,1.000000000000000000e+00,2.000000000000000000e+00,1.023827253251255121e+00,2.095359789889359448e+01,3.189411628861636296e+07
1.985463136391947046e+04,7.000000000000000000e+00,2.000000000000000000e+00,1.154073893762109337e+00,3.561653149368808613e+01,6.641924102399619669e+07
1.715778715164353343e+04,6.000000000000000000e+00,3.000000000000000000e+00,8.623495970527276233e-01,3.282094422236904308e+01,4.977951763664024323e+07
1.999054522688388533e+04,1.000000000000000000e+00,3.000000000000000000e+00,1.373167698950235049e+00,1.660867775754011078e+01,7.688120387051974237e+07
1.845569750774800195e+04,5.000000000000000000e+00,2.000000000000000000e+00,1.355225137367122024e+00,1.804590023293657808e+01,6.631828000497552007e+07
1.538356639097541120e+04,8.000000000000000000e+00,1.000000000000000000e+00,9.537069438921228492e-01,1.624919115776710754e+01,3.437124938782487065e+07
1.860587445202632443e+04,8.000000000000000000e+00,1.000000000000000000e+00,1.023844522428954518e+00,2.193663291935449422e+01,4.843353588997682184e+07
1.757316734945995631e+04,4.000000000000000000e+00,1.000000000000000000e+00,9.472857657720814561e-01,9.735609527980386702e+00,3.544875452766096592e+07
1.798917579785674388e+04,5.000000000000000000e+00,2.000000000000000000e+00,1.309020355634356481e+00,3.204521620965354600e+01,6.615001319497145712e+07
1.915281916888192427e+04,1.000000000000000000e+00,3.000000000000000000e+00,1.100352045411340463e+00,2.447866704612086863e+01,6.204284250202354044e+07
1.915218922654374910e+04,8.000000000000000000e+00,2.000000000000000000e+00,8.964769229653567484e-01,2.160183784480744151e+01,5.004645043108473718e+07
1.396750331595768148e+04,1.000000000000000000e+00,1.000000000000000000e+00,1.329483515343837796e+00,1.952814740963041018e+01,3.826629314503826201e+07
1.455673065048416174e+04,2.000000000000000000e+00,2.000000000000000000e+00,1.089171429196934326e+00,2.381738944658971135e+01,3.824375498325698823e+07
1.332004873473543921e+04,5.000000000000000000e+00,2.000000000000000000e+00,1.201687555342664471e+00,9.258447624646489515e+00,4.466893140793017298e+07
1.456394120125494010e+04,1.000000000000000000e+00,1.000000000000000000e+00,1.199519373244494869e+00,2.258377202719258392e+01,3.563939790831717104e+07
1.888182110463889330e+04,6.000000000000000000e+00,3.000000000000000000e+00,9.573582451944808724e-01,3.517664159870685125e+01,6.008884261935002357e+07
1.306863836474680829e+04,8.000000000000000000e+00,2.000000000000000000e+00,1.032836349058891212e+00,2.121096287691481308e+01,3.743202117531492561e+07
1.712635642427984203e+04,8.000000000000000000e+00,3.000000000000000000e+00,1.165163523122038525e+00,3.457952510845889549e+01,7.199450526645492017e+07
1.948315673122601947e+04,1.000000000000000000e+00,2.000000000000000000e+00,9.148005187439055552e-01,2.864946396645035165e+01,4.568203436903443187e+07
1.737463833369957138e+04,1.000000000000000000e+00,3.000000000000000000e+00,1.077107436956439734e+00,2.825623790867987140e+01,5.798256885207939893e+07
1.328710353708594994e+04,4.000000000000000000e+00,1.000000000000000000e+00,1.094765620747819135e+00,1.636437464178699841e+01,3.118931230317928642e+07
1.757323388139421877e+04,4.000000000000000000e+00,1.000000000000000000e+00,1.349891421633907740e+00,3.072119370407870420e+01,5.079315202113765478e+07
1.928353015905169013e+04,2.000000000000000000e+00,3.000000000000000000e+00,1.242685167642722188e+00,1.833026144196386298e+01,7.920401829944486916e+07
1.369755215753230368e+04,8.000000000000000000e+00,1.000000000000000000e+00,1.047087229550634380e+00,1.720910240152750958e+01,3.025813114976037294e+07
1.525800863534036034e+04,1.000000000000000000e+00,1.000000000000000000e+00,1.388766700216222283e+00,3.535047664094523157e+01,4.342224075062105060e+07
1.269807057422963044e+04,6.000000000000000000e+00,2.000000000000000000e+00,1.088295645318059224e+00,3.561224838011046501e+01,3.468100667858588696e+07
1.422171959300421440e+04,6.000000000000000000e+00,3.000000000000000000e+00,1.023082636946659463e+00,2.370317270768480711e+01,4.973157302527519315e+07
1.403431024769340729e+04,1.000000000000000000e+00,3.000000000000000000e+00,8.512883776685633563e-01,3.105676726282859690e+01,3.556951859198102355e+07
1.923577319572359920e+04,5.000000000000000000e+00,3.000000000000000000e+00,1.230786937048662821e+00,1.839056330895697755e+01,7.596410623177751899e+07
1.511387156264404803e+04,6.000000000000000000e+00,1.000000000000000000e+00,1.389673626987938171e+00,1.079345706500756918e+01,4.769082252380968630e+07
1.347111090626805162e+04,1.000000000000000000e+00,3.000000000000000000e+00,1.096725767535531748e+00,2.368794973576591900e+01,4.347567905439949781e+07
1.332030748255797334e+04,4.000000000000000000e+00,3.000000000000000000e+00,9.386324520617456146e-01,2.064159620201672496e+01,3.574684348300407082e+07
1.671646598016175994e+04,6.000000000000000000e+00,3.000000000000000000e+00,1.025126607366859455e+00,1.953877011654104479e+01,5.286190718731421977e+07
1.422405471933612353e+04,7.000000000000000000e+00,2.000000000000000000e+00,1.379723403911377488e+00,2.369281757813712730e+01,5.651370125181444734e+07
1.677135044484327227e+04,7.000000000000000000e+00,1.000000000000000000e+00,9.162828927575165094e-01,6.343363397503354761e+00,3.468607314272809029e+07
1.494745448924984339e+04,4.000000000000000000e+00,2.000000000000000000e+00,1.341637188488939092e+00,3.571087693761553084e+01,5.188393855048215389e+07
1.982623359163170971e+04,7.000000000000000000e+00,2.000000000000000000e+00,1.361114091663246040e+00,1.975862077025264441e+01,7.787043373451633751e+07
1.721782512177034732e+04,1.000000000000000000e+00,3.000000000000000000e+00,8.735063941811707089e-01,1.524406846303484286e+01,4.233395417623801529e+07
1.597549637717947917e+04,4.000000000000000000e+00,3.000000000000000000e+00,1.105061128291049855e+00,1.477371002344691320e+01,5.300671835879612714e+07
1.720931174933668080e+04,3.000000000000000000e+00,3.000000000000000000e+00,8.044056802960201091e-01,2.318813888129628253e+01,4.370683280683683604e+07
1.385967773709248286e+04,8.000000000000000000e+00,1.000000000000000000e+00,8.746596264604029614e-01,7.938243984785664509e+00,2.789539155946307629e+07
1.717050997534054477e+04,5.000000000000000000e+00,1.000000000000000000e+00,1.235704163254145449e+00,8.336381464780439288e+00,4.064256355016193539e+07
1.660739087093121270e+04,4.000000000000000000e+00,1.000000000000000000e+00,9.377701175925773347e-01,1.419934295667507840e+01,3.611821153260133415e+07
1.778680091022742272e+04,3.000000000000000000e+00,2.000000000000000000e+00,1.263818697928294377e+00,6.468691801303001476e+00,5.562040238642499596e+07
1.393411565546447491e+04,7.000000000000000000e+00,2.000000000000000000e+00,9.624108865082440234e-01,1.187184693196336660e+01,3.496432796396360546e+07
1.440737336234924260e+04,2.000000000000000000e+00,1.000000000000000000e+00,1.242728364606446645e+00,2.934506168941683413e+01,3.859204401950831711e+07
1.269795794706627930e+04,3.000000000000000000e+00,3.000000000000000000e+00,1.250726083494382301e+00,8.103021518864908401e+00,4.954825938111535460e+07
1.657097743418700338e+04,2.000000000000000000e+00,2.000000000000000000e+00,9.328431865262165612e-01,1.200067349311921916e+01,3.767332777107036114e+07
1.415191393999413958e+04,7.000000000000000000e+00,1.000000000000000000e+00,9.689249292896580101e-01,1.079705605237107235e+01,3.170281492685568333e+07
1.340713554055866371e+04,3.000000000000000000e+00,2.000000000000000000e+00,1.248725470980964536e+00,2.553350376789527587e+01,4.284046848015913367e+07
1.827739824132504509e+04,2.000000000000000000e+00,2.000000000000000000e+00,9.291129125918725640e-01,2.693580982917226407e+01,4.036080466283779591e+07
1.516356702263782245e+04,4.000000000000000000e+00,2.000000000000000000e+00,8.468709040184450032e-01,1.970227660590887098e+01,3.532088311352135986e+07
1.578355886004538843e+04,1.000000000000000000e+00,1.000000000000000000e+00,1.148210353975689602e+00,1.244214373798441819e+01,3.488078023077167571e+07
1.392377070155305773e+04,3.000000000000000000e+00,3.000000000000000000e+00,9.621400078083107710e-01,1.990455318537350848e+01,4.118915398479837179e+07
1.509331785347035111e+04,1.000000000000000000e+00,2.000000000000000000e+00,1.003205517573831251e+00,1.568100324592572115e+01,3.652848342153766751e+07
1.869256009681949945e+04,2.000000000000000000e+00,2.000000000000000000e+00,8.468845244300459152e-01,3.504219605032186280e+01,4.350637842705275863e+07
1.875538020959876303e+04,3.000000000000000000e+00,2.000000000000000000e+00,1.041735666404393079e+00,1.749938745733679468e+01,4.893092984692763537e+07
1.443158365944944308e+04,7.000000000000000000e+00,3.000000000000000000e+00,1.100863107505363869e+00,1.631681563952246705e+01,5.411048212629728019e+07
1.946644979273049830e+04,3.000000000000000000e+00,3.000000000000000000e+00,1.350041798346575117e+00,2.400914789404323813e+01,7.497101484171764553e+07
1.812676465505679153e+04,8.000000000000000000e+00,3.000000000000000000e+00,1.353745052294158535e+00,1.672857885939811950e+01,8.822738531794670224e+07
1.256147744248806885e+04,4.000000000000000000e+00,3.000000000000000000e+00,1.133670956761235082e+00,1.160673957526417865e+01,4.414735766839659214e+07
1.452531035689431155e+04,3.000000000000000000e+00,2.000000000000000000e+00,1.269705880652907570e+00,3.055798793634609112e+01,4.549740588785133511e+07
1.932602377415508818e+04,7.000000000000000000e+00,3.000000000000000000e+00,8.556173172982582953e-01,1.186440902551522214e+01,5.773858438657932729e+07
1.394988869513113787e+04,4.000000000000000000e+00,3.000000000000000000e+00,1.064698413121252907e+00,1.165753065222972396e+01,4.541011195264359564e+07
1.497247426512727179e+04,8.000000000000000000e+00,2.000000000000000000e+00,9.216871770481049886e-01,1.001066152993317715e+01,3.691401530014401674e+07
1.850246611068594211e+04,3.000000000000000000e+00,3.000000000000000000e+00,1.282195438338907145e+00,8.070872893551879201e+00,7.031438793877862394e+07
1.544673336989124073e+04,3.000000000000000000e+00,2.000000000000000000e+00,9.898956686475605116e-01,1.418265657021558823e+01,3.899281083160866797e+07
1.858780617488474309e+04,7.000000000000000000e+00,2.000000000000000000e+00,9.064420403345221366e-01,2.861994483439796966e+01,4.577762270446652919e+07
1.874383086836863367e+04,3.000000000000000000e+00,2.000000000000000000e+00,1.121481983374327029e+00,3.241601830931877259e+01,5.296965070729358494e+07
1.969073951227706493e+04,8.000000000000000000e+00,3.000000000000000000e+00,9.588017445816294781e-01,2.002379541322514456e+01,6.801112949275739491e+07
1.564337049064461098e+04,2.000000000000000000e+00,2.000000000000000000e+00,1.043141152409476691e+00,6.007643235897721645e+00,4.304717465739832073e+07
1.649452699162086719e+04,3.000000000000000000e+00,2.000000000000000000e+00,9.500549937198226047e-01,9.124663916427554256e+00,3.848636137249023467e+07
1.417255992650132976e+04,7.000000000000000000e+00,1.000000000000000000e+00,1.221873364433260889e+00,1.551285336315545749e+01,3.962462261990873516e+07
1.800029189748998760e+04,7.000000000000000000e+00,3.000000000000000000e+00,1.251814509326651281e+00,1.057842989245515142e+01,7.438761348537367582e+07
1.838254790797242094e+04,7.000000000000000000e+00,1.000000000000000000e+00,1.159390831775466424e+00,1.128144402554076464e+01,4.755220287942564487e+07
1.373711301326375178e+04,2.000000000000000000e+00,3.000000000000000000e+00,1.022701016455589640e+00,2.292605175207992474e+01,4.091548696270006150e+07
1.247089902851657462e+04,6.000000000000000000e+00,3.000000000000000000e+00,1.053141161444560936e+00,3.411928646099830331e+01,4.288149857627460361e+07
1.750149736346859572e+04,3.000000000000000000e+00,1.000000000000000000e+00,1.139055808067024333e+00,2.794004213933637004e+01,4.312062117408359051e+07
1.372322579620730176e+04,1.000000000000000000e+00,2.000000000000000000e+00,1.094368143754018252e+00,3.274999096083887196e+01,3.783212975139080733e+07
1.666797442858177965e+04,3.000000000000000000e+00,2.000000000000000000e+00,9.059859230578463096e-01,1.514086010822745010e+01,3.869413527261839062e+07
1.420687776231021780e+04,4.000000000000000000e+00,2.000000000000000000e+00,1.022772908367801437e+00,2.770163707556621091e+01,3.735701977486383915e+07
1.576777853631049766e+04,1.000000000000000000e+00,1.000000000000000000e+00,8.376510775493343219e-01,3.161454205770310111e+01,2.648871312064544111e+07
1.625030039223251879e+04,6.000000000000000000e+00,3.000000000000000000e+00,1.179851170310490138e+00,3.255467402665875909e+01,6.519427496298591793e+07
1.593979927795453659e+04,3.000000000000000000e+00,3.000000000000000000e+00,1.351194095917677362e+00,2.848612286952378625e+01,6.455010114766085893e+07
1.624320375024705572e+04,2.000000000000000000e+00,3.000000000000000000e+00,8.587877130782347601e-01,2.698001810175936299e+01,3.967197544267869741e+07
1.498706133451688765e+04,5.000000000000000000e+00,1.000000000000000000e+00,1.167093272965014972e+00,2.036461793725396063e+01,3.786563852657772601e+07
1.315370665864346483e+04,6.000000000000000000e+00,3.000000000000000000e+00,1.070430617330081047e+00,1.272030525094928777e+01,4.515542497737322748e+07
1.875468247476586839e+04,1.000000000000000000e+00,3.000000000000000000e+00,1.264754089429195982e+00,1.467374033784227905e+01,6.836595921556113660e+07
1.884211095505522098e+04,7.000000000000000000e+00,3.000000000000000000e+00,8.379281285422324199e-01,2.663040136716248441e+01,4.865126034080578387e+07
1.997129833575771772e+04,3.000000000000000000e+00,2.000000000000000000e+00,1.369535612441698635e+00,1.879764771187142003e+01,7.135230405419200659e+07
1.248215422916197349e+04,3.000000000000000000e+00,1.000000000000000000e+00,1.098788729064809955e+00,3.384521811495735477e+01,2.605441242757510021e+07
1.852005657106527360e+04,1.000000000000000000e+00,2.000000000000000000e+00,1.063166678310198066e+00,2.254048969065338781e+01,4.945921557028398663e+07
1.358280786181207986e+04,6.000000000000000000e+00,2.000000000000000000e+00,9.888443505975097469e-01,3.452784954241884918e+01,3.941732956029170007e+07
1.618563173992276279e+04,3.000000000000000000e+00,2.000000000000000000e+00,1.397726851131900538e+00,1.080667330595790787e+01,5.545386058231196553e+07
1.205806545905243365e+04,7.000000000000000000e+00,1.000000000000000000e+00,1.144114060528142574e+00,2.213168550940513057e+01,3.160035219349402189e+07
1.319707523738155396e+04,1.000000000000000000e+00,1.000000000000000000e+00,1.018415412900556261e+00,3.015348085198282035e+01,2.539109183411212265e+07
1.395127928235646868e+04,6.000000000000000000e+00,1.000000000000000000e+00,1.276032871617702957e+00,1.305747914063941373e+01,4.114079604978835583e+07
1.325863346509754410e+04,3.000000000000000000e+00,3.000000000000000000e+00,1.194930534605005867e+00,2.458624349967803369e+01,5.271398114724245667e+07
1.685861751886074853e+04,3.000000000000000000e+00,2.000000000000000000e+00,1.060274474310767712e+00,2.574091072980510120e+01,4.682038055891931057e+07
1.408982064967994120e+04,1.000000000000000000e+00,2.000000000000000000e+00,1.110987554494072604e+00,2.676215176544775076e+01,3.937022985909193754e+07
1.341922982354391206e+04,4.000000000000000000e+00,3.000000000000000000e+00,1.187229468730746751e+00,2.875942848749322778e+01,4.818380312573686242e+07
1.291000666431846548e+04,2.000000000000000000e+00,3.000000000000000000e+00,9.668004067072041297e-01,1.026106993950450530e+01,3.940774260758797079e+07
1.687992532289946394e+04,6.000000000000000000e+00,2.000000000000000000e+00,1.056923084358745601e+00,2.112009808334396865e+01,4.664814057791982591e+07
1.541598097053023048e+04,5.000000000000000000e+00,1.000000000000000000e+00,1.077169935257377364e+00,1.643292627378221482e+01,3.721262258714503795e+07
1.632381640244608570e+04,5.000000000000000000e+00,3.000000000000000000e+00,1.373445662203181428e+00,2.132576346856443195e+01,6.730210689251849055e+07
1.388564821543109974e+04,3.000000000000000000e+00,1.000000000000000000e+00,1.318701545048327928e+00,1.109578799680357619e+01,3.492673429042820632e+07
1.860700249771778908e+04,5.000000000000000000e+00,2.000000000000000000e+00,1.288493501682759668e+00,3.573531545811081145e+01,6.325622912012542784e+07
1.358991406634431587e+04,6.000000000000000000e+00,1.000000000000000000e+00,1.399019408785313834e+00,1.567545463499780212e+01,4.372993988874534518e+07
1.691488370042497991e+04,6.000000000000000000e+00,3.000000000000000000e+00,1.320590153490714735e+00,2.084236551294191031e+01,7.863643953872279823e+07
1.942508348931395813e+04,6.000000000000000000e+00,1.000000000000000000e+00,8.794764059777575582e-01,3.416757722386310547e+01,3.424239927616008371e+07
1.789158430062888146e+04,1.000000000000000000e+00,1.000000000000000000e+00,1.380930271491874084e+00,1.349620934250617310e+01,4.824145672709665447e+07
1.900125577099444490e+04,5.000000000000000000e+00,3.000000000000000000e+00,1.231763742351874358e+00,2.292108431514578015e+01,7.525522590055003762e+07
1.873790157055882446e+04,7.000000000000000000e+00,2.000000000000000000e+00,8.048070198759734728e-01,3.005287190393167762e+01,4.108883229779526591e+07
1.363253652470493580e+04,1.000000000000000000e+00,1.000000000000000000e+00,9.552606937702717849e-01,2.410119315985453881e+01,2.599209922479274869e+07
1.202683471600264784e+04,6.000000000000000000e+00,3.000000000000000000e+00,9.775634237171388907e-01,1.937747310127853950e+01,3.833261525330314040e+07
1.533930798119996325e+04,2.000000000000000000e+00,1.000000000000000000e+00,1.365974645385082287e+00,1.323077933492173663e+01,4.239366028515044600e+07
1.762826210164087388e+04,3.000000000000000000e+00,3.000000000000000000e+00,1.064445102121845954e+00,1.653241602836002855e+01,5.673232931866560131e+07
1.315011262812025961e+04,5.000000000000000000e+00,1.000000000000000000e+00,1.146667211405532516e+00,1.145703072161881764e+01,3.072151774930363148e+07
1.486489805792390689e+04,5.000000000000000000e+00,1.000000000000000000e+00,9.654002929353477924e-01,2.242090683327592160e+01,3.148311701001270488e+07
1.433616120869834049e+04,7.000000000000000000e+00,2.000000000000000000e+00,1.133179709893477272e+00,8.136809303137237492e+00,4.227485433838395029e+07
1.285777692558266972e+04,5.000000000000000000e+00,3.000000000000000000e+00,1.074733548300557340e+00,1.974035220155771952e+01,4.537060862773700804e+07
1.209331567278010698e+04,7.000000000000000000e+00,1.000000000000000000e+00,9.078086952729289560e-01,3.497608713328381214e+01,2.386539132193212584e+07
1.931488434337412764e+04,3.000000000000000000e+00,1.000000000000000000e+00,1.388719786437802028e+00,2.696144091915547847e+01,5.300370494033356011e+07
1.971975328531207560e+04,1.000000000000000000e+00,3.000000000000000000e+00,1.037644491441766181e+00,1.009930215656519437e+01,5.728414478035432100e+07
1.923200073845696534e+04,6.000000000000000000e+00,2.000000000000000000e+00,1.288757178411499282e+00,9.071785528769073181e+00,6.424385736617900431e+07
1.964579467055098939e+04,7.000000000000000000e+00,3.000000000000000000e+00,9.544264898677712328e-01,2.552606423287609161e+01,6.062866997544305027e+07
1.889187809699299032e+04,1.000000000000000000e+00,3.000000000000000000e+00,1.061118376634706983e+00,2.655519849369499852e+01,6.336126685141058266e+07
1.213950099573981061e+04,6.000000000000000000e+00,2.000000000000000000e+00,9.230153025284846269e-01,2.952466466812813550e+01,3.097539877811374888e+07
1.474257105907801815e+04,4.000000000000000000e+00,3.000000000000000000e+00,8.113765847361423811e-01,2.601019230036020602e+01,3.710436087957234681e+07
1.420413911620391445e+04,8.000000000000000000e+00,1.000000000000000000e+00,1.050760468557756067e+00,3.097311537887058108e+01,3.503748029855994135e+07
1.941120033353135659e+04,3.000000000000000000e+00,2.000000000000000000e+00,8.649440190603050471e-01,2.669888864672379469e+01,4.334103989610759169e+07
1.607245130924925070e+04,6.000000000000000000e+00,1.000000000000000000e+00,8.062378906123303102e-01,1.664089790973912386e+01,2.743544370538000390e+07
1.719443431904011231e+04,6.000000000000000000e+00,2.000000000000000000e+00,8.006734097584153886e-01,2.824551061704384836e+01,3.486580788497829437e+07
1.486918907218764798e+04,2.000000000000000000e+00,1.000000000000000000e+00,1.030529522704072942e+00,2.847266700154032648e+01,3.094937838987503573e+07
1.943663374387397926e+04,5.000000000000000000e+00,1.000000000000000000e+00,9.098308825537868572e-01,1.331727644184356762e+01,3.749948257662443817e+07
1.977061653616114927e+04,3.000000000000000000e+00,1.000000000000000000e+00,1.083551239028578861e+00,3.266967924620374220e+01,4.713196355377775431e+07
1.677079715031116939e+04,6.000000000000000000e+00,2.000000000000000000e+00,8.364828940728334938e-01,1.996353065993131182e+01,3.695505417573692650e+07
1.436854215450873198e+04,7.000000000000000000e+00,3.000000000000000000e+00,1.134577363189062993e+00,3.165213616690331477e+01,5.421606845774769783e+07
1.395351481038218117e+04,6.000000000000000000e+00,2.000000000000000000e+00,1.138143785851120748e+00,2.528811179209639448e+01,4.179472403476890177e+07
1.411628146697862394e+04,8.000000000000000000e+00,3.000000000000000000e+00,1.010467967434422576e+00,3.541683534242521603e+01,5.065480520946684480e+07
1.949990808129785000e+04,7.000000000000000000e+00,2.000000000000000000e+00,1.145894761797086492e+00,3.053576952886234963e+01,6.093769027940727770e+07
1.384491296061960747e+04,7.000000000000000000e+00,2.000000000000000000e+00,8.305678918710721614e-01,2.152083848872328886e+01,3.130563716362915188e+07
1.897631383400336199e+04,3.000000000000000000e+00,2.000000000000000000e+00,1.058603933874803005e+00,1.839061043783600979e+01,5.238370348590727150e+07
1.335496767391061439e+04,8.000000000000000000e+00,1.000000000000000000e+00,9.183855027907492641e-01,2.848301652478733459e+01,2.707774397966548800e+07
1.670964971038312069e+04,3.000000000000000000e+00,3.000000000000000000e+00,8.928928731887847414e-01,2.973948748775778483e+01,4.423079597143838555e+07
1.619839296760235084e+04,4.000000000000000000e+00,1.000000000000000000e+00,1.201276385245531486e+00,2.660842690230683161e+01,4.273892458692607284e+07
1.633906240216849801e+04,2.000000000000000000e+00,3.000000000000000000e+00,9.741988684270368459e-01,7.146640675682823129e+00,5.004026828896106035e+07
1.697206619171448983e+04,3.000000000000000000e+00,3.000000000000000000e+00,8.486218881788287760e-01,6.576187503070376472e+00,4.072354520581118762e+07
1.895883818159997827e+04,5.000000000000000000e+00,3.000000000000000000e+00,9.083255651888491045e-01,1.734355264024605958e+01,5.282313391801981628e+07
1.618849359294271017e+04,7.000000000000000000e+00,1.000000000000000000e+00,1.043563653574915540e+00,1.192790944731387626e+01,3.828070978971885890e+07
1.707675153079062875e+04,4.000000000000000000e+00,1.000000000000000000e+00,1.196243096942129380e+00,2.105851925414016534e+01,4.553023553019303083e+07
1.587917614182796024e+04,1.000000000000000000e+00,2.000000000000000000e+00,8.054287239322373004e-01,1.388319224543289110e+01,3.086922360926600546e+07
1.900708444678214437e+04,4.000000000000000000e+00,1.000000000000000000e+00,1.126919252065943677e+00,2.875599674962696284e+01,4.571852601447930187e+07
1.571385505683039810e+04,3.000000000000000000e+00,2.000000000000000000e+00,1.365639575228817959e+00,2.473099906189388975e+01,5.752687508533693105e+07
1.885806960130497464e+04,6.000000000000000000e+00,1.000000000000000000e+00,9.510119972725963322e-01,2.642789904297447023e+01,4.074403705542396754e+07
1.732566932167702544e+04,7.000000000000000000e+00,3.000000000000000000e+00,1.191666997404118078e+00,3.481270235147069059e+01,6.833594634466564655e+07
1.536018172860860795e+04,4.000000000000000000e+00,1.000000000000000000e+00,1.086839376787860800e+00,3.149077260194500383e+01,3.482698267967537791e+07
1.577026318594672193e+04,5.000000000000000000e+00,1.000000000000000000e+00,1.147506170576573892e+00,1.286958925481678762e+01,3.924601178199072927e+07
1.228216283755702716e+04,6.000000000000000000e+00,1.000000000000000000e+00,8.358228582600952805e-01,2.702073846536199397e+01,2.386204577882185206e+07
1.457213927540477562e+04,8.000000000000000000e+00,3.000000000000000000e+00,1.167600084206144917e+00,1.103047717185767596e+01,5.618369372833944857e+07
1.539169418631767985e+04,5.000000000000000000e+00,2.000000000000000000e+00,1.195699597107751533e+00,2.855340495427731540e+01,5.055868141414396465e+07
1.675198335974366637e+04,1.000000000000000000e+00,3.000000000000000000e+00,1.386544888676965570e+00,1.914269065747057397e+01,6.551629508663608879e+07
1.201927331492584563e+04,4.000000000000000000e+00,3.000000000000000000e+00,9.304203386407858822e-01,1.663044215497325951e+01,3.474579403485596925e+07
1.828060250058591191e+04,8.000000000000000000e+00,3.000000000000000000e+00,1.191668060273811003e+00,2.425039219606887286e+01,7.134788149267363548e+07
1.457674202482496548e+04,7.000000000000000000e+00,2.000000000000000000e+00,8.232161428281071780e-01,9.986308284481534514e+00,3.596377089442693442e+07
1.280072649829854709e+04,5.000000000000000000e+00,1.000000000000000000e+00,8.657142243875647347e-01,1.275385528402808077e+01,2.294258726595943049e+07
1.635130396156360439e+04,4.000000000000000000e+00,2.000000000000000000e+00,8.025138172424859384e-01,3.184930264500722785e+01,3.587766751785979420e+07
1.317388151049393855e+04,8.000000000000000000e+00,3.000000000000000000e+00,1.303846191933741183e+00,1.389960056004823485e+01,5.531462756647531688e+07
1.771340551466637407e+04,6.000000000000000000e+00,1.000000000000000000e+00,1.197320672178998846e+00,2.826850778895684613e+01,5.319732858103441447e+07
1.391451705816310823e+04,2.000000000000000000e+00,1.000000000000000000e+00,1.045067643906839594e+00,2.692450309524234697e+01,3.021858530256945267e+07
1.752085209853243578e+04,5.000000000000000000e+00,1.000000000000000000e+00,1.076523817850364662e+00,2.465834859440741766e+01,4.001811520010662824e+07
1.997765427516881391e+04,3.000000000000000000e+00,3.000000000000000000e+00,1.113641982425961796e+00,2.328950867009522341e+01,6.755222466870379448e+07
1.598149476128755850e+04,6.000000000000000000e+00,2.000000000000000000e+00,1.335208325613676195e+00,2.052679300502041571e+01,6.027418437789254636e+07
1.209356271261149232e+04,7.000000000000000000e+00,2.000000000000000000e+00,8.096898414599495997e-01,1.110175534927938301e+01,2.732939775403460488e+07
1.332739518574062822e+04,6.000000000000000000e+00,2.000000000000000000e+00,1.148463802464008143e+00,3.214111395665712223e+01,4.120067253290051967e+07
1.461405243507910563e+04,3.000000000000000000e+00,2.000000000000000000e+00,8.023805696321195668e-01,2.091325793740788441e+01,2.841022394549409300e+07
1.614159359183516426e+04,6.000000000000000000e+00,3.000000000000000000e+00,1.041547831382402478e+00,1.251995691674372324e+01,5.553833510873629153e+07
1.804176045100989359e+04,1.000000000000000000e+00,2.000000000000000000e+00,8.228526413898178404e-01,2.169752951203802027e+01,3.759035686218391359e+07
1.625480709260663753e+04,4.000000000000000000e+00,3.000000000000000000e+00,1.165994355623376721e+00,3.020345550059302298e+01,5.823774103077459335e+07
1.830891887237689298e+04,5.000000000000000000e+00,1.000000000000000000e+00,1.286379288129738452e+00,6.706048641576768610e+00,4.973639391011945158e+07
1.354030351256564791e+04,6.000000000000000000e+00,2.000000000000000000e+00,1.381559591566707823e+00,1.320417219170581546e+01,5.202421432550621778e+07
1.398619832539703384e+04,7.000000000000000000e+00,2.000000000000000000e+00,8.648175786608524040e-01,1.662955933279524245e+01,3.278597455052668229e+07
1.403129014543296216e+04,1.000000000000000000e+00,1.000000000000000000e+00,9.759804820745954235e-01,1.502822595592952837e+01,2.659537978219640255e+07
1.498325947607666603e+04,1.000000000000000000e+00,2.000000000000000000e+00,1.251510726984085276e+00,1.315722578443620527e+01,4.339536368588981032e+07
1.659502371640574711e+04,8.000000000000000000e+00,1.000000000000000000e+00,1.160543056241050586e+00,7.537456734111096068e+00,4.352419066124535352e+07
1.409884373573718040e+04,3.000000000000000000e+00,1.000000000000000000e+00,1.141642860010563476e+00,3.023787713832583890e+01,3.475695255118059367e+07
1.875851439015095821e+04,7.000000000000000000e+00,1.000000000000000000e+00,1.274648435449224015e+00,2.321457294193867682e+01,5.559470235758763552e+07
1.244211873560571439e+04,3.000000000000000000e+00,2.000000000000000000e+00,1.044407522392226451e+00,3.055955149666494819e+01,3.286218957967955619e+07
1.378657721735680752e+04,6.000000000000000000e+00,1.000000000000000000e+00,1.020965310403033399e+00,2.586004154545128131e+01,3.105821383968285844e+07
1.739150056531882728e+04,5.000000000000000000e+00,1.000000000000000000e+00,1.302616262703216066e+00,6.964508669237628347e+00,5.011957321390214562e+07
1.265798912757780818e+04,5.000000000000000000e+00,2.000000000000000000e+00,1.307758077655382767e+00,1.058842786183232576e+01,4.461782103230450302e+07
1.659055998402547266e+04,5.000000000000000000e+00,1.000000000000000000e+00,8.670692166353126673e-01,3.587761212517480658e+01,3.157611472707135230e+07
1.893409587395538983e+04,7.000000000000000000e+00,1.000000000000000000e+00,1.022539876341021392e+00,1.029314366099910671e+01,4.963609943079120666e+07
1.546259793796687518e+04,3.000000000000000000e+00,1.000000000000000000e+00,9.357955273904713378e-01,2.427402712180690969e+01,2.883079942175157741e+07
1.492339170563170046e+04,4.000000000000000000e+00,1.000000000000000000e+00,1.123423929162053581e+00,3.180810187189545601e+01,3.685645951913759857e+07
1.735675537570141751e+04,5.000000000000000000e+00,2.000000000000000000e+00,1.378981276333245631e+00,7.434239581115578588e+00,6.131342506679378450e+07
1.896294661840871049e+04,3.000000000000000000e+00,1.000000000000000000e+00,1.002287208943083430e+00,3.058341009906589392e+01,4.077923733583314717e+07
1.211405401506136513e+04,4.000000000000000000e+00,1.000000000000000000e+00,8.283954538155418046e-01,2.819773944012356637e+01,2.073143085029929504e+07
1.428991434410187139e+04,3.000000000000000000e+00,3.000000000000000000e+00,9.235859373794796934e-01,2.175144347365612418e+01,3.851775353304057568e+07
1.220513321843506674e+04,6.000000000000000000e+00,3.000000000000000000e+00,1.172491635191648118e+00,2.589626408767411547e+01,4.803465308767578751e+07
1.310540304911828935e+04,4.000000000000000000e+00,2.000000000000000000e+00,9.386472194225579102e-01,7.896574029857537980e+00,3.121131508345030248e+07
1.597491522111016093e+04,1.000000000000000000e+00,2.000000000000000000e+00,1.361247027518242003e+00,6.615911992273526110e+00,5.194870433404631913e+07
1.742835794570375219e+04,8.000000000000000000e+00,2.000000000000000000e+00,1.269334376431121791e+00,1.073340619784505101e+01,5.871732058121847361e+07
1.393958375637466816e+04,8.000000000000000000e+00,1.000000000000000000e+00,1.238933656049329146e+00,3.384074877379218549e+01,4.143644310360389948e+07
1.957083372539616539e+04,2.000000000000000000e+00,1.000000000000000000e+00,1.344942385764425374e+00,2.215474511838865013e+01,5.208657733971231431e+07
1.649487840699484514e+04,2.000000000000000000e+00,1.000000000000000000e+00,9.128892428962860350e-01,8.640320631659083261e+00,3.076220976586790755e+07
1.377752657678255491e+04,1.000000000000000000e+00,2.000000000000000000e+00,1.127777554746472788e+00,3.024398661488284290e+01,3.910296681506972015e+07
1.889098474354928112e+04,7.000000000000000000e+00,2.000000000000000000e+00,8.097366476799402468e-01,2.514056862062081521e+01,4.671396815515548736e+07
1.634819590266995510e+04,2.000000000000000000e+00,3.000000000000000000e+00,8.000321610784288939e-01,2.212885046144277368e+01,3.951185271757398546e+07
1.651437735796493507e+04,5.000000000000000000e+00,1.000000000000000000e+00,1.025292536412204303e+00,7.881721767202354734e+00,3.689171870081852376e+07
1.315610395435102691e+04,6.000000000000000000e+00,1.000000000000000000e+00,1.286513528151072006e+00,3.128438992828190379e+01,3.926559836724676192e+07
1.927039253850272871e+04,8.000000000000000000e+00,3.000000000000000000e+00,1.021614371116506659e+00,2.481016258046835787e+01,6.240883227217310667e+07
1.931617777080363157e+04,7.000000000000000000e+00,2.000000000000000000e+00,9.166846285460791277e-01,1.328062428331592670e+01,5.014139047729441524e+07
1.928699423944046430e+04,5.000000000000000000e+00,3.000000000000000000e+00,1.235390006526533080e+00,2.911944065623823974e+01,7.317563574827618897e+07
1.639405794396247074e+04,6.000000000000000000e+00,1.000000000000000000e+00,1.071831643724399541e+00,3.079331620148549931e+01,3.578896797195564955e+07
1.855955212811558522e+04,1.000000000000000000e+00,1.000000000000000000e+00,1.312516028443423410e+00,7.162816872598188667e+00,4.757244793684252352e+07
1.314741934072287950e+04,6.000000000000000000e+00,1.000000000000000000e+00,9.368522084783145187e-01,2.631472077167277490e+01,2.671189420974508300e+07
1.316064280164545198e+04,7.000000000000000000e+00,2.000000000000000000e+00,9.937025446477880664e-01,1.179987589090448452e+01,3.586796098412100226e+07
1.742906460270200478e+04,4.000000000000000000e+00,1.000000000000000000e+00,1.214406495645656614e+00,1.417827335595781513e+01,4.386917487712165713e+07
1.825367667415107280e+04,2.000000000000000000e+00,3.000000000000000000e+00,9.328177258616420220e-01,2.185199677751398895e+01,5.031180778348640352e+07
1.959516440783783037e+04,1.000000000000000000e+00,1.000000000000000000e+00,1.292991712394912618e+00,3.176118482683338939e+01,5.212512276353906095e+07
1.527476660030203129e+04,1.000000000000000000e+00,3.000000000000000000e+00,1.188668517280257131e+00,8.572976970987628675e+00,4.709838351152987033e+07
1.259205588978431297e+04,1.000000000000000000e+00,3.000000000000000000e+00,1.065047716664553779e+00,2.381714018368916896e+01,3.914585618283327669e+07
1.515736349887387769e+04,8.000000000000000000e+00,1.000000000000000000e+00,1.216598467349539581e+00,2.210919979222354215e+01,3.977051811904262006e+07
1.378726253912677566e+04,5.000000000000000000e+00,2.000000000000000000e+00,1.164628830008091365e+00,8.304730491297121375e+00,4.240449927654974163e+07
1.728520923443719948e+04,1.000000000000000000e+00,2.000000000000000000e+00,1.018584106475996620e+00,2.082456886714218314e+01,4.269120222693314403e+07
1.717728543976437504e+04,8.000000000000000000e+00,2.000000000000000000e+00,8.379104866318005662e-01,2.302467638580091958e+01,4.078475256717204303e+07
1.220632647518473095e+04,3.000000000000000000e+00,1.000000000000000000e+00,1.171483331574304954e+00,1.983320965559066451e+01,3.031573373482100293e+07
1.729936151181697642e+04,3.000000000000000000e+00,3.000000000000000000e+00,1.175623206113880048e+00,8.137055206046046152e+00,6.051474826231539249e+07
1.796365217198449318e+04,3.000000000000000000e+00,1.000000000000000000e+00,9.728385369197187771e-01,3.400404152998908813e+01,3.541419921975717694e+07
1.748798413910214731e+04,1.000000000000000000e+00,1.000000000000000000e+00,1.139645555851100056e+00,2.810104332080562628e+01,4.125742255510565639e+07
1.998959509217804953e+04,3.000000000000000000e+00,1.000000000000000000e+00,1.115779387736111072e+00,1.693302750535897871e+01,4.381059107155872136e+07
1.571672048147787245e+04,8.000000000000000000e+00,3.000000000000000000e+00,1.379947968886435117e+00,7.225781542918893408e+00,7.347072133651983738e+07
1.857601481305436391e+04,2.000000000000000000e+00,1.000000000000000000e+00,8.055682953664252688e-01,6.081647515638511692e+00,3.125674233622125536e+07
1.507184821594389541e+04,3.000000000000000000e+00,1.000000000000000000e+00,1.322435131871604774e+00,7.336097660374323759e+00,3.826279472019401938e+07
1.825101274196247323e+04,5.000000000000000000e+00,1.000000000000000000e+00,1.392232956995724358e+00,2.176041171320814627e+01,5.882431362259470671e+07
1.830720370097815612e+04,8.000000000000000000e+00,2.000000000000000000e+00,1.356990252142071585e+00,1.335848707503284594e+01,6.429028416849660128e+07
1.801553252552253980e+04,6.000000000000000000e+00,2.000000000000000000e+00,1.320778263003941300e+00,8.442663657496378704e+00,6.491983730446597934e+07
1.499360750655020092e+04,5.000000000000000000e+00,3.000000000000000000e+00,1.233581820091070202e+00,1.276352640239034564e+01,6.308127071254885942e+07
1.436539328392649077e+04,8.000000000000000000e+00,2.000000000000000000e+00,1.007089306493258674e+00,2.571893514828008165e+01,4.141699779759641737e+07
1.480205740563799918e+04,2.000000000000000000e+00,2.000000000000000000e+00,1.363364469428391512e+00,3.168838133054136819e+01,4.966149954579915106e+07
1.252581389731216041e+04,8.000000000000000000e+00,1.000000000000000000e+00,1.105599165074719004e+00,2.486160802330754294e+01,3.093137671490187198e+07
1.710666389471245566e+04,3.000000000000000000e+00,2.000000000000000000e+00,8.834899757762976202e-01,3.218753745132324440e+01,3.980404233346598595e+07
1.421631041628435560e+04,1.000000000000000000e+00,3.000000000000000000e+00,9.321517681614807094e-01,2.462666055969673806e+01,3.837956143366253376e+07
1.795064560708027420e+04,3.000000000000000000e+00,1.000000000000000000e+00,1.223931600605575376e+00,1.540227540455533806e+01,4.581386803937094659e+07
1.762852414802010753e+04,3.000000000000000000e+00,2.000000000000000000e+00,1.084910424003680429e+00,2.972914965339321469e+01,4.538844116852408648e+07
1.205835953742298079e+04,5.000000000000000000e+00,2.000000000000000000e+00,9.577435818996321570e-01,6.697618765092236970e+00,3.316846478026207536e+07
1.856076292741364887e+04,3.000000000000000000e+00,2.000000000000000000e+00,1.094456564853702574e+00,2.562289232960834440e+01,5.474910872014255077e+07
1.952413844626150967e+04,7.000000000000000000e+00,2.000000000000000000e+00,1.006430155771922408e+00,1.921544890061626276e+01,5.843165505330773443e+07
1.423719724219403361e+04,5.000000000000000000e+00,1.000000000000000000e+00,1.377667336700527878e+00,2.768303853239671852e+01,4.187905018217190355e+07
1.840914515932513314e+04,8.000000000000000000e+00,3.000000000000000000e+00,1.012211494704886583e+00,1.547963807836412187e+01,6.500635522847476602e+07
1.501218296663795627e+04,5.000000000000000000e+00,1.000000000000000000e+00,1.394100207660615265e+00,8.536182642941588128e+00,4.233990533707282692e+07
1.873510539477618295e+04,3.000000000000000000e+00,3.000000000000000000e+00,8.141575831545028175e-01,2.060645031808227756e+01,4.759537346089766175e+07
1.493089692063049370e+04,4.000000000000000000e+00,2.000000000000000000e+00,1.180915381322983126e+00,3.376535953501641529e+01,4.502660298506268859e+07
1.696679429204175904e+04,7.000000000000000000e+00,2.000000000000000000e+00,1.023290674867969319e+00,1.511987566839223263e+01,4.859772230055159330e+07
1.372000157826772011e+04,7.000000000000000000e+00,3.000000000000000000e+00,1.364835211571102214e+00,3.406596223072747875e+01,5.911946129042854160e+07
1.345806540477064300e+04,6.000000000000000000e+00,1.000000000000000000e+00,9.000031775575098036e-01,1.231520264574995416e+01,2.683344963477942720e+07
1.609517297261030217e+04,3.000000000000000000e+00,2.000000000000000000e+00,9.246715635680796685e-01,2.380335802614283836e+01,3.882236941101308912e+07
1.884868533021483745e+04,5.000000000000000000e+00,1.000000000000000000e+00,1.344582202487803357e+00,1.143159780502553957e+01,5.184487529006873816e+07
1.502719608809446981e+04,2.000000000000000000e+00,3.000000000000000000e+00,1.102499563972999752e+00,2.779444559955042493e+01,4.880476829339571297e+07
1.991155962178930713e+04,3.000000000000000000e+00,2.000000000000000000e+00,9.020281855693864648e-01,2.841335771693336909e+01,4.698121921269428730e+07
1.314546693624175714e+04,7.000000000000000000e+00,1.000000000000000000e+00,1.189943353587239683e+00,3.177597504992800737e+01,3.585673626650097966e+07
1.873814784164372031e+04,5.000000000000000000e+00,1.000000000000000000e+00,1.293346604737079630e+00,2.921099823547285368e+01,5.470276498369722068e+07
1.238646296888649158e+04,5.000000000000000000e+00,1.000000000000000000e+00,1.398729840813307312e+00,8.385704870084330409e+00,4.126772931492723525e+07
1.264797948522027946e+04,2.000000000000000000e+00,3.000000000000000000e+00,1.215841664249647680e+00,3.146134860577461367e+01,4.591959763196258992e+07
1.240875569403207737e+04,5.000000000000000000e+00,1.000000000000000000e+00,8.208692708915666936e-01,9.793040674375932397e+00,2.285564709273105487e+07
1.516550967037249393e+04,8.000000000000000000e+00,1.000000000000000000e+00,1.238588788029272081e+00,1.236513700862832366e+01,4.146492719241977483e+07
1.567218247808373235e+04,3.000000000000000000e+00,1.000000000000000000e+00,1.238471170598369087e+00,2.152503103811926621e+01,4.159725637788040936e+07
1.641297094013841343e+04,2.000000000000000000e+00,2.000000000000000000e+00,1.145329074420369464e+00,1.885809777855278924e+01,4.610385903469695896e+07
1.233564693863491266e+04,6.000000000000000000e+00,2.000000000000000000e+00,1.343574582991178712e+00,2.450764868225229520e+01,4.114441262535320967e+07
1.850371734498061051e+04,3.000000000000000000e+00,1.000000000000000000e+00,1.011693366240550951e+00,1.218706147504587634e+01,3.703045089630714059e+07
1.540039836539257340e+04,7.000000000000000000e+00,3.000000000000000000e+00,1.039576283433318205e+00,2.931588181914874625e+01,5.377195274759405851e+07
1.942880936747579108e+04,1.000000000000000000e+00,2.000000000000000000e+00,1.127787466370060665e+00,1.943427507202454407e+01,5.005952964331895113e+07
1.984384513813585727e+04,2.000000000000000000e+00,1.000000000000000000e+00,8.527267483522875668e-01,1.252898719073284894e+01,3.398032340473213047e+07
1.904042745269644729e+04,5.000000000000000000e+00,2.000000000000000000e+00,9.250517952270809197e-01,8.687124810449729395e+00,5.035224294982635230e+07
1.468024377964138694e+04,1.000000000000000000e+00,1.000000000000000000e+00,8.898128683784387594e-01,7.545070890991030232e+00,2.475260639630873501e+07
1.251525636826100890e+04,5.000000000000000000e+00,2.000000000000000000e+00,1.034345250396654592e+00,1.845782782310196168e+01,3.560424380875103176e+07
1.299614594770774420e+04,2.000000000000000000e+00,1.000000000000000000e+00,1.237907992976560401e+00,9.044368971613895525e+00,3.333200685427224636e+07
1.804372010391127696e+04,1.000000000000000000e+00,3.000000000000000000e+00,1.155960173037519745e+00,2.454681165525989073e+01,6.355286619932506233e+07
1.694949575503474261e+04,8.000000000000000000e+00,3.000000000000000000e+00,1.086719717295200338e+00,2.329586403213173895e+01,6.594948923034249246e+07
1.921836178991059569e+04,2.000000000000000000e+00,2.000000000000000000e+00,8.711976149424967009e-01,2.937163443896258741e+01,4.247394816433671117e+07
1.493220676818275024e+04,1.000000000000000000e+00,3.000000000000000000e+00,9.053566209402900133e-01,3.538942073295706336e+01,3.922446826981078833e+07
1.569137085602904699e+04,7.000000000000000000e+00,3.000000000000000000e+00,9.688947104374993069e-01,1.149129310446266672e+01,4.597324128576894104e+07
1.318164305817693821e+04,4.000000000000000000e+00,1.000000000000000000e+00,1.023028540767132677e+00,1.409669897145129980e+01,2.776668307837106660e+07
1.967108264483547464e+04,7.000000000000000000e+00,3.000000000000000000e+00,9.886451780649698762e-01,2.196016461473777071e+01,6.589554155060918629e+07
1.955198771191128981e+04,8.000000000000000000e+00,3.000000000000000000e+00,1.260677344705374958e+00,1.772495024739806269e+01,8.189479651311871409e+07
1.859604916497160593e+04,3.000000000000000000e+00,3.000000000000000000e+00,8.559626276229992392e-01,2.525038056197648473e+01,4.719505315884966403e+07
1.649279909967573985e+04,1.000000000000000000e+00,1.000000000000000000e+00,1.072221082308662643e+00,1.887330569874848862e+01,3.577828983828341216e+07
1.264965309230671664e+04,7.000000000000000000e+00,3.000000000000000000e+00,1.374458154787153719e+00,3.099716090131029844e+01,5.783414619083748758e+07
1.214806989109875212e+04,7.000000000000000000e+00,2.000000000000000000e+00,1.213499890934132353e+00,2.972268006109622362e+01,4.066418028970243782e+07
1.214633337882648266e+04,1.000000000000000000e+00,3.000000000000000000e+00,8.578881858004475669e-01,3.240833506303946621e+01,3.105371189503769949e+07
1.290845419019144720e+04,6.000000000000000000e+00,3.000000000000000000e+00,1.068485459480314148e+00,2.553824341521903207e+01,4.160171136949596554e+07
1.557224880366165235e+04,6.000000000000000000e+00,1.000000000000000000e+00,1.301701833935723585e+00,8.450355815705355766e+00,4.624524932724914700e+07
1.535235465962816306e+04,5.000000000000000000e+00,2.000000000000000000e+00,1.209034724267608496e+00,1.897798878790332111e+01,4.870363934825631231e+07
1.915514148688645218e+04,7.000000000000000000e+00,2.000000000000000000e+00,1.231543155268008061e+00,8.928907328611213501e+00,6.717043321104742587e+07
1.704498480620056216e+04,3.000000000000000000e+00,3.000000000000000000e+00,1.368455702238480232e+00,8.240562247391910233e+00,6.872509642202135921e+07
1.545607220962201791e+04,8.000000000000000000e+00,3.000000000000000000e+00,1.396076928702935316e+00,1.714074329227236149e+01,7.483025262008659542e+07
1.289711500903731940e+04,6.000000000000000000e+00,3.000000000000000000e+00,1.033988304168209638e+00,2.296260038734584086e+01,4.228810191482247412e+07
1.210279569855329828e+04,5.000000000000000000e+00,3.000000000000000000e+00,1.294816221146876334e+00,1.888185861180594571e+01,4.905106978378394991e+07
1.984700663123132108e+04,7.000000000000000000e+00,2.000000000000000000e+00,8.542033270472667583e-01,2.220665162272418414e+01,4.646480986240710318e+07
1.565870833585102810e+04,6.000000000000000000e+00,2.000000000000000000e+00,1.032006324388176965e+00,2.543794048648278761e+01,4.724509340061117709e+07
1.578065729359638317e+04,6.000000000000000000e+00,3.000000000000000000e+00,1.186106486990878839e+00,3.144417653264287793e+01,6.019989182146810740e+07
1.973869188421902072e+04,6.000000000000000000e+00,1.000000000000000000e+00,1.000282179053946452e+00,1.893249957026468167e+01,4.695012983769474179e+07
1.920580435581747224e+04,5.000000000000000000e+00,1.000000000000000000e+00,1.396944045890146757e+00,2.364584172379029070e+01,5.899895675485076010e+07
1.880926062937758616e+04,2.000000000000000000e+00,3.000000000000000000e+00,1.182746558093512368e+00,2.998493935927072940e+01,6.778290414332544804e+07
1.256469188497774121e+04,3.000000000000000000e+00,1.000000000000000000e+00,1.300923673196041408e+00,2.239907807849749233e+01,3.436605454510454834e+07
1.762042232049643644e+04,8.000000000000000000e+00,3.000000000000000000e+00,8.785262842298773300e-01,2.193661994479228383e+01,5.305411947921231389e+07
1.442853865312606285e+04,2.000000000000000000e+00,1.000000000000000000e+00,1.169146069635726093e+00,1.389303201626406903e+01,3.290739220997973904e+07
1.500387013310855582e+04,8.000000000000000000e+00,2.000000000000000000e+00,1.178382377825684779e+00,1.314669804204208781e+01,4.860849536196146160e+07
1.470684648429062327e+04,2.000000000000000000e+00,1.000000000000000000e+00,9.755176391896872579e-01,1.850966518756209211e+01,2.747820403723005950e+07
1.218915501552894602e+04,7.000000000000000000e+00,3.000000000000000000e+00,1.376300173375547553e+00,9.233678150977564059e+00,5.867571431762029976e+07
1.653972515604136424e+04,8.000000000000000000e+00,3.000000000000000000e+00,1.227737436744009480e+00,1.713304430346012452e+01,7.139156450254082680e+07
1.818625619415982874e+04,2.000000000000000000e+00,1.000000000000000000e+00,8.812146400613353192e-01,2.890732434980147758e+01,3.097305319693466276e+07
1.561618785294678855e+04,2.000000000000000000e+00,1.000000000000000000e+00,8.075089009454875510e-01,8.124750361367190976e+00,2.663864284110895172e+07
1.524099727158224778e+04,5.000000000000000000e+00,1.000000000000000000e+00,1.279259776487000400e+00,2.163920987345285951e+01,4.070470954305893928e+07
1.857569328611223682e+04,3.000000000000000000e+00,3.000000000000000000e+00,9.173020878696248603e-01,3.207637110669119807e+01,5.132341397901497036e+07
1.447101180304426816e+04,8.000000000000000000e+00,3.000000000000000000e+00,1.119973602847257999e+00,3.064931419734207196e+01,5.279134044270943105e+07
1.797197352440667237e+04,4.000000000000000000e+00,2.000000000000000000e+00,1.232982075187484039e+00,2.277600871418338002e+01,5.954821691260572523e+07
1.477713895625664372e+04,3.000000000000000000e+00,1.000000000000000000e+00,1.050015255551133064e+00,3.078807486228529555e+01,3.408365745625167340e+07
1.385204605658359105e+04,2.000000000000000000e+00,2.000000000000000000e+00,1.101771023514565018e+00,2.676667137218320747e+01,3.964610105658487976e+07
1.663067789135892599e+04,3.000000000000000000e+00,2.000000000000000000e+00,8.873034074757468748e-01,1.086814737319580360e+01,4.025438298277682811e+07
1.968785668654111214e+04,2.000000000000000000e+00,3.000000000000000000e+00,1.275139574723105129e+00,2.753495302529726629e+01,7.010261291965281963e+07
1.645875125912658768e+04,8.000000000000000000e+00,3.000000000000000000e+00,1.301521345122617745e+00,2.057031140437473482e+01,7.752052963659995794e+07
1.978143895973458712e+04,7.000000000000000000e+00,3.000000000000000000e+00,1.060738225630689424e+00,9.599085039931075869e+00,6.706357265176999569e+07
1.592720956156140710e+04,3.000000000000000000e+00,2.000000000000000000e+00,1.039187855709944985e+00,3.494788210976221876e+01,4.164042286062085629e+07
1.480747247150832482e+04,7.000000000000000000e+00,3.000000000000000000e+00,1.136799449927382799e+00,2.622684102030621034e+01,5.940567281442002207e+07
1.522352112027797557e+04,1.000000000000000000e+00,1.000000000000000000e+00,1.299782162615833681e+00,3.271048904434687898e+01,3.844367608565966785e+07
1.713444191580492770e+04,7.000000000000000000e+00,1.000000000000000000e+00,1.136648601893686994e+00,3.529816549367470202e+01,4.315255146133034676e+07
1.286535023164680752e+04,4.000000000000000000e+00,3.000000000000000000e+00,1.169392467203049124e+00,3.323805876981560914e+01,4.954747092905773968e+07
1.243702773241056821e+04,5.000000000000000000e+00,1.000000000000000000e+00,1.077894847396889233e+00,2.049333277837270018e+01,2.813006463735788688e+07
1.330282902271559033e+04,6.000000000000000000e+00,3.000000000000000000e+00,8.368673304414891989e-01,2.629391350864096211e+01,3.611776116417089105e+07
1.887239969758695224e+04,3.000000000000000000e+00,2.000000000000000000e+00,1.231658767923106357e+00,2.750680643291736160e+01,5.898631866145862639e+07
1.857921264094480284e+04,4.000000000000000000e+00,2.000000000000000000e+00,8.758413776496152270e-01,2.806354170790570279e+01,4.045003629396698624e+07
1.583992827243459942e+04,6.000000000000000000e+00,1.000000000000000000e+00,1.314300202444860011e+00,1.084148430198942137e+01,4.359026692285779119e+07
1.635832722280079543e+04,2.000000000000000000e+00,1.000000000000000000e+00,8.303333949812955472e-01,1.068878376146253473e+01,2.687065258357671276e+07
1.688973920561706109e+04,8.000000000000000000e+00,1.000000000000000000e+00,8.747747268644290308e-01,2.144158403366264665e+01,3.432337563703031093e+07
1.564182852269995965e+04,4.000000000000000000e+00,2.000000000000000000e+00,1.375912443119836848e+00,2.952747459934531804e+01,5.649220855044105649e+07
1.361982288252120088e+04,7.000000000000000000e+00,3.000000000000000000e+00,1.261494726319821957e+00,1.728798690667926508e+01,5.780462614691200107e+07
1.801807184538930233e+04,1.000000000000000000e+00,1.000000000000000000e+00,8.897775167778936289e-01,2.457534144210150728e+01,3.293227734366853535e+07
1.854620142436918104e+04,2.000000000000000000e+00,3.000000000000000000e+00,1.001114277250376050e+00,2.754267154047513344e+01,5.547006035327856988e+07
1.891018830400889419e+04,3.000000000000000000e+00,3.000000000000000000e+00,1.202281718180091108e+00,2.001841972044704931e+01,7.161622399245283008e+07
1.221794915231981940e+04,3.000000000000000000e+00,1.000000000000000000e+00,1.251295739373792459e+00,1.066097046007070404e+01,3.199452746021130309e+07
1.958884612343015033e+04,3.000000000000000000e+00,3.000000000000000000e+00,1.236037053718403111e+00,1.647299816361902103e+01,7.032610140189042687e+07
1.293255399602219040e+04,2.000000000000000000e+00,1.000000000000000000e+00,1.038233942449685143e+00,2.975130502016990874e+01,2.736638785742666572e+07
1.766258724182282458e+04,8.000000000000000000e+00,3.000000000000000000e+00,1.318955438307028327e+00,2.999465735749517492e+01,7.553472544564162195e+07
1.976264915410993854e+04,3.000000000000000000e+00,2.000000000000000000e+00,1.125977885102374954e+00,2.733064632108080971e+01,5.582844783204664290e+07
1.896855857485892193e+04,7.000000000000000000e+00,3.000000000000000000e+00,1.180120769382142054e+00,2.148398749581799194e+01,7.886760829075586796e+07
1.625541838738681327e+04,1.000000000000000000e+00,1.000000000000000000e+00,1.219124924508280028e+00,2.530494809091972641e+01,4.122684860699691623e+07
1.253023342919604329e+04,8.000000000000000000e+00,2.000000000000000000e+00,1.006689573805607196e+00,1.869803979318486853e+01,3.644423081887686998e+07
1.588577850096079783e+04,4.000000000000000000e+00,3.000000000000000000e+00,1.141831672896913785e+00,2.201344900423552531e+01,5.331204461958814412e+07
1.492290332894587482e+04,1.000000000000000000e+00,2.000000000000000000e+00,1.014634110050787630e+00,1.383091118768285277e+01,3.864550812638019770e+07
1.327350037765319394e+04,6.000000000000000000e+00,2.000000000000000000e+00,8.501235075726918389e-01,3.112718209995645680e+01,3.020551629948077723e+07
1.486498656625099466e+04,2.000000000000000000e+00,3.000000000000000000e+00,1.302211488700775188e+00,3.188528673852139761e+01,5.867274423671516776e+07
1.300371234997033571e+04,1.000000000000000000e+00,1.000000000000000000e+00,1.188769167689673667e+00,3.265675155035012267e+01,3.227292864235242084e+07
1.287515934370932337e+04,6.000000000000000000e+00,2.000000000000000000e+00,1.030898084348537358e+00,7.204688389837773599e+00,3.743366636024072766e+07
1.554676494192976679e+04,6.000000000000000000e+00,2.000000000000000000e+00,1.026448016613382475e+00,2.109872212343572428e+01,4.134315126565524936e+07
1.944933706441204049e+04,8.000000000000000000e+00,3.000000000000000000e+00,1.274545557084397984e+00,2.675213706176840489e+01,8.320182023355047405e+07
1.249388183114350977e+04,5.000000000000000000e+00,3.000000000000000000e+00,1.220976450705603567e+00,2.836408383763306063e+01,4.469876298539652675e+07
1.413153375890581628e+04,2.000000000000000000e+00,3.000000000000000000e+00,1.356707812903685362e+00,2.425642393737716773e+01,5.817242693930508941e+07
1.933650673596935667e+04,4.000000000000000000e+00,3.000000000000000000e+00,1.361558333411127641e+00,1.873741289949611044e+01,7.818344017743672431e+07
1.448041149025524646e+04,3.000000000000000000e+00,1.000000000000000000e+00,9.513465784503177813e-01,3.289259981373464825e+01,2.779669119336918369e+07
1.710997198684564501e+04,5.000000000000000000e+00,2.000000000000000000e+00,9.862577854817831113e-01,1.281888160552463773e+01,4.322467753714869916e+07
1.849211623489385602e+04,3.000000000000000000e+00,1.000000000000000000e+00,1.169552524015367467e+00,1.489695732859951249e+01,4.552828715176355839e+07
1.238148918394439534e+04,3.000000000000000000e+00,3.000000000000000000e+00,1.361291272413829745e+00,6.905339657966912625e+00,5.178427109653334320e+07
1.367740669951799646e+04,7.000000000000000000e+00,1.000000000000000000e+00,9.391631240413593762e-01,2.382268843685329429e+01,2.898820433775581419e+07
1.758506077726475996e+04,2.000000000000000000e+00,3.000000000000000000e+00,1.348727832710517660e+00,1.639159328285789030e+01,6.699403136153811961e+07
1.325405163781061310e+04,5.000000000000000000e+00,1.000000000000000000e+00,1.370856929239743227e+00,2.340938652494433470e+01,4.002237371902985126e+07
1.482431632464449467e+04,6.000000000000000000e+00,1.000000000000000000e+00,8.904981221232852739e-01,1.038790106349049758e+01,3.022274062640948966e+07
1.980534296801789606e+04,6.000000000000000000e+00,2.000000000000000000e+00,1.108689105432072219e+00,2.817220245436232418e+01,6.086496474928262830e+07
1.264985968922381471e+04,7.000000000000000000e+00,3.000000000000000000e+00,1.053966338866793695e+00,1.181849490496747990e+01,4.866849766700129956e+07
1.896873274521052736e+04,8.000000000000000000e+00,2.000000000000000000e+00,9.083118082568479856e-01,1.950427184235756783e+01,4.963162779957903922e+07
1.368582872926982236e+04,5.000000000000000000e+00,3.000000000000000000e+00,1.028067446258575934e+00,2.297784942474807224e+01,4.439046605485741794e+07
1.307936469581795245e+04,3.000000000000000000e+00,2.000000000000000000e+00,8.612579950925266514e-01,1.195811036805617178e+01,2.939027188439719751e+07
1.923784822325157074e+04,4.000000000000000000e+00,2.000000000000000000e+00,1.023845277725561109e+00,3.059067934335063654e+01,5.128965835586693138e+07
1.555467714843352769e+04,4.000000000000000000e+00,2.000000000000000000e+00,1.102198216990819324e+00,3.261550972131129100e+01,4.485949400968997926e+07
1.624725288442159581e+04,5.000000000000000000e+00,3.000000000000000000e+00,9.106932822949235229e-01,2.242619040982426526e+01,4.825439215893163532e+07
1.277790660291718086e+04,5.000000000000000000e+00,2.000000000000000000e+00,1.357100496607735796e+00,7.424822848935401787e+00,4.439482078347368538e+07
1.420032596411889608e+04,2.000000000000000000e+00,3.000000000000000000e+00,1.348655085430003453e+00,6.588776909346304222e+00,5.803283928671704233e+07
1.558139054183382359e+04,5.000000000000000000e+00,2.000000000000000000e+00,9.341909202598244200e-01,7.321116117225372477e+00,3.710462609178795666e+07
1.879618790566547250e+04,8.000000000000000000e+00,1.000000000000000000e+00,1.295757531926541528e+00,9.423220873103739237e+00,5.738111618179626763e+07
1.265905959116637132e+04,1.000000000000000000e+00,3.000000000000000000e+00,1.051736462851205811e+00,2.413882850716796469e+01,3.948699672537635267e+07
1.361613443941058904e+04,2.000000000000000000e+00,1.000000000000000000e+00,1.223119611629728709e+00,1.891889456206956055e+01,3.331544903074318916e+07
1.980014965221723833e+04,8.000000000000000000e+00,1.000000000000000000e+00,1.178039347015372940e+00,6.949448018991827070e+00,5.487141674921645969e+07
1.962511057541860646e+04,5.000000000000000000e+00,3.000000000000000000e+00,1.382947722620543551e+00,1.598229722790561702e+01,8.642824182898275554e+07
1.897535467957910805e+04,8.000000000000000000e+00,3.000000000000000000e+00,9.374042973087254316e-01,1.718509589443108254e+01,5.471405639194612950e+07
1.599135352548496485e+04,8.000000000000000000e+00,1.000000000000000000e+00,1.181506447458433362e+00,7.161368351377345398e+00,4.043079792802342027e+07
1.556925290516787936e+04,2.000000000000000000e+00,1.000000000000000000e+00,1.160148546842466377e+00,3.449172146450095511e+01,3.593791462978576124e+07
1.368794498404742080e+04,4.000000000000000000e+00,3.000000000000000000e+00,8.484074511904972082e-01,3.453756492427875457e+01,3.886668375072484463e+07
1.878542935669294820e+04,6.000000000000000000e+00,3.000000000000000000e+00,1.170510420454710765e+00,2.388804244698223300e+01,7.697493708683134615e+07
1.607658560064535050e+04,4.000000000000000000e+00,2.000000000000000000e+00,1.262308826742931211e+00,1.410035357700821557e+01,5.471131154346642643e+07
1.394200601295030719e+04,3.000000000000000000e+00,1.000000000000000000e+00,1.145096048218024354e+00,8.133707785984073624e+00,3.255675367523209751e+07
1.803120298132115931e+04,7.000000000000000000e+00,3.000000000000000000e+00,9.418730067496200453e-01,2.764073072964201572e+01,5.277420975430646539e+07
1.260276814219647349e+04,2.000000000000000000e+00,2.000000000000000000e+00,8.253623093260373800e-01,1.776567669291429397e+01,2.535412205023438483e+07
1.862798681500334715e+04,2.000000000000000000e+00,1.000000000000000000e+00,1.196978339095791544e+00,1.615985260736466600e+01,4.425332572067503631e+07
1.384895370834963251e+04,3.000000000000000000e+00,1.000000000000000000e+00,1.367204180227297172e+00,1.678257595652171119e+01,4.051956815574856848e+07
1.746133777389234456e+04,2.000000000000000000e+00,3.000000000000000000e+00,1.060440922916834783e+00,2.922323083459241388e+01,5.371622987151651829e+07
1.543563393836641808e+04,7.000000000000000000e+00,1.000000000000000000e+00,1.116643291404345151e+00,7.827458342325085638e+00,3.983291937199951708e+07
1.549584215140115339e+04,7.000000000000000000e+00,1.000000000000000000e+00,1.341038418374737917e+00,2.817999821185954801e+01,4.576337922398129106e+07
1.946985407699033385e+04,6.000000000000000000e+00,1.000000000000000000e+00,9.925975917032751061e-01,1.253950111109679710e+01,4.310580294374872744e+07
1.571540702583868369e+04,2.000000000000000000e+00,1.000000000000000000e+00,1.396529269982454746e+00,7.566441938471335504e+00,4.314962559640628844e+07
1.636810280186232922e+04,5.000000000000000000e+00,1.000000000000000000e+00,9.915062892278516671e-01,1.652635783864062802e+01,3.669550854926941544e+07
1.508832952157739965e+04,6.000000000000000000e+00,1.000000000000000000e+00,1.188944185662415887e+00,3.242024373182077568e+01,4.135778302976110578e+07
1.426953544876542219e+04,7.000000000000000000e+00,2.000000000000000000e+00,1.081644392103515928e+00,3.395612468539214035e+01,4.264319481771104783e+07
1.477353784878834449e+04,6.000000000000000000e+00,1.000000000000000000e+00,1.318271914183593019e+00,9.244713489121284766e+00,4.351118271188743412e+07
1.791678216876666556e+04,1.000000000000000000e+00,2.000000000000000000e+00,8.799357078787041209e-01,2.303102638126828694e+01,3.739266302541926503e+07
1.720787709301203722e+04,8.000000000000000000e+00,2.000000000000000000e+00,1.179527454317881086e+00,1.717898655185813439e+01,5.540658270774222165e+07
1.250198948295266928e+04,7.000000000000000000e+00,1.000000000000000000e+00,1.065526018248229789e+00,1.759980377437992161e+01,3.187807365033211187e+07
1.921564844008716318e+04,4.000000000000000000e+00,1.000000000000000000e+00,1.206568620965264627e+00,1.200954450859938660e+01,4.812313617580823600e+07
1.279520577597335432e+04,8.000000000000000000e+00,2.000000000000000000e+00,1.054316592133377695e+00,8.313789137991344447e+00,4.053961240863456577e+07
1.371865467894031099e+04,2.000000000000000000e+00,1.000000000000000000e+00,1.261447774492185037e+00,1.261959103061412435e+01,3.331518916125973314e+07
1.703604978801746620e+04,5.000000000000000000e+00,3.000000000000000000e+00,1.157607333508563707e+00,1.747352016763806759e+01,6.456989993637322634e+07
1.517123789224462780e+04,5.000000000000000000e+00,3.000000000000000000e+00,1.232193531771919481e+00,2.502299050851291895e+01,5.834174345632854104e+07
1.343822378823782128e+04,6.000000000000000000e+00,2.000000000000000000e+00,1.177439820414200256e+00,1.163336874214158989e+01,4.372944227513435483e+07
1.642027066122113683e+04,6.000000000000000000e+00,2.000000000000000000e+00,9.798723936075808272e-01,1.451190559378735401e+01,4.286143219000111520e+07
1.472855564866572786e+04,7.000000000000000000e+00,1.000000000000000000e+00,1.251388964369062773e+00,2.327631873020623487e+01,4.474695986868774891e+07
1.865206271584508067e+04,6.000000000000000000e+00,1.000000000000000000e+00,1.257605845054142746e+00,1.822424522483093057e+01,5.069477120601690561e+07
1.971960602025765547e+04,1.000000000000000000e+00,3.000000000000000000e+00,1.278046041510198405e+00,1.001688258458051983e+01,7.179794685950812697e+07
1.209651396737511823e+04,6.000000000000000000e+00,3.000000000000000000e+00,9.613780446152357939e-01,2.409909454945331930e+01,3.768439181185957044e+07
1.355713025949959592e+04,6.000000000000000000e+00,3.000000000000000000e+00,1.097716937433581119e+00,3.406973602031635551e+01,4.943894482419151068e+07
1.216782186632474804e+04,6.000000000000000000e+00,3.000000000000000000e+00,8.935197643834523751e-01,3.071875224268732651e+01,3.475450944966210425e+07
1.939641580615408384e+04,6.000000000000000000e+00,3.000000000000000000e+00,1.083123749137960390e+00,2.274594056642240858e+01,6.830192085307493806e+07
1.861312217936820161e+04,7.000000000000000000e+00,1.000000000000000000e+00,1.165273835078176390e+00,2.322952651048618833e+01,4.999985081052689254e+07
1.701413866750919260e+04,5.000000000000000000e+00,2.000000000000000000e+00,1.236735582651830034e+00,2.539409180249447573e+01,5.331487947578748316e+07
1.905088517713554029e+04,5.000000000000000000e+00,3.000000000000000000e+00,9.523285127857046284e-01,3.360201413890317212e+01,5.307653255228567123e+07
1.494044446293716828e+04,1.000000000000000000e+00,3.000000000000000000e+00,1.037983630269708524e+00,2.531991403875267821e+01,4.275024983979184926e+07
1.794239278278957499e+04,6.000000000000000000e+00,3.000000000000000000e+00,1.025475429939774807e+00,1.391276915452733398e+01,5.997889738114019483e+07
1.578833840081443122e+04,3.000000000000000000e+00,3.000000000000000000e+00,1.020634352698937430e+00,1.663666009038216131e+01,4.782425405098150671e+07
1.533854994948210151e+04,3.000000000000000000e+00,3.000000000000000000e+00,1.119011753210496618e+00,1.197699287253168876e+01,4.936352530437231809e+07
1.577679949146020954e+04,3.000000000000000000e+00,2.000000000000000000e+00,1.038041448202282169e+00,1.961426100403796369e+01,4.173078835905078799e+07
1.636855253876356437e+04,2.000000000000000000e+00,2.000000000000000000e+00,1.350411375605766295e+00,1.350358743042511023e+01,5.427806186301253736e+07
1.351597262704454442e+04,3.000000000000000000e+00,2.000000000000000000e+00,1.041446987499420995e+00,2.277262700864526224e+01,3.593125822307879478e+07
1.261472554369160207e+04,5.000000000000000000e+00,1.000000000000000000e+00,1.214192558227295438e+00,2.223380395601113690e+01,3.200827178839642555e+07
1.360270061637468461e+04,4.000000000000000000e+00,1.000000000000000000e+00,1.314648164038693778e+00,2.102571846744327289e+01,3.639957189304906875e+07
1.888761289280960409e+04,3.000000000000000000e+00,1.000000000000000000e+00,1.307056137866005940e+00,2.084902407781250844e+01,5.113038171045862138e+07
1.776659301373651033e+04,2.000000000000000000e+00,1.000000000000000000e+00,8.436296120138231380e-01,2.952432624738939992e+01,3.336051145447818562e+07
1.567817828938675666e+04,6.000000000000000000e+00,3.000000000000000000e+00,1.395714887054267495e+00,2.715169617872910734e+01,7.508382706207546592e+07
1.650754756329318843e+04,7.000000000000000000e+00,3.000000000000000000e+00,9.701693353154833277e-01,3.300221009912492320e+01,5.234458633451648802e+07
1.526685298544331999e+04,1.000000000000000000e+00,1.000000000000000000e+00,1.209441907282143180e+00,3.312016919511511759e+01,3.776227286876055598e+07
1.333353742477086416e+04,8.000000000000000000e+00,1.000000000000000000e+00,1.207849317137856371e+00,1.308068504695742718e+01,3.794214636499838531e+07
1.352577678240206478e+04,3.000000000000000000e+00,1.000000000000000000e+00,8.473431139366667253e-01,1.314119942882149950e+01,2.415301661349090189e+07
1.691070660415483871e+04,4.000000000000000000e+00,2.000000000000000000e+00,9.824711912747516873e-01,1.724641026247065412e+01,4.443773312014544755e+07
1.471735271066862697e+04,5.000000000000000000e+00,2.000000000000000000e+00,9.211294931544687925e-01,1.530846398903805827e+01,3.710277035560986400e+07
1.920244271187283448e+04,6.000000000000000000e+00,2.000000000000000000e+00,8.506912726818133264e-01,2.643460929106242574e+01,4.274382820151478797e+07
1.721199525006980548e+04,2.000000000000000000e+00,3.000000000000000000e+00,9.833950301474123634e-01,3.409272139238208155e+01,5.123984817148432136e+07
1.797790091202322219e+04,2.000000000000000000e+00,3.000000000000000000e+00,9.334795951590255658e-01,3.410445500358422066e+01,5.097010938121192157e+07
1.943528899494444704e+04,8.000000000000000000e+00,2.000000000000000000e+00,1.353102575474909308e+00,1.246859965518666336e+01,7.099162481877224147e+07
1.306803622730491588e+04,3.000000000000000000e+00,2.000000000000000000e+00,1.262800000653505617e+00,1.596225291616650921e+01,4.005768987744845450e+07
1.254967565896896122e+04,2.000000000000000000e+00,1.000000000000000000e+00,1.075339242236746928e+00,2.123545723805321472e+01,2.853564812254125252e+07
1.704703537615165260e+04,2.000000000000000000e+00,1.000000000000000000e+00,1.360947954918761749e+00,3.557512302961424666e+01,4.664626733876695484e+07
1.884702416423380782e+04,3.000000000000000000e+00,2.000000000000000000e+00,1.373019218297367505e+00,1.885268300242080031e+01,6.082874638377194852e+07
1.852496083851291405e+04,4.000000000000000000e+00,2.000000000000000000e+00,1.249648107990272816e+00,2.896339505338584885e+01,6.506831369929216057e+07
1.734299461111060373e+04,8.000000000000000000e+00,3.000000000000000000e+00,1.340534533194017275e+00,1.573276389114019302e+01,7.761973495167228580e+07
1.369026197842681722e+04,7.000000000000000000e+00,2.000000000000000000e+00,1.294549799336074392e+00,2.760864593812502932e+01,5.087414740196217597e+07
1.661843049920441263e+04,4.000000000000000000e+00,1.000000000000000000e+00,1.062882903747294661e+00,2.636916013958320093e+01,3.538423429010987282e+07
1.804851181909335719e+04,2.000000000000000000e+00,3.000000000000000000e+00,1.004989718195047566e+00,2.131224531952547352e+01,5.215780728343927860e+07
1.208543710847100010e+04,2.000000000000000000e+00,2.000000000000000000e+00,1.110906459412306369e+00,8.468829316733234691e+00,3.340121828242765740e+07
1.750808294542930525e+04,5.000000000000000000e+00,3.000000000000000000e+00,9.256740136701104849e-01,3.528140475441938406e+01,5.178948546959661692e+07
1.485367446624782679e+04,2.000000000000000000e+00,2.000000000000000000e+00,1.297700906441365820e+00,2.160237466163177089e+01,4.813481787271188200e+07
1.434554173879890368e+04,4.000000000000000000e+00,3.000000000000000000e+00,1.373079008459765493e+00,6.103610591828223519e+00,5.969377668100502342e+07
1.848481180264056820e+04,6.000000000000000000e+00,2.000000000000000000e+00,1.277627922389810822e+00,3.557376685184696186e+01,6.745230598263482749e+07
1.410951689127023565e+04,2.000000000000000000e+00,2.000000000000000000e+00,1.325510107338192967e+00,1.898306112398128676e+01,4.801553981822749227e+07
1.226702094793461947e+04,4.000000000000000000e+00,3.000000000000000000e+00,8.017550356086486918e-01,2.438210038245518518e+01,2.854041589666499197e+07
1.408670727275119680e+04,1.000000000000000000e+00,3.000000000000000000e+00,8.090831216356443312e-01,2.324810310838030958e+01,3.502778511056486517e+07
1.491848575054373032e+04,4.000000000000000000e+00,1.000000000000000000e+00,8.582761333543371673e-01,1.927185881889983321e+01,2.564596721381492540e+07
1.648139527088389514e+04,3.000000000000000000e+00,3.000000000000000000e+00,1.259645971441265111e+00,3.040311649654222492e+01,6.170223754646252841e+07
1.362613036633876436e+04,8.000000000000000000e+00,2.000000000000000000e+00,1.082312639162285262e+00,1.166537765754635458e+01,4.265748639017083496e+07
1.634700443390926739e+04,6.000000000000000000e+00,1.000000000000000000e+00,8.613485028565603940e-01,2.443298335399547483e+01,3.160219251760508865e+07
1.530223523022843619e+04,7.000000000000000000e+00,3.000000000000000000e+00,1.304423938978095387e+00,2.055963097731307698e+01,6.605560714802480489e+07
1.339962027405636945e+04,8.000000000000000000e+00,1.000000000000000000e+00,9.703420836585971987e-01,6.093027909087180838e+00,3.008148081540675089e+07
1.836253806079447168e+04,5.000000000000000000e+00,2.000000000000000000e+00,9.957716108794291143e-01,2.643823055051592164e+01,5.358818883425066620e+07
1.565662798789495719e+04,8.000000000000000000e+00,1.000000000000000000e+00,1.195260338813388890e+00,1.006255186584472128e+01,4.044602652252652496e+07
1.832441390446159858e+04,7.000000000000000000e+00,2.000000000000000000e+00,1.280127193458845181e+00,1.198586144561500788e+01,6.674009960924613476e+07
1.825523144756882539e+04,8.000000000000000000e+00,1.000000000000000000e+00,9.808113840218916080e-01,3.306303434382939344e+01,4.179388880129551888e+07
1.954365856271430312e+04,1.000000000000000000e+00,3.000000000000000000e+00,1.151085868949450752e+00,1.532213041400517461e+01,6.179230186635324359e+07
1.932895646709013090e+04,1.000000000000000000e+00,3.000000000000000000e+00,1.242988961049673380e+00,1.862592275341021519e+01,7.198802022610875964e+07
1.924202411249739453e+04,5.000000000000000000e+00,2.000000000000000000e+00,1.280989932514238205e+00,2.390941418702012200e+01,6.861890230606062710e+07
1.600508445423357080e+04,7.000000000000000000e+00,2.000000000000000000e+00,1.095603021599421689e+00,2.043827219673719497e+01,5.134836548724354804e+07
1.692590671324612777e+04,4.000000000000000000e+00,2.000000000000000000e+00,8.669946313960243955e-01,1.621545481255449062e+01,4.057234347710221261e+07
1.533002298940988658e+04,3.000000000000000000e+00,1.000000000000000000e+00,1.329097874696568038e+00,3.361642244137286895e+01,4.544576859868840128e+07
1.234625179997949090e+04,2.000000000000000000e+00,1.000000000000000000e+00,1.222274084228812008e+00,7.769388671879072561e+00,2.954941602112980932e+07
1.514921820318578830e+04,7.000000000000000000e+00,2.000000000000000000e+00,9.687375039015631017e-01,2.364111726751209019e+01,4.127620272453609854e+07
1.795171009864447842e+04,2.000000000000000000e+00,2.000000000000000000e+00,1.249749874291811391e+00,9.594288063804240707e+00,5.629758300375870615e+07
1.548276069205812928e+04,4.000000000000000000e+00,3.000000000000000000e+00,1.063096974357243596e+00,3.188880596275646795e+01,5.250294724184940010e+07
1.370592391858993142e+04,6.000000000000000000e+00,2.000000000000000000e+00,8.595519252702602531e-01,2.622088317404502433e+01,3.236247544925875589e+07
1.940205857134920370e+04,8.000000000000000000e+00,2.000000000000000000e+00,1.214667026123431803e+00,3.250461642580289379e+01,6.681542043001435697e+07
1.269335839146233047e+04,4.000000000000000000e+00,3.000000000000000000e+00,1.051458082137002314e+00,1.954613633404919781e+01,3.918816775560262054e+07
1.913366675014072098e+04,7.000000000000000000e+00,3.000000000000000000e+00,1.193625857902524068e+00,2.883266407120987296e+01,7.618764477170307934e+07
1.427444069640620000e+04,1.000000000000000000e+00,3.000000000000000000e+00,9.674900899950245048e-01,2.172966667631283499e+01,4.351279673501285166e+07
1.482102651073494417e+04,7.000000000000000000e+00,3.000000000000000000e+00,1.295224057486434877e+00,3.252135152142888330e+01,6.218873063638933003e+07
1.208400861942239135e+04,2.000000000000000000e+00,3.000000000000000000e+00,9.968519663922448260e-01,6.105722309981322482e+00,3.796292709543617070e+07
1.238746175546805716e+04,6.000000000000000000e+00,3.000000000000000000e+00,1.035767100454860312e+00,1.794011158282645013e+01,4.051561177416253090e+07
1.933218466446243110e+04,8.000000000000000000e+00,1.000000000000000000e+00,1.192594719189858710e+00,3.171722517324181112e+01,5.278062867472291738e+07
1.291801776521524698e+04,2.000000000000000000e+00,3.000000000000000000e+00,1.341101190968417178e+00,1.592635794495663504e+01,4.922782081581071019e+07
1.450254635862603027e+04,7.000000000000000000e+00,3.000000000000000000e+00,1.159124668083661103e+00,9.204055558789532299e+00,5.481353500709707290e+07
1.767206577329837455e+04,8.000000000000000000e+00,2.000000000000000000e+00,1.170657668943166918e+00,2.209688536744073062e+01,5.762344803002020717e+07
1.461107457516789873e+04,2.000000000000000000e+00,2.000000000000000000e+00,9.702616678713740228e-01,1.376903226787499790e+01,4.125242055212230980e+07
1.486219497445943853e+04,3.000000000000000000e+00,2.000000000000000000e+00,1.184893806549369044e+00,1.437756300974854184e+01,4.686068894436223060e+07
1.481562697957130149e+04,1.000000000000000000e+00,3.000000000000000000e+00,9.193457776227980105e-01,2.857602607545851114e+01,3.773153932952290773e+07
1.696243016163854554e+04,3.000000000000000000e+00,2.000000000000000000e+00,1.342397681201811466e+00,9.741546357691483138e+00,6.091296326401809603e+07
1.647337262050859863e+04,5.000000000000000000e+00,1.000000000000000000e+00,8.011890736934097479e-01,3.462610460336096452e+01,2.905366734130786732e+07
1.775639370764001069e+04,5.000000000000000000e+00,3.000000000000000000e+00,8.598742510837658060e-01,1.171445672839706376e+01,4.941527507068149745e+07
1.932360826967165485e+04,4.000000000000000000e+00,2.000000000000000000e+00,1.018077041018833340e+00,3.055931238303742958e+01,5.113361110503379256e+07
1.711159543894578383e+04,6.000000000000000000e+00,3.000000000000000000e+00,9.743727715286268909e-01,9.366645716190674875e+00,5.219682724088700861e+07
1.474748808304927843e+04,3.000000000000000000e+00,3.000000000000000000e+00,1.193761341983486712e+00,1.837473500335575238e+01,5.414237791817954928e+07
1.525792518545906205e+04,6.000000000000000000e+00,3.000000000000000000e+00,1.359107580066002630e+00,2.221066170856930455e+01,6.996099596643806994e+07
1.639654761048220098e+04,3.000000000000000000e+00,3.000000000000000000e+00,1.236849709660468477e+00,2.166318968296207359e+01,6.384999531994298846e+07
1.939127830400583844e+04,2.000000000000000000e+00,3.000000000000000000e+00,1.206943646773272816e+00,2.765129676755459442e+01,7.027518556684957445e+07
1.583747705664520254e+04,1.000000000000000000e+00,3.000000000000000000e+00,1.287315311493019365e+00,9.797303564742598780e+00,5.610515331062813103e+07
1.283893314530657699e+04,5.000000000000000000e+00,2.000000000000000000e+00,1.066336852382764544e+00,2.604234264459277881e+01,3.565789179733227193e+07
1.603149607208694579e+04,6.000000000000000000e+00,3.000000000000000000e+00,1.338535870555788376e+00,1.058251211921040280e+01,6.978178301892989874e+07
1.259941250850927827e+04,5.000000000000000000e+00,2.000000000000000000e+00,1.043122370497745921e+00,1.914113458895208453e+01,3.533073862686216086e+07
1.830395482036198155e+04,2.000000000000000000e+00,1.000000000000000000e+00,1.338378413984610660e+00,1.452402543594615381e+01,5.139539400342771411e+07
1.264442196403535854e+04,7.000000000000000000e+00,1.000000000000000000e+00,1.128050942428019621e+00,2.524353710770398251e+01,3.443484131382165104e+07
1.777289693353406619e+04,7.000000000000000000e+00,1.000000000000000000e+00,9.758778031560815247e-01,2.756652693885706995e+01,3.739514585752316564e+07
