area_sqft,floors,quality,location_factor,duration_months,cost_inr
15614.747341985689,2.0,3.0,0.9308895107366189,21.046227362996852,39749847.64212535
9114.241731189815,1.0,1.0,1.1977566203363712,27.971862997649552,22980972.55254584
17256.79964628082,6.0,3.0,1.260116912181688,11.646761156889983,73325193.52434224
14128.93976375166,6.0,2.0,0.8999816858170847,19.31371720437999,34154855.79999167
2427.040549020401,7.0,3.0,0.8263149700507496,21.975903875548,7270933.566088036
19527.073621753065,8.0,2.0,1.0637524251808033,28.066961158776966,58763862.20892643
15366.110218612848,4.0,1.0,1.2644144515954623,34.93361132379323,42004209.48314631
15849.647522372905,7.0,3.0,1.1904679013444857,31.448266440128744,59753695.38437571
3085.40447390559,6.0,2.0,1.2211290322487547,24.645552606898505,11057506.255668493
9337.487195174002,3.0,2.0,1.041703603996021,23.50922024504428,23451786.165861715
7793.481670112076,7.0,2.0,0.940967327151842,24.09560079218012,19316985.539723273
18579.240783662874,1.0,2.0,1.1190673059707656,22.355359279793213,50212202.42078386
13090.983329564891,5.0,2.0,0.9226194162495182,7.7808864077677065,31809359.000138137
16561.575297454103,8.0,1.0,1.2357372181910393,26.94889183764615,48083974.30446943
9202.235457250224,6.0,1.0,0.9181798735756862,27.49010400388809,18723503.445427734
5008.431202624672,8.0,1.0,0.9747579600286049,21.374410868010823,12604293.49740855
11358.944868107195,1.0,1.0,1.1039268669938032,32.111628162076286,25416948.604295056
1838.0547684210012,5.0,3.0,1.092025960486097,26.173104082700355,7011623.005818697
16656.04473665609,7.0,1.0,1.1605096258442176,16.879939735710508,44113707.26529662
12854.289342968057,6.0,1.0,1.0624667602999502,6.5908306079590275,31333895.665716205
15306.902157656252,8.0,1.0,1.3516839851060547,7.774849394930403,48697300.11246584
7477.803781719446,4.0,3.0,1.303960456518313,16.55394784925359,30823249.918795593
19431.541673261123,6.0,2.0,1.327468070741983,19.863159755960485,72207354.92957693
17926.549753650634,4.0,1.0,1.1777099428420625,11.006133585252751,41281629.49918252
15700.63984323098,7.0,2.0,1.1810047495164837,11.679849192678963,47790662.047348045
4375.990932328171,1.0,1.0,1.165519210229569,12.90634076338009,10237006.837539185
9654.387472304463,3.0,1.0,1.0609304926528738,29.41540018728818,21535540.548742853
1449.7930562722381,1.0,1.0,0.9932636006403576,29.13863522855314,3618538.205106899
3593.216146110428,6.0,3.0,1.1552017324693222,17.488169562413365,13756999.841832604
13851.14969290362,2.0,1.0,0.8153191022830703,11.170931447531874,23383227.223121203
15048.385824611652,3.0,2.0,0.8044738588542819,9.327251551904077,29208781.383812115
19369.688809223673,7.0,3.0,1.3109850957780491,8.613879361415197,83406266.10897447
6921.011947880148,3.0,3.0,0.8278544268665734,17.73837752698116,16645730.895616185
7786.918297076456,2.0,2.0,1.1148770902000509,7.366272999633582,21873865.745584615
9709.382738750674,1.0,1.0,1.168992657769787,16.00905111379005,20840166.496865258
4275.7443662351425,2.0,2.0,0.9189027377734613,34.84599727623412,10683271.615061415
3120.47720350815,8.0,1.0,1.337438502959089,21.22513846830116,9499970.803467155
9828.675568783116,5.0,2.0,0.914057463049025,30.679339705055668,24109053.384327203
5002.041371587152,8.0,1.0,1.3307089924200048,9.877978376861972,16052895.926589133
13594.3914968407,2.0,2.0,1.2577941615998212,14.042363472291145,42800234.91444417
9080.747226123216,3.0,2.0,0.9444457721145164,34.396393336320266,20992859.743508115
16753.957003522046,2.0,3.0,0.8904464997656562,17.506556908020706,42834432.56682365
14185.142978843633,4.0,2.0,0.989739626111741,25.45218385344967,34644927.23914548
6659.912842811596,5.0,3.0,1.0387703397621648,35.28380337487768,21040345.892962642
16745.8401470669,7.0,2.0,0.9474708058993541,22.523632689922067,44562540.38090505
16212.428535437955,3.0,3.0,1.3993349292526538,15.160378476862078,69798746.30330092
8117.080553185385,7.0,2.0,0.9377914017437486,21.958453678561867,21938386.562529575
6193.565216246736,6.0,3.0,1.298380896189714,7.639115979925779,26600493.8661165
13840.412777114525,3.0,2.0,0.8954706482542837,9.371096222780736,31451367.93300218
3311.19818202061,8.0,3.0,1.3881467751655685,6.215133151568097,15377646.966433095
4478.219128017101,4.0,2.0,0.935314074969851,32.526301246950126,11120849.085532004
742.828033169507,2.0,2.0,1.0530131328701553,26.138412866987867,2532315.6207792866
15866.332923541484,8.0,2.0,1.1351384400607438,14.949892953982443,48459130.88501114
13498.106617885423,8.0,3.0,0.872171429093656,12.634842576219137,38396115.29065108
14280.2083453509,1.0,2.0,1.2900920404874607,26.4922980347334,45036617.74583462
15746.143201826177,8.0,1.0,0.964811319608498,33.58596194355847,35480465.933684394
9502.966045443794,8.0,3.0,1.1295619409609983,14.97417273156332,40772963.349326715
11633.579201486138,7.0,3.0,1.129780286415948,15.646773281603453,41128629.58808837
3312.0617636765546,3.0,1.0,1.161584391395471,31.62722175581319,8624529.161600867
2821.883426597885,6.0,3.0,0.8332915919145889,32.80127447651257,7883313.613435979
13567.01745873515,5.0,2.0,0.9011712570989407,33.421097004893355,32599086.058971673
9739.266399176771,5.0,1.0,0.8967153457540186,14.794626240200843,18837681.1637169
11565.580465735064,5.0,2.0,0.9812307556495111,9.609377027890467,31220907.66869093
15440.977833870897,6.0,3.0,0.886948494115004,19.19992715995626,43592279.77985628
12913.535408011461,5.0,1.0,1.3531527924645737,14.872945954235432,37563839.838786185
11339.440372765119,6.0,3.0,1.1077726703067805,32.51600000435508,40381039.36281581
11448.618918461023,5.0,2.0,1.1741450886216107,7.099048254106346,33666498.35356318
6496.631902414677,1.0,1.0,1.0144929052388725,25.01641408908817,13125897.996785631
1197.8659906180246,1.0,2.0,0.965747684620347,33.185440972443416,3550951.9497571904
9072.31735110783,8.0,2.0,1.1019063021393278,35.30011100418198,29159457.281917688
4762.942652698866,8.0,3.0,0.9765937849009002,25.503917978941296,16576690.04023872
8525.455688257942,5.0,3.0,1.0061875554378585,34.4976887106714,27494672.278726343
17156.01962140242,2.0,1.0,1.0716505245625143,8.269783878752019,36581518.20920522
5138.42602578761,7.0,3.0,1.1034402123106133,16.778350379887193,17694702.169493463
1731.0731887678808,2.0,2.0,1.390588407069103,6.261440919802011,6209499.538852944
6058.847505226733,4.0,1.0,0.9339935528971643,35.43551316572456,12393544.711942675
6295.718900673663,3.0,3.0,1.0927856989295883,33.08179436300098,22055048.135330424
13441.180385701764,1.0,2.0,0.8897070436936034,6.84157668744604,30392277.842002988
11406.4237554208,7.0,2.0,1.0099995396247836,6.543979513792979,31719900.293821644
15807.625256664422,5.0,3.0,1.2303864312238426,17.009084823190985,58886144.07508873
13487.682682351318,3.0,1.0,0.9046772862563448,13.756139003727053,25310581.45280867
8483.905111937369,5.0,1.0,1.148810784530026,31.407968317275067,21993781.848832525
16391.995462521074,1.0,3.0,1.0500206141408044,10.814532098155869,48701859.712547414
3839.274646209456,4.0,1.0,0.8309477266426838,29.71948388102572,7262876.485128181
1040.6142187968933,5.0,1.0,1.3598451448870668,22.6337909997199,3682354.131959355
2346.92849904745,3.0,1.0,1.0481618841757319,17.321753142149632,5578680.395059531
14613.771401571135,7.0,3.0,1.2703559214506996,10.371592852001363,60258662.652658105
9560.418266876915,2.0,1.0,1.0497880932390802,35.930739178790134,19571876.385502227
3728.672513251875,2.0,1.0,1.3624161929472707,24.539583627646103,10963702.85058323
10320.268637005252,5.0,2.0,0.9742822006573385,19.181466977039825,26194890.550827507
3554.854792635467,8.0,1.0,1.047338389812618,17.13382669658195,9035791.888805065
14108.615276508079,4.0,2.0,1.2553185441555716,33.17184691892566,46804469.240175016
9255.431746136195,1.0,2.0,1.006200389168514,30.63575424572283,21370013.335294023
7991.81178627176,8.0,2.0,1.0186142428011076,30.33557365104671,23791719.53598737
6449.334529468804,4.0,2.0,1.396893904048534,24.485954188871784,24346438.40889421
12827.482306506436,2.0,3.0,1.1333687154142111,32.63869748087406,44389068.4586847
7619.164644735774,5.0,2.0,1.2136282722020888,14.978351163662113,24902461.112497725
2300.4084347323596,3.0,2.0,1.1860773404921658,27.11118405489868,6956117.2849583225
2889.314501137997,8.0,1.0,1.2967544882939432,18.133432271756774,9499726.571052995
19260.81469226058,3.0,1.0,1.3170950596650457,23.999964256790765,53405474.48121853
18226.46539972758,5.0,1.0,1.1379536794821856,35.94459001838079,43203148.00914906
14174.318395928542,5.0,1.0,0.9767336449798396,35.53574342025955,29621171.582567096
5757.87725231468,2.0,1.0,0.8136801485449817,21.378570494023446,9990301.97446636
19402.021720545843,4.0,1.0,1.168641950638592,23.21590356494474,49419003.280275404
15707.767536936415,1.0,1.0,1.2952812999593717,32.919653074119026,39707193.6474023
14507.669669684516,6.0,1.0,1.0703238833069957,35.569071375415646,36107771.49643731
9317.6131415895,7.0,2.0,0.8988236842945186,29.35823407878239,22138452.86203135
5881.486299796085,8.0,1.0,0.9728492437613846,7.955533738758922,12753999.573953336
2469.984665777886,3.0,1.0,1.1059933577071188,15.67919203031592,5491078.349518642
18110.486492950527,3.0,1.0,1.3020087313866,32.89687019760923,47339902.114580266
9442.060022772055,5.0,1.0,0.9030518876410524,29.050575175514417,20163073.92996186
4525.849277027468,6.0,1.0,1.1672899254257085,28.266992130732813,13308334.974879222
6535.5585085226585,8.0,2.0,1.2520211683703273,26.037696914044233,23948672.93806367
11836.859637472782,1.0,2.0,1.3616285122008938,18.457915488971505,38143614.24366718
4029.391989021095,2.0,3.0,0.8700222150073157,18.097239610341052,10598539.003606588
17218.317111392083,3.0,2.0,1.3558349804987344,30.26797462772403,60714783.40416581
15315.278878803076,3.0,2.0,1.1608805211046875,14.813408752952128,42349701.47602984
14557.581345448174,4.0,3.0,1.2600209524593715,26.544956181029203,55559425.90470353
8982.604971637013,7.0,1.0,0.8322648257411334,27.786255702718698,18461469.465497885
12769.791509627397,1.0,3.0,1.1036888933843572,31.33667968084586,39238053.087608784
11931.50059690707,7.0,3.0,1.1735778044484761,15.596567721210471,44896560.69383677
13207.024070163508,5.0,2.0,0.9841003039237042,28.256678005146064,35037073.9805463
2238.2198301138483,5.0,3.0,1.0589901248607516,9.194696927360607,7747371.322187671
8666.663602109827,6.0,1.0,1.1325788811677588,10.141851868557142,21242023.768082745
1407.3149729207141,1.0,3.0,1.1315287638637879,18.520081205202047,5016788.700015861
10183.421893343668,6.0,2.0,0.8251169152441029,7.656773290657418,23434548.85298148
6999.307519256035,2.0,1.0,1.0636890599473354,34.43094964396015,16976699.875565894
3403.7692640013097,5.0,1.0,0.9282908928753385,33.056874315280815,7565554.38638222
2606.017573817502,6.0,3.0,1.3500170468512098,7.468010865775295,11447884.932870777
12000.304700247614,5.0,2.0,1.3859479940740003,31.149351656768363,47416952.14820094
3909.5035896155905,3.0,1.0,0.9797881378112414,21.26622522270076,8190612.954897197
18547.330296509866,4.0,2.0,0.9051112383506352,27.058886651206496,41657733.313027
11872.586110187662,4.0,3.0,0.9317024905690059,32.607935078945616,35052938.05146139
7329.274207975839,1.0,2.0,1.086651353211772,23.309234612330958,20545114.39183713
12063.760534739486,6.0,1.0,1.324703359467907,9.489813008538883,35805085.16629693
1042.3950979761314,1.0,1.0,1.1000217289625838,6.077358314597587,2378649.002717567
19196.04873688404,4.0,1.0,0.8332352370291787,20.907645967543395,32079022.96073195
9956.686676692265,6.0,3.0,0.8239313616278865,34.4769639637308,27101377.720874302
15785.063408655553,1.0,3.0,0.9364345673737091,23.178656148395877,44813837.931351654
2204.9619984953083,8.0,3.0,1.3056627665656573,17.188174142646876,9573414.695869876
10041.17161826031,4.0,2.0,1.1728883345210863,6.9276605124274,30259135.714401018
10119.715690477706,1.0,3.0,1.1377747122717747,33.44938251834601,33129440.778021857
18793.833226514667,6.0,2.0,0.9913817555495853,15.814699825741265,49286414.71312412
11691.524216095862,5.0,2.0,1.3576552430277125,27.143322039452883,43005755.975543566
9785.694380504903,6.0,1.0,0.9987069469772795,26.827116063343947,22502350.74069889
5779.327863982736,7.0,2.0,1.300966647591768,13.616494841062437,21457228.12591962
7032.438548445512,4.0,2.0,1.3375421107855305,7.91332519382176,23509847.80918589
10701.044607947833,7.0,1.0,1.090001007929682,17.550011360155306,24844568.023964975
9114.882329917906,3.0,2.0,1.3365735616884455,15.513930415115997,31414567.525617316
1019.2743496784103,5.0,3.0,0.9660819724346282,27.007691966169773,3686099.418882734
16630.06332937054,2.0,2.0,1.1950600557099653,30.593474869795173,53305924.23846412
17985.518973691473,5.0,2.0,0.8527782491146318,12.67336252175024,43884396.90158356
3320.832326573049,3.0,1.0,1.0843605284554363,21.84693209329327,8549763.959928492
11348.30118465756,6.0,1.0,0.9303990812950087,7.21825042164485,22465251.374912746
2706.369378027605,7.0,1.0,0.8376579667583618,12.427674688003858,5517323.673681015
13641.457804972348,7.0,1.0,0.8022353048465725,28.852848159662493,26142573.352795936
6055.935406476761,8.0,3.0,0.994851269864485,29.801949614672175,21555051.53130419
13392.799113022895,1.0,3.0,1.1537183567220577,29.2921339035541,44134486.6657816
14703.695517165523,2.0,2.0,1.0731382085906944,10.271637749648104,41072622.09068479
15511.761343202546,8.0,2.0,0.9810615791116977,22.53104182405252,43478842.584633395
2690.174351544393,4.0,2.0,1.3947200184657507,18.681252433301488,10199291.789104268
18370.629795669593,1.0,2.0,1.3637150239878066,35.744588903852716,57265652.736786254
5066.151423360688,3.0,2.0,0.8753919841024982,25.622096071750082,12121173.197998643
1325.8035898178878,7.0,2.0,1.0490644560010969,34.05606274187187,4641302.139502832
11364.137906194777,3.0,3.0,1.1893081603961664,10.360509150253128,41460767.565587364
7795.892306931311,1.0,2.0,1.240094478517962,19.52619819300687,23913296.593663447
16697.921016768814,6.0,2.0,1.0198232929456943,29.148228003176058,47044852.28839227
16280.078558047455,2.0,2.0,1.2477690876412084,17.035731840912078,50305634.548705034
6752.494520760678,3.0,1.0,0.8744900077464071,24.9752548846094,13114906.110151691
19086.248264353053,1.0,1.0,0.9990875751546229,21.351065171209818,37417928.785127945
6243.806059918301,5.0,1.0,1.229859905453543,35.757882276539775,16354612.12309693
10592.108307095263,4.0,2.0,1.175409674156225,11.216176201964744,33138978.50222605
5565.722757011494,7.0,3.0,1.302326128916993,34.060460859903834,23811773.738948677
18759.24525894989,3.0,3.0,0.8281142136002931,18.047128614098902,44452675.88819338
3793.391661091152,2.0,3.0,0.9046350306938291,20.039788991318837,10095267.049165104
1471.2660162111824,2.0,1.0,0.8290967493631799,21.85805651069937,3018395.3954734206
9040.882964058936,2.0,3.0,0.9152685345495268,13.960996483007396,24427215.77132416
19852.08594268324,4.0,3.0,0.802569686379761,34.90972327832379,45447876.643639565
17898.53896534533,1.0,2.0,1.1025261810073197,33.34461615704368,47454673.36254306
15122.995577464815,4.0,1.0,1.1169886373409532,35.18715300634088,37987238.135170385
17881.374323043383,7.0,2.0,1.1947350688435967,35.907587166285694,58780363.68566118
17932.864810138544,7.0,3.0,1.0309474683206261,26.09400285542916,60840858.09595356
10665.852191497112,6.0,3.0,0.8019246144111104,19.55056487417234,29076991.376782995
6729.023605517385,8.0,2.0,1.2043346926445824,31.522017044889143,24393577.438617833
15577.041182953168,7.0,2.0,0.8325746526487476,6.714146335090157,37432216.805657215
13436.228505454565,6.0,2.0,1.3197022584906462,31.0321213414051,43256139.93648009
7848.959940149975,7.0,1.0,0.8135923926247625,20.918580726330198,15872486.43327075
2432.6533603933963,1.0,2.0,1.1182850739539796,26.196600812502535,7366747.727748223
15087.718460171105,7.0,1.0,1.3369507294313123,17.221381840275228,50161357.42665189
5691.734008903575,3.0,3.0,1.143493745473268,17.058694616004477,19280213.948128786
18774.175120355318,6.0,3.0,1.165050047926358,6.951514584326631,65344546.00673441
5274.829155110284,8.0,2.0,1.2089665090024435,18.713682912870397,18456568.49783672
2981.503888782829,4.0,2.0,0.8734453086382803,18.250625862579902,7096019.127668398
16723.58583922318,1.0,3.0,1.2049562604863358,12.743733056042139,59259433.56394855
3573.7157425151845,3.0,2.0,1.3282129292076892,13.419698206193024,12825802.71512433
4077.8051782601383,4.0,3.0,1.3845324997011899,23.52418741327535,17823136.966339964
12228.026155504363,8.0,2.0,1.0658311996150083,15.533143276185092,36783812.25652387
17566.503592246812,8.0,1.0,1.0067029110065282,30.90755727051869,42155087.609959155
4410.832514862721,5.0,1.0,1.2519857693577903,9.341553205711994,11955024.903673215
6620.279254261839,8.0,1.0,1.1257245728571887,23.32934839725131,17418878.597769752
15681.653861878845,4.0,2.0,0.9543827926730183,10.801341814173071,40496169.5195298
19453.432665582768,4.0,2.0,0.9032947309818218,21.84721880761976,48194479.120653644
10314.37901232544,7.0,2.0,0.9021381803556462,22.576376608509563,27384195.545635827
3391.611549494265,6.0,1.0,1.0755062219636913,25.268930595771874,8575764.760734431
870.36398153911,5.0,3.0,0.9020746433693901,18.822748418186812,2681010.3773226817
5055.3269819777925,4.0,2.0,0.8118313664068915,21.28424055387763,11054688.673850331
3157.351025058508,6.0,3.0,0.8312532649818141,11.4285784824388,8436906.25688526
13746.578268089435,7.0,2.0,1.3579307263717793,19.89046049208989,51747987.34162799
2963.5505897935036,4.0,2.0,0.8437768046960815,17.190911672828715,6696538.975388622
10422.80067344028,1.0,2.0,0.8439084143485758,25.983933139632292,21741680.634853244
14068.691251471997,1.0,1.0,1.0707130673201195,19.044651704894584,28609107.621169478
11873.662218885505,2.0,1.0,0.9470601694010196,29.38024952940661,22021546.452953674
4475.647642205118,4.0,2.0,1.3776163113034985,18.779762957210764,17178028.997683227
16200.015807935897,5.0,3.0,1.3465915036986824,13.07313518921876,66050988.88602737
14478.898314546552,7.0,1.0,1.0428459492027602,14.210661568757537,34215811.979421295
14936.28967596151,2.0,2.0,1.0692389116497556,7.358556752749097,40978338.42950857
3142.520380211877,7.0,3.0,1.0250681918453421,22.197564318027304,11519159.311543167
3000.8237908166852,6.0,3.0,0.822719669985877,30.926426517009652,8965121.782908658
18594.71348952625,1.0,2.0,0.9757081035528252,29.073351204527103,44806380.90452841
8313.016960203848,3.0,1.0,0.8736040817671905,19.13368399015414,15792348.157085596
6438.404620550231,3.0,1.0,0.8614221980090737,11.883610654335367,12292921.889940716
10078.530479819747,8.0,2.0,1.1365169437618325,31.90453329892358,33661793.85618266
13459.565727613499,8.0,3.0,0.8592589146281374,7.703431021352052,36061439.64570253
19139.091186711215,7.0,1.0,0.8617587942771582,17.97668175607482,36644159.50771091
6157.056801511867,5.0,3.0,1.088308228891609,31.698454271518532,22406610.59834207
18541.283528653326,4.0,3.0,1.0653694190735832,17.795300622125893,59434892.11077951
1082.2741328933726,3.0,1.0,0.8825808710794216,9.536264122708797,2336358.585430512
11370.842021140399,7.0,2.0,0.8026694148853178,13.978485010373884,25475512.297610294
12899.11716661305,1.0,1.0,0.9157846650607063,24.00088325228845,23715603.003016338
2654.409632764614,3.0,3.0,0.9415353525092245,10.561077230837126,8091297.572388527
3322.5881830399053,2.0,2.0,1.2801490661653205,25.648059805270673,11023366.674935043
8730.817794736295,4.0,1.0,1.3492630103163288,19.14485793597737,25350297.238329247
19344.899095577726,3.0,1.0,1.0435666384927818,16.031685024615655,43236090.0905118
12163.225532746834,2.0,2.0,1.0430160359005867,13.227764415694917,29681957.305537894
18700.6504990441,4.0,1.0,1.22748877025592,30.699899575701284,48328687.630707055
16204.601762891632,7.0,1.0,1.1761532094228133,17.900218423902047,44619887.72044448
9667.203070172656,5.0,1.0,0.9104841120160455,28.15437796818683,19635183.09624445
15824.410915492437,7.0,2.0,0.8646134733775168,19.21065577912153,40487168.741900444
946.0336091535621,8.0,3.0,1.0625671343930305,8.756015606603382,3359148.450673904
2717.393537255258,8.0,2.0,1.1388970178976576,19.215179255017812,8585355.815406531
16690.915128725086,3.0,1.0,0.8832245618952855,21.230633392072917,31660281.21595568
16058.251513508138,8.0,2.0,0.9759640960450667,19.735265804801305,46236891.92687956
5113.2303941488135,8.0,3.0,0.983565797858345,30.487251352448176,17467633.186602857
10896.930057621637,8.0,1.0,0.9567789206144984,33.32554047129088,25117538.934309088
12356.706921580211,3.0,1.0,1.0764567597750747,29.60336025633102,28808706.16287876
17434.13570325462,2.0,1.0,1.1918381505918432,23.483457066328793,40747302.95543344
12300.278852371277,5.0,3.0,1.1056339301695954,22.24349881664672,41969675.863308586
8603.888443909398,8.0,1.0,0.9208739373484065,25.33848090370977,18929834.55198066
7859.170442099345,8.0,2.0,0.8617634282284399,14.634908893181235,20168939.717036925
8862.112475646092,5.0,3.0,1.2931222777392202,30.355405384460553,34974401.50362771
13247.4618962515,2.0,2.0,1.0875828096306714,31.70544532810983,35948697.128271826
17429.318255995102,4.0,2.0,0.8372835104803263,14.016514895454916,37629827.066452675
9405.599512280214,6.0,1.0,0.9548728997897348,33.08454624420233,20872735.958737306
5408.087521256348,5.0,1.0,1.282420267030493,31.461981719750025,15657620.853180492
5191.2498421530745,3.0,1.0,1.25103579486413,18.734603024475305,13465150.25674734
15072.67703672286,3.0,3.0,1.3254899797384265,33.27000606278237,63645377.45481078
16441.43401042386,1.0,1.0,1.1612526956010152,9.613169814345245,36662754.37961585
2642.394749170024,3.0,1.0,1.053743560614833,6.839596776267011,5803453.809283638
1891.2418249304562,6.0,3.0,1.0559809985326705,16.43600476782163,6380363.230907312
12132.013076875164,2.0,2.0,0.9164000266957663,22.96307096482035,27126722.366777606
3435.7609373383466,8.0,2.0,1.1904793769107291,16.543278435985986,12194595.234137025
16598.485294853024,1.0,3.0,1.1510412536557124,34.262032010140786,56016609.2715561
6620.492674127044,5.0,2.0,0.8929186468573016,13.641306871654352,16329987.861288706
3391.1154996401674,4.0,3.0,1.3313977520272249,14.436401807780369,14506321.920042658
18466.827166256535,7.0,2.0,1.0210809219863581,25.044828376345652,57067340.007586576
3811.3154210643966,8.0,3.0,0.8298432593126411,6.115916470251246,10422896.742147632
6123.56959735595,5.0,3.0,0.9967285524678703,27.826711570637976,18545711.774884522
3580.0998667259373,6.0,2.0,1.3219140288269453,17.324084492794718,12655921.987712597
2840.5072351078866,6.0,1.0,1.3501739515170708,35.332436029298876,9035067.99047612
1010.2715169269367,5.0,3.0,1.09423905035578,26.742527790892456,3973114.4394815336
1674.6709377866462,2.0,1.0,1.3738039640440507,7.566448652470292,4805561.043795554
3988.044536155542,4.0,1.0,1.3251450855271856,8.77883426225921,11863681.955256108
1635.6094929672026,2.0,2.0,1.2951384302595352,8.645043207724758,5761488.462629353
12068.190032552842,4.0,3.0,1.3158260388093237,34.57866779675831,50514557.45501803
13805.861819910424,5.0,1.0,1.0291252473012942,26.52154623652763,33806207.777497284
8236.430862541347,2.0,3.0,1.253881364453326,18.828180218668074,30203164.931423485
6769.027280869758,2.0,3.0,1.1464034018456895,12.01448069640093,21469449.74243353
10387.808998231263,7.0,3.0,1.231810401044184,32.2091923930741,44544161.62147663
17575.095879351407,4.0,2.0,0.9066716645484648,12.046677830140213,38367385.21313689
17111.953560350797,2.0,1.0,1.238836347064965,27.200376494274522,41751175.45745155
1443.4162030481637,6.0,2.0,1.374555460516503,28.89973084636038,6205923.171436914
4121.069146172567,6.0,1.0,0.9815979934288578,14.839682665662249,9207360.827228375
5192.850499425283,7.0,3.0,1.391696794373376,21.14744211511927,24029808.56028981
5438.11897114491,7.0,2.0,1.0270256088832226,12.689678469551817,14989031.829849398
11681.91344380979,8.0,2.0,0.9198340982126197,17.367889723664945,30723007.165622212
8675.49105864193,5.0,2.0,0.8673717378801431,34.954031948400264,21572142.038445707
1555.5299265953233,3.0,3.0,1.2709771479729066,26.79414103963291,6591415.144111891
7848.114286115689,7.0,2.0,1.132895240225941,31.39842618571545,24483374.712504167
10760.807205122162,3.0,3.0,0.9842787761972174,22.21798714400223,30641544.595525466
2572.43491633209,3.0,3.0,1.1650702218762548,13.171192264540684,8996899.218934182
16769.095943498058,7.0,3.0,0.9992607127046028,27.386395700015807,56477364.74450164
1608.0602094230226,8.0,2.0,1.0690146543970753,21.017038823716995,5446967.198315655
18541.932258950405,3.0,3.0,1.3175984754518546,11.30546604321176,71041841.97847204
2522.7949466495847,6.0,1.0,1.200899886115499,18.372896688546305,6477213.040739991
16965.354060996404,8.0,1.0,1.25744110382283,25.045206570489178,50336927.00352209
18111.470992195773,7.0,2.0,1.1500961308817457,28.059955700467146,56102533.55703523
19603.671203379898,1.0,3.0,1.3948388293313725,13.296623876710552,80419822.49172159
16159.302077307715,6.0,1.0,0.9448460397745356,32.279920180479934,33263866.943147507
15721.86429096378,2.0,2.0,0.9573746964312888,17.386533212240337,35981537.93726092
13064.175554313624,7.0,1.0,0.8555353632429997,14.134101536782453,25573200.155437265
15712.529278815702,1.0,2.0,1.1324117012424262,11.853601663611744,47054875.93918543
3210.3128432150534,8.0,1.0,1.1680155418450207,30.12514003208921,9624593.80648348
10999.719897384164,2.0,3.0,1.2355769437392918,16.624937248981873,40336928.68502319
10575.923681694041,4.0,3.0,1.0012675555695567,20.501970836638037,33428653.573606316
17236.899595977615,2.0,3.0,0.8073540811190164,12.684594706916268,38100319.14859212
9578.307692514209,7.0,3.0,1.179337722252992,26.582732135067946,35995479.78771167
8070.736224346858,4.0,1.0,1.3992172955122295,29.43100222657267,21956643.433494482
13007.527461999936,6.0,2.0,0.9767296122739955,16.182757468600247,37109222.41439987
5769.388359516413,1.0,1.0,0.9103606714814119,34.35238156114206,11778845.76439957
3311.5071725067633,4.0,2.0,0.969060174695812,6.918318286807082,8585115.131531166
9870.81911606067,8.0,2.0,1.0552492848662283,9.98829309822121,29783422.619914167
8687.65375074077,8.0,3.0,0.9505477573715388,23.663610946814725,26492639.71731715
5111.85684626015,2.0,1.0,1.008176015220518,27.04220586145139,10880626.523667501
7729.729116233483,4.0,3.0,1.1829240431476176,13.52048968527177,30384682.829123013
7708.0135266292,4.0,2.0,1.0070167921055688,22.622132906740454,20700012.39931158
6953.413949603382,5.0,3.0,1.0376353668701928,15.55158741128438,22488495.08672061
7961.603146702422,5.0,2.0,0.8240187576795585,22.622677368647707,16627568.369458737
13903.42090184534,1.0,2.0,1.3507655009737216,25.779830332927574,48241267.14021139
6359.403606682935,7.0,3.0,1.0441315759489123,35.184241607071726,22578908.813829307
19007.843778277605,2.0,3.0,0.9968861096208765,19.67090580063551,51921302.84989114
18377.151579040652,3.0,1.0,0.8518905177472307,25.446481208141417,31481846.350621708
9929.662309021523,7.0,2.0,1.1805099292371102,23.341177437597956,31253327.104636304
6970.207377090963,6.0,1.0,1.318294970158253,15.526646816627188,20437800.272151124
10987.434922702061,4.0,2.0,0.8246919200314402,13.59192395093161,23914525.144031968
17062.073482208318,8.0,3.0,0.8871634804196213,35.636121652341714,50542178.44409797
13260.19440686598,4.0,3.0,0.8878338973317245,12.20557085104546,37504786.90561887
16205.201462173301,5.0,1.0,1.1613649132086756,29.708258012227105,41241521.824346356
10934.81215567536,2.0,2.0,1.352738301631021,10.39762173062283,38205380.724562645
12878.602007791842,2.0,2.0,1.0626610202393056,30.130538080837525,33928028.68688998
6190.218915139757,4.0,2.0,1.0062838689163103,11.571853289686441,18353331.47256223
14856.927348819641,5.0,1.0,1.2595044113580147,35.01469932048501,40087327.673939005
4526.649106638935,7.0,1.0,1.2455414370533908,26.579629697235518,12827134.655503726
14079.083699078865,4.0,2.0,0.9480536835663258,8.703547310274867,33232078.237675164
17297.949925522345,8.0,2.0,0.8964958173847316,26.795313583770326,44026504.564843394
3162.7950436499523,5.0,3.0,1.0146860194492138,24.108622883446557,9930230.886810053
12518.966966513244,1.0,2.0,1.2653620353359787,16.126387400818757,38874324.21263298
2444.857515660731,6.0,2.0,1.2170380339489868,13.822079932701438,7740751.299109412
14678.883188465681,5.0,2.0,1.199512223813723,27.562823452444565,47477929.36185877
2239.1684451762926,4.0,3.0,1.2976571360979223,28.240841188495974,9088948.40281772
18757.232560392145,4.0,2.0,0.9662781874048363,15.816175468576096,46437914.15779581
3265.713842733362,3.0,2.0,1.003810235281706,32.28681332518511,9287407.863477994
19202.27677063616,5.0,1.0,0.8254036703655057,14.064816566654738,37514738.81277621
16137.153016050876,5.0,3.0,1.32124746548212,8.09593277924433,64153323.67853131
12117.43088664727,4.0,3.0,1.149457840953307,23.99603534482736,43013079.96236951
15782.90762981321,3.0,1.0,0.978873375130216,9.212117184948484,30940641.30793141
16025.227876271867,4.0,2.0,0.8416499188696194,14.299921927994557,33932355.83745262
18952.925018656206,4.0,1.0,1.2340457018974758,21.215591791453136,48141773.068930745
5515.637064480232,4.0,3.0,1.2492425117294366,14.59078867071893,22183013.168760188
12047.472369951198,3.0,1.0,1.1997071912690136,12.449890272601332,29320858.23110899
2443.9544327493836,5.0,1.0,0.9222685825680377,27.095562447169634,6008126.0636477405
12553.614580467953,2.0,1.0,1.3479296351051628,22.409980242068865,34953961.899026595
3923.051299400103,5.0,2.0,1.2518948114125257,31.192837447508417,13190189.864054715
11560.041862565373,1.0,1.0,1.194653794150382,23.43718783966433,27112303.929498382
11705.151972256685,4.0,2.0,1.1905663540530724,20.503416353213353,35297213.24190019
9640.11196783581,7.0,3.0,1.3426146200549847,13.837690548323646,44135122.89387584
10739.056444954582,7.0,3.0,1.356984279858274,29.76197625273892,45326537.244467735
15420.113766127806,6.0,1.0,1.1573824508061439,11.906130256931018,37333450.30813495
16105.347500334092,6.0,1.0,1.050001646577529,13.266852329194808,36543742.43066864
10147.772382163324,1.0,1.0,1.0182403877356498,31.2476579025921,21502062.244538974
12232.112765538679,3.0,3.0,1.2914473046484334,28.235775771876334,50345233.35590757
18665.982972387974,6.0,2.0,1.1867632039006,24.386204669385616,63756842.44066184
2922.8316169217824,7.0,2.0,0.8463596181521922,7.167615923597203,7155274.59790291
2871.809178462144,5.0,3.0,0.8853116078090163,9.817728548541794,8188770.572061316
2301.5548310689073,7.0,2.0,1.3401115370629078,20.998723805628288,9325012.080284046
13362.54772978624,3.0,1.0,1.3306988888627005,28.39016770448673,35418194.64336793
8721.001035333362,2.0,2.0,1.3710994692184812,19.9230259257547,27705998.365961395
15621.83547315176,1.0,3.0,1.0567105803969943,6.518790732443493,48034630.2743939
13621.889418186696,5.0,1.0,1.2704365445844243,11.528099960004651,35904169.85320571
7072.572511567821,6.0,2.0,1.2969350163885929,23.663000988606544,25291534.44060877
18028.311018813794,3.0,2.0,0.9894181435029159,26.82651179063974,45839560.0030369
15393.123653170655,7.0,1.0,0.8872026267362854,7.002849381357132,31106177.653800383
5848.377853657409,6.0,1.0,1.3982158169835035,7.29995260381501,18801203.71169948
7665.3251447778475,3.0,2.0,0.81813152225081,13.83930346369089,16687022.314602003
6700.1356159627,2.0,2.0,1.1584015512268657,8.50505086159695,19456372.290548954
3657.6659833249932,6.0,1.0,1.1901273645090253,22.25838696580094,9927366.207873946
3466.997427318518,6.0,2.0,1.209073605181789,9.711059458700415,11610617.773088278
18760.872789489433,2.0,2.0,0.9533766463814538,25.446580047042673,43571660.54202971
9095.338321655814,3.0,2.0,1.2329475465793105,29.31675957922761,28764590.42121396
8036.404561881751,4.0,3.0,0.9298397379687593,35.115499912563195,26261534.127069093
14755.902748341132,5.0,1.0,1.2974229534510093,34.45220884913143,42232116.46531375
11328.065465906258,2.0,2.0,0.9314700044507808,14.200954507058345,26786216.649555366
18761.115744666167,8.0,1.0,1.2180236174456465,6.8822880786951846,51048145.00075348
15737.848981842208,4.0,3.0,1.2700480915003856,15.882366483353039,64149637.33578323
9899.769544016082,4.0,1.0,0.9133674502773133,27.254403561379597,20233065.29164699
7901.373785528029,1.0,3.0,0.9427918925795616,7.794036278176179,22083138.20855506
19740.651971531846,8.0,1.0,1.2674622432406202,16.79137973014286,58244458.46157648
14524.548578470683,2.0,1.0,0.8515993829809717,14.941036426407209,26134429.803343736
19053.17640407452,8.0,2.0,0.9144565714799985,12.580369074569301,51963524.783202685
2898.4843980106025,4.0,3.0,1.0733185437139492,27.183922641909458,10326543.250667145
17100.353376301184,7.0,1.0,1.3581091572468622,25.77291015073122,52482756.26672975
12959.233349429427,2.0,1.0,1.1371267009358061,22.0648228210303,31079472.777650516
2965.2805597011843,2.0,3.0,1.0326067089249353,33.32323919044792,9424240.44257146
12012.20519940288,7.0,1.0,1.387022133333486,9.094165581908173,36510555.30998783
13910.269483045708,7.0,1.0,1.078226783732773,10.490676734343925,33823968.023948275
838.672106238895,5.0,3.0,1.0602409842124891,17.50349037658239,3000562.3019703063
9413.768459729883,1.0,1.0,1.046986590132634,25.67646155588702,20518770.000404425
16612.75051720863,8.0,3.0,0.9873080435640778,23.522378767362362,53375724.15297296
6329.9650916753435,4.0,3.0,0.9954168858425506,8.22128062403796,19142127.152269885
9495.832786891891,8.0,3.0,1.2127022359576989,34.752744112394026,39095343.768086575
9180.894065117129,7.0,1.0,0.8245013584051287,15.151944493841745,17381031.291700352
6457.391393984337,7.0,1.0,1.2090900353877914,16.769178413492817,17681263.26810759
18417.77277300175,6.0,2.0,0.9207226988755237,24.708893971302707,46278358.42890714
15757.104287371409,6.0,2.0,1.0305248019226958,34.35496552379204,44595090.148066774
2745.4151733245435,5.0,3.0,0.8879233835361993,25.88064717309816,8141040.853950963
19942.472362048917,1.0,2.0,1.1316506264434818,34.64319988643112,53327140.42515786
17656.48047157026,4.0,3.0,1.2376102669712838,11.627733564614369,70147973.57353139
6107.823694562356,6.0,3.0,1.0127933456338187,24.56429786918805,18726628.889299594
16835.7936454222,7.0,3.0,0.8980499465241578,30.866366756288546,49911330.63575966
2664.538918304828,5.0,1.0,0.9359033491587053,21.270734047645412,5770562.6651033275
19982.63177120023,6.0,1.0,1.2908677511153435,16.865210274880212,57964268.62945988
13514.283880466815,1.0,1.0,0.9605892410359115,35.542755900956315,24678572.64941881
13212.425301840662,4.0,2.0,1.2648215558067362,10.229620211899814,42504001.543120675
2354.5501034921754,5.0,1.0,0.9987196440837267,18.3278858258597,5479712.351672216
18002.44793859453,8.0,3.0,0.9132395326057775,32.201212576819806,58251298.40674311
1162.5903621667067,3.0,1.0,1.2363851357764586,33.01442239517763,3818529.3764553107
5272.064325998253,2.0,3.0,1.081127017685124,35.41146304679322,16705609.329984581
3374.624378232719,3.0,3.0,0.8187663507648839,32.54542776793144,8904909.104296202
15669.29804942904,2.0,1.0,1.375965451606639,7.528710761622376,44816099.061360225
4445.162007930219,5.0,1.0,0.8886520670432645,33.89299498882465,8872835.717496464
18266.381606339175,6.0,2.0,1.0120441858718547,18.845015742203557,50225868.04476772
13331.619362953308,7.0,2.0,1.0308767809974244,25.54857562369746,38556032.23679133
1301.5565835971065,8.0,1.0,1.0936579395550479,17.828276075013573,3649997.272046054
705.3387820967889,1.0,2.0,1.2712664134005023,30.41004229840646,3226297.475043966
1602.163590079339,2.0,1.0,0.8036541678050761,23.27757828968298,3103405.8896249696
12354.948446365917,3.0,1.0,1.3594832308016447,31.366339276620128,35807489.07927482
16148.747130672657,2.0,3.0,1.1875936761218067,11.813144145623017,54593191.38939514
5227.924720171336,7.0,3.0,1.3703893274893613,11.549492842647068,24271481.70876028
17078.531552707616,2.0,1.0,1.2904337224498914,19.21130404754361,46081212.75199462
1710.2996389732514,1.0,3.0,1.3567029308499299,6.142546348874416,6607472.950510325
16138.698760648518,7.0,2.0,1.1606003305614068,26.785588646887742,52251457.38399981
18599.23134534224,8.0,2.0,1.0143853897263049,14.88161183424033,51657749.86130403
15578.902942624984,2.0,1.0,1.0657484378681623,22.718980386433497,32208493.370665956
14143.543209185562,3.0,2.0,1.1948193862304677,8.100106813825406,44562424.57314332
16856.816241914432,5.0,2.0,1.0561591158598018,11.11933078148082,46231462.62005584
1378.9352112130887,5.0,2.0,1.2390036700806735,24.685775100657985,4632558.146643193
4514.572947949675,8.0,1.0,0.8551088096480177,15.169878813331293,9875887.05896212
3023.5193785294755,4.0,1.0,1.2979919893909333,12.441658277569012,8263858.199714295
10387.901209743939,1.0,2.0,0.9225131837852025,12.865395024233038,23090952.40754853
15056.649689579584,4.0,1.0,1.3663685657148334,12.444580941764864,46288175.43023199
12822.229784782136,5.0,1.0,0.8933274799623607,24.685528482916446,25044131.985920865
17111.94333538154,5.0,2.0,0.8774985176614387,11.030736434083714,39656431.59154161
3611.132053357163,5.0,3.0,1.2871256663524355,16.88119077539671,14256867.4050878
14851.649183542135,8.0,2.0,1.2912210966218085,26.63660596780357,51164467.40137021
4345.0049228567395,7.0,1.0,1.2432556519287483,21.41013172042952,12564944.828635337
5852.719775565325,3.0,3.0,1.3763182783428227,23.918426123264517,25061664.177726135
14372.151127257295,3.0,2.0,0.9623237772112496,13.527209383912457,35621525.678186804
19615.972827034428,6.0,3.0,1.2959892433941724,33.98144619495617,80773662.12030433
12463.94595595515,4.0,1.0,1.0112243180260525,18.416377449490067,26903002.21439453
1657.3061108311344,4.0,2.0,1.1224391753416043,14.608918098370037,4785065.736538883
12556.394016594137,2.0,1.0,1.0673600178207971,33.12978552175417,28124194.427568275
1421.6007006552418,3.0,2.0,0.8035100136041644,25.65868845793161,3542714.4846635503
17752.426800516252,6.0,1.0,1.1446773161234947,24.418375894153513,48756742.4356638
14365.818730952042,7.0,3.0,1.2485035326583718,32.60203956498504,59617386.32168415
3958.680220596563,7.0,1.0,0.9047314301451628,7.756208588141533,7915356.484498844
2379.3875129894423,3.0,2.0,1.3589935171358225,31.130385360227407,8908749.65447264
4160.544640278188,2.0,1.0,1.1182397236511021,26.335930929153026,9826991.858242149
19612.527283351334,2.0,3.0,0.9069476018906562,16.79978384340388,53292661.754729345
9496.076463694702,4.0,2.0,1.1875685425501312,13.69054027571567,29469212.509903327
15811.170397823314,5.0,3.0,0.9151536251092064,9.14417699644673,43293269.85380248
12946.321836890871,8.0,2.0,0.8381200089772018,34.2322251074007,29396362.849494055
11704.815109197565,8.0,2.0,1.2111891454515453,10.257363099886085,40657977.941572554
3415.526940501964,1.0,1.0,0.8664169299832967,13.783156071926527,6453474.569401992
18952.874399027045,6.0,2.0,0.8637304690258613,26.733215387084098,45010209.74828274
6446.0470707855275,3.0,2.0,1.243966137909088,27.304573136579776,21569228.140443508
11813.533986666318,2.0,1.0,0.8331213399248427,10.823061138077819,20750405.81609874
14175.653325027883,5.0,2.0,1.2858615074287727,30.42393482296883,49403981.76147412
13195.123211758992,1.0,1.0,1.2776892551886965,21.308618075290873,32319855.79596671
18847.53154809306,3.0,1.0,0.8848360568466597,31.453700343453267,35205353.43262306
3479.716404449125,5.0,1.0,1.1110283883661813,8.618561695426337,8918969.984670015
10462.043125870676,3.0,2.0,0.8579752945813655,7.28489997281069,23285386.63942853
8438.26718037086,5.0,1.0,1.1795427318715923,25.10971144483049,22635348.65926126
9798.873351962791,4.0,1.0,0.837758007782328,10.500713913294504,17147569.150465682
2912.8200082362455,7.0,2.0,1.3666885137936484,21.748471371998995,11437710.484516848
3201.4354315316477,2.0,1.0,0.924638441221749,6.423262778535261,6048360.602282963
5994.665588156393,1.0,1.0,1.209736793569187,29.397877816446005,14845734.875870377
6511.2693129601275,5.0,2.0,0.8769748546262661,32.985905105355044,16642431.06286916
8901.32234541819,3.0,1.0,0.9257578689960659,31.16648285892864,15994275.149770992
12453.15841251059,6.0,3.0,1.0705697893300223,34.75058439451255,43667686.43038583
12911.804877914303,1.0,2.0,1.1438576848049098,33.09287263976369,36158218.50607459
8589.131393760063,5.0,3.0,1.3993179442350097,19.32054054871096,36068757.51672375
8530.392322916723,8.0,3.0,0.8155557368545665,17.950446253309398,24384122.430927023
4821.993417921062,1.0,3.0,0.8001886517864523,32.88551003914629,11476364.227538073
12013.14121913476,3.0,2.0,1.0102202568289689,33.80816386071681,30978890.117028754
6750.593679554415,7.0,2.0,1.0196938206814519,35.18507844954111,21348211.457829792
1299.5607849808557,5.0,3.0,1.3303023416591788,29.04951704528348,6394347.452542081
8716.96085664309,2.0,1.0,1.347549528618381,12.05966489824141,24326330.69058249
9798.173896749304,2.0,3.0,1.3283149858155912,34.348624083321674,39471131.6900635
4976.501643161693,7.0,1.0,0.8859072502916286,34.41424400448659,10676116.160314985
11705.683902569044,7.0,1.0,1.047262901108644,25.983940917389145,30390764.3421712
11575.974868379266,3.0,1.0,1.247531097377014,31.718407990484543,31335910.450035203
14218.842313541205,4.0,1.0,0.9875666406705448,22.835292634918567,29106882.780819252
13170.200554703475,7.0,1.0,1.1979428171063307,34.323808362351684,34208851.97560803
13257.201296508012,2.0,3.0,0.9422857179146552,8.818091897762736,37545327.03310012
6734.554545386436,2.0,1.0,0.9940515547764848,31.91891089454312,14146907.6602379
15876.185106527504,7.0,3.0,1.3162577896090903,7.66510887111418,64756348.64944898
11253.40104183378,2.0,2.0,0.950305421653397,16.173211566540616,27169919.089106433
8969.512986489868,7.0,3.0,1.3785944521309177,10.059769278457857,40340008.7411162
12744.642130256509,4.0,2.0,0.9837557365621081,20.374052773887364,33553827.028711334
7596.752288334933,8.0,1.0,0.8141168658939665,12.967384739774099,14750867.12804131
10547.14134537111,1.0,1.0,0.9529405422815422,34.56217138001992,19965232.56042368
14892.090356555074,8.0,2.0,0.9027229653460555,22.779640009602286,39454043.02720638
17796.21600243993,2.0,3.0,1.1040961797305298,32.931922089111744,57062598.12138172
18468.509627526717,1.0,1.0,0.867629639796716,14.341754071534528,31057755.89052765
10370.478748552125,6.0,2.0,1.1756293263472457,6.779326798396824,32382988.21523217
10693.33722596704,5.0,3.0,1.3249394423338967,29.269650110517652,47190969.14704744
16117.485968818428,7.0,3.0,1.0175113290822415,27.071329799159155,53816053.32813815
6700.343419837504,1.0,2.0,0.9010956315832427,22.36474937022581,15875661.382855985
16845.21782949433,1.0,1.0,1.0400149974706479,30.460281891876377,37415565.706332915
10186.347942438015,5.0,1.0,1.2715800928703762,31.202531179443977,27719704.719728116
2847.620452104207,8.0,2.0,1.1548926044477574,23.637099240545215,8712419.087274287
1997.9474532151078,4.0,2.0,0.860685927996562,34.97783375561811,5532924.161704164
16934.668294165585,7.0,1.0,1.1223122925962201,27.59135842851982,42718266.65140346
1678.0175879934313,8.0,1.0,1.0808512288733558,26.30626128487886,4646500.239151288
6043.861860992924,7.0,2.0,0.9962673536126969,16.842653776759363,16638593.60897221
7082.122785729989,5.0,3.0,0.866096357631994,6.06775735800023,19059576.372364942
3956.0922367169196,6.0,1.0,1.3886671613721648,13.22828021682534,13025001.039627912
6689.5313741585915,5.0,2.0,0.9056259919359534,28.917615204438896,16823551.02630612
15008.235794466662,6.0,1.0,0.9156457344744473,27.296137633115222,32412317.86226856
884.8471650653729,5.0,1.0,0.8873496152613415,15.930664344902825,2123621.2863349225
16647.164435701317,5.0,2.0,1.142115823219363,24.767489236153164,50184957.02746661
17217.03165734643,4.0,1.0,1.0662017446896201,11.858624384194115,38171494.0385375
7821.874519916035,6.0,1.0,0.9497343092159336,13.908831578071322,17018343.566098195
3580.090241776315,7.0,3.0,1.057654029812917,34.4222428170749,13706307.729572847
12256.303914134569,8.0,1.0,1.2041131106370306,18.395417188067835,35640665.295403294
2921.6475837789503,5.0,1.0,0.9690203188991782,13.349627828965636,6339505.001154372
7679.435604918099,1.0,3.0,1.3491474656182283,20.613247405169744,30253851.26347893
19193.526109478866,5.0,2.0,0.9838077423066235,17.610476393620985,51465566.33405179
19912.01076812256,3.0,1.0,0.9189074184937119,27.88587112047317,37574759.7072492
15578.834892278961,1.0,2.0,1.3727407081236886,34.86348319472643,49827638.28583807
6632.653292462865,1.0,2.0,1.2863363660709075,23.752122733730754,20390647.574402627
13940.701953822194,5.0,1.0,1.0058825749060794,23.73441560810745,30376349.32168738
14284.883490389846,8.0,2.0,1.3048591106863254,16.94501576170449,54391304.27433183
8124.128886174805,5.0,2.0,1.11128854949228,22.938927959258862,25637224.68473691
13033.239510971493,4.0,1.0,1.0080514989566376,15.579865991614145,26415401.79472719
808.1163125281191,1.0,3.0,1.3037669537235286,6.032762229370258,3078215.111523162
4655.718576883484,6.0,2.0,1.251299040118664,31.98288518635455,16292348.153646855
10786.713077564867,1.0,3.0,0.9787249055858636,18.883322565651156,31531641.18645238
3776.77530261094,7.0,1.0,1.1640071091547841,20.762654551619903,10158310.529681474
3818.5932368047525,7.0,1.0,1.0216341341118784,8.505027462777846,8807043.731690481
16824.303236674616,8.0,3.0,0.800631183536233,31.11331540216176,43294091.53352906
19789.180252061946,3.0,3.0,1.3770894448401676,11.110112111327712,83410026.41982496
11385.806903751898,2.0,1.0,1.129777445643702,18.318634763529477,25999797.83351782
16877.95277910524,3.0,3.0,1.1590595609994698,31.20796641191644,57769189.81090309
19812.240287929686,7.0,1.0,1.1599348554063769,19.733488206405585,51487945.15403106
3346.960238234229,2.0,2.0,1.1303848764916418,33.93457006399391,10613217.41133712
9295.96489713441,8.0,1.0,0.9740287068641561,12.279429102620691,20206949.752043318
8215.910687333246,2.0,2.0,1.3829456749448337,27.45698489864314,27673218.16557291
2152.9561027359896,1.0,3.0,1.173001047509171,35.339955706851825,8485720.556511631
15253.405352218042,2.0,3.0,1.2025528163323769,22.488409116609326,54310892.15805461
9015.313130058305,7.0,3.0,1.0728756543902298,26.765516959319786,33237335.054234862
9704.942523293785,5.0,1.0,0.9727168402944696,17.796799788030253,21026620.608492147
3523.0556919768596,3.0,3.0,0.8386093893049577,28.540120191764068,9541242.736287527
4109.977053278842,6.0,2.0,1.0101381179407318,33.26622169571188,11873339.532535488
18197.81026983057,6.0,2.0,0.9056584575610352,27.091667011515874,46678652.183285385
1466.1923261010102,5.0,3.0,1.197252960954207,34.077861341429376,6650607.50822074
5117.334327907901,5.0,2.0,1.3274023308816316,23.65957955976929,19327736.56038493
6265.95100810185,1.0,2.0,0.9816529149473914,23.314123213528887,14617573.607334245
10109.832322590777,3.0,2.0,0.9997295752484279,15.13882164327466,27197550.751804877
11977.03635648704,5.0,2.0,1.202218702297407,27.288824734913575,38141604.63189034
10169.825531502931,2.0,3.0,0.8895628605447419,32.45857565268466,26416480.077792484
2231.8374904035113,4.0,2.0,1.3576624560066195,25.389486783867937,8395099.97950075
5327.148608680843,1.0,2.0,1.0183080686152899,12.991176617957489,13787630.968004223
16965.6146643933,7.0,1.0,0.8607196675560649,22.323273441650596,34024493.56463611
12969.220789282106,1.0,2.0,0.9048104029523849,28.67812250854245,28585174.77686379
13193.491572604922,1.0,3.0,1.3596476456044746,34.180899446182586,53720896.4177538
13601.943153816286,6.0,2.0,0.948271573021412,10.69788148561662,35289279.15867614
15400.318569366864,2.0,1.0,1.1973612822987718,9.824912728996818,36251726.56848075
1727.3045453960783,3.0,2.0,0.8936991341229591,18.388305906987178,4226615.20196348
7712.202667692681,3.0,3.0,0.9164610154092666,9.768335083878327,21746077.0919416
11066.832244076566,2.0,1.0,1.3275429313399865,35.41286737515355,30150499.296271615
7166.055775968125,7.0,1.0,0.8888199320615371,18.729131018476775,13939829.73461915
16982.89014177142,6.0,2.0,0.8112503520417675,22.008315572037148,39028306.12914313
9961.906666593502,2.0,2.0,1.1007399137157656,12.812633438783138,26770996.47379212
15511.375235511956,6.0,1.0,1.3176360879577609,19.473783706107877,48209885.53105819
17129.10102749468,6.0,3.0,0.9955946272493749,35.540818045836595,52448372.625960365
10392.954768327863,5.0,3.0,0.8768973623874263,20.660614541009085,28877254.591265395
18245.313531104188,5.0,2.0,1.3893384977393826,6.264717774134587,65199640.14904042
11990.204446417423,8.0,2.0,1.206043177693648,13.275825907518918,39507054.69717631
17095.321397374202,4.0,1.0,1.3104143791688938,35.35364491435512,46912339.821511514
7207.461434475571,4.0,3.0,1.2512829633973541,35.67202540232198,30542493.271371726
10277.048995510813,5.0,3.0,1.218945364393514,12.314792693151169,39807506.91890129
10909.374195488808,7.0,2.0,1.0307384402785522,24.457922635315605,30644648.706318118
2636.606488383769,6.0,2.0,0.9946039959221836,8.307249915162433,6755016.019956148
8331.918630009888,1.0,3.0,1.2301751575366844,23.323249273338874,27743276.45210147
18396.350847502516,4.0,3.0,1.230027804906338,9.777621044593122,68078154.06307606
12838.145463076002,6.0,1.0,1.370353030429456,30.559845709279735,38360550.289275125
4043.627699277169,2.0,3.0,1.1411958907089934,34.187249628067335,14206527.03737558
7173.799330826337,8.0,3.0,0.9767726634726042,11.189604241484478,21586883.69808546
4317.098387456377,7.0,3.0,1.0937172795982866,19.881365057844718,15913782.208232518
1081.5687568923072,7.0,2.0,1.1682282900355514,9.061289954239026,3866518.470031746
18592.73289497812,1.0,2.0,1.0560378797461474,16.17420021218925,50612648.93416946
9295.222168183307,5.0,1.0,1.2746798740157288,7.952932642815794,23672759.423323736
6566.180404963251,5.0,2.0,1.1507679273295026,13.936395840522811,19646022.021185778
12210.45751622009,6.0,1.0,0.8056614365765904,35.706710012679046,21705760.985674866
741.9004520845033,7.0,2.0,1.1419039329392051,7.3380980196420555,2536365.046503473
5993.628868055788,3.0,1.0,1.1801622715651165,31.76904988856012,14531740.021140916
14238.849234558516,5.0,2.0,1.3491567509264424,8.323577332623145,54350329.28734417
12895.133597543701,6.0,2.0,1.048233004198513,21.869907933520803,37107418.19590556
19647.03538232519,7.0,1.0,1.144680595562815,19.56359377282037,50671139.276173554
12634.939567366055,7.0,3.0,1.0849984704286244,33.94663980061935,48696102.2441808
9863.613948378015,3.0,2.0,1.1189938570813311,11.971495868552687,28095296.3131657
15371.791725769748,8.0,3.0,0.8403824424013979,11.390460461389054,44241770.70547868
18124.56071610263,1.0,1.0,1.338370200519861,28.46142265703497,46571475.44872555
14581.50136633602,4.0,3.0,1.3462474038989753,27.771584193010618,57501576.83581733
19286.297736857963,5.0,1.0,1.1288357659055797,26.97545311478396,46216721.59847121
15770.900312320638,1.0,2.0,1.1339333094325672,6.783813485171422,46858550.87281307
17415.947902281372,4.0,2.0,0.8345336215663728,13.79879060174726,38801411.773847416
2813.6189809625616,5.0,2.0,1.158770307871854,31.19685533562898,9490298.745243082
14808.821958079481,5.0,2.0,1.0574910739274974,24.02574364370318,40305460.58422937
9137.72077083095,1.0,3.0,1.2254261781406623,24.06584762196545,33699978.53794134
11330.21376677874,3.0,1.0,0.8282749499573435,14.87749816214435,18523054.33222048
13289.586743957721,2.0,3.0,1.2265326096376938,13.805192656708435,44955474.7281864
19414.413264088045,6.0,1.0,0.9721362942993883,34.396646640547644,41318737.38133391
19700.81477977352,3.0,1.0,1.1910231982718646,27.832658365596366,52548984.755305625
6191.6279624653625,5.0,1.0,1.1762755851872737,9.805983534055127,17071894.440666612
14834.817850295574,6.0,3.0,0.9361048907793396,34.13120826431292,44559244.77898353
15149.68063594421,7.0,1.0,1.06427140712976,23.471104554541647,35752543.53802567
7321.961509473146,2.0,2.0,1.3013799554319947,16.000871008712643,22276227.738275595
3003.0736323658875,8.0,2.0,1.1633549861568644,17.914183391987955,10332069.72702158
1394.3710295429632,2.0,3.0,0.8412429811870469,27.762135310578547,4147397.974350676
15680.456674066065,1.0,2.0,1.0657452987924978,17.288179550582505,41819828.268283114
10100.174991247974,1.0,3.0,0.9870628752667502,23.36234397355821,30053472.840666313
19719.479288201568,2.0,3.0,1.1849874073469797,27.314984899452146,68400253.12498082
9620.485050156869,7.0,3.0,1.1687383647771565,11.861249919178935,37974400.99232651
19571.5893940325,2.0,3.0,0.8062388609060843,34.32724458727648,45637780.06288067
8584.57444256476,6.0,1.0,1.1646173056510778,16.685183143062297,22829789.54421234
15997.433720863468,4.0,2.0,1.240909792390962,18.58124271230743,50632499.34716931
2245.493882849542,1.0,2.0,1.2612380194409452,26.955431036034618,7608234.512201852
11375.95717667262,4.0,1.0,0.8353854622339767,24.263552681632923,20838694.327227183
16159.95986752305,1.0,1.0,0.9821950502659214,19.203595108175378,31517445.95143825
18539.21234406584,4.0,1.0,1.0527641363309144,25.49226120902374,42871240.80354157
16558.111957978173,5.0,3.0,0.9078630246769471,33.08484922716134,44941724.46317147
1317.23210770278,5.0,2.0,1.052440322699006,30.008508499362556,4222212.273679236
7830.425421350643,3.0,1.0,0.8426777214953555,30.727770298643208,14124430.537427813
1544.7503628887148,7.0,3.0,0.867930369804231,13.75225225701939,4464536.551379598
2720.0764476224253,5.0,3.0,1.2012168577060516,18.582100478929128,10533590.910427429
13700.929196149193,3.0,3.0,0.957543476696093,22.614574249621775,39227895.012109734
14437.209008446946,4.0,3.0,1.2268435084877434,7.325724574844488,57301316.90430651
15610.181245381551,1.0,3.0,0.8288651168100009,29.093765411319737,37817124.3329441
17389.85703227986,8.0,1.0,1.1376218318261018,15.703902732452667,47603226.70890189
14944.97048844429,7.0,3.0,1.034869198152104,14.477882341230428,51668100.39024502
16136.908886868661,3.0,2.0,1.2781828351492792,13.778760280684391,51200704.524120145
1549.8959705716175,6.0,2.0,1.270370948123337,14.501377962601932,5709053.4445774285
5149.981918561192,6.0,2.0,1.0253357854745049,16.140444964734968,15088512.800055295
12664.816803479767,5.0,2.0,1.1736284084526285,24.144736742284778,41746017.11185906
17247.63090972157,1.0,2.0,0.9365293212916929,23.506959657001893,39146382.241561756
687.302423829387,8.0,3.0,1.148244101708252,13.67135260805626,2787901.467719838
10583.809237057187,8.0,1.0,0.8487588163685135,12.192728297196226,19452135.861215916
13739.375547669306,8.0,1.0,1.060762570471166,30.790745702140704,33716890.930428855
1174.3814090950964,8.0,1.0,0.9096366089228655,8.781700130290996,2417768.4961025678
8386.297816535725,8.0,3.0,1.3300287092549135,21.384685236027824,40607049.51861199
17975.31669884372,6.0,2.0,1.066940490780099,21.61682622567828,53571946.83265778
13629.28849180366,1.0,2.0,1.1544642491825208,23.22410420434865,37368518.69051547
5210.572249195588,4.0,2.0,1.0162291161980062,32.56950347721407,13833170.057505915
17143.953914859107,2.0,2.0,0.9732446211438818,24.717418202843028,43377086.24137059
7351.809614144578,2.0,2.0,0.9217518698369201,35.2090129874407,16768727.566612197
17154.886620194753,7.0,1.0,1.3471229496002117,32.14059250046182,50483656.76764387
6399.506831706767,7.0,1.0,1.2796794694561715,12.442207784616347,18103419.713617824
12052.21286713309,5.0,3.0,0.8799566866586186,13.235499306759035,33732132.97902334
8300.63731430798,6.0,2.0,1.248034925775079,16.34322407745512,29083900.002961602
5931.6059846483,2.0,1.0,1.051118466221992,17.74543245240394,13521163.926245984
17799.216706134262,2.0,2.0,0.8092379929763419,22.589853609230865,37502779.51690172
4239.317429626131,7.0,2.0,1.1170203922257331,12.975378986890165,13394514.08992183
2245.3448699738037,4.0,1.0,0.8780278640509197,12.67035543341297,4631095.145557274
7233.382607785811,5.0,1.0,0.9259605878561568,17.441698721042386,14405572.717171846
14522.19946424641,4.0,3.0,1.2176245768544558,26.16069339638256,50835589.53384512
16264.173155939865,2.0,1.0,0.9542852222847177,26.64376839288565,30837341.15503751
19975.621379295237,7.0,1.0,1.3351329211050897,35.28350220120869,58732536.756905615
6349.423906016599,7.0,2.0,1.194301855054502,12.072463017654421,20694531.98104838
8514.073851946874,6.0,2.0,1.2993700909464854,17.785774555709423,29151242.199444465
3254.33279377475,3.0,3.0,1.1691137229981103,34.94032493817181,12032918.154472845
11752.515434686851,6.0,3.0,1.3213097546132095,26.700262279966562,51707798.06928738
19953.052722900593,8.0,1.0,1.0170108050132902,23.768355744660575,50320143.66393071
14197.091596340775,6.0,2.0,1.1294843461313477,22.189381542040408,40824016.81234912
12147.129104019412,4.0,1.0,1.1095342402666,8.265311404087697,26993254.198780287
8211.960402682804,3.0,2.0,1.3422744248467822,32.80121426447731,27691918.192291517
18356.795949539763,5.0,1.0,0.8989492451651682,24.765156462453227,37118694.26165281
10240.181964928779,3.0,1.0,1.1468364579120154,23.15002223784102,24422342.994711593
3206.718118273393,5.0,3.0,1.2526587165361882,22.18501029965528,12766865.866192713
7688.34218606319,1.0,1.0,1.0220298563201962,17.757426219633352,16218494.68909369
1903.0333756466778,2.0,2.0,1.320548914769586,13.639940740826782,6772643.325357963
4518.393331162362,7.0,1.0,1.0238088602466404,28.659659560034527,11081909.64833168
942.7743513982967,4.0,3.0,0.9039852559375496,21.287025532849864,3040645.3085638355
9393.63038010317,4.0,3.0,1.150429013243019,7.018185968676609,33644341.65173687
12910.081140064865,5.0,2.0,1.0523408060223876,17.9728349931649,35976993.28484925
7259.873770150811,4.0,3.0,0.8091140628092027,33.85810914668498,18661464.63734555
8755.406367202377,7.0,2.0,0.841903155496102,17.21683684622589,20349141.199057262
19208.659893184773,2.0,1.0,0.917166308123954,18.396990237767213,36992850.33324903
15188.08455855336,7.0,1.0,1.2615979757108913,24.718833691651067,44022751.13553132
11092.618756732054,2.0,1.0,1.3352237096202488,30.05024411447647,31612545.2249064
6120.09297716941,3.0,1.0,1.1273845244085334,26.053833531141365,15568432.365995018
18001.737896196108,5.0,1.0,0.8633392775084741,31.501641933688393,34750784.592394225
5160.884067484794,8.0,1.0,1.1206513713451076,9.419117611220948,13213805.914444393
6911.648972023535,2.0,2.0,1.3133632763581669,33.73777659955947,24138454.365839053
18235.8573998052,5.0,1.0,1.2496865774735537,33.117657972341576,50636512.685054034
10873.115872530403,1.0,2.0,0.974658898218425,21.574457597567637,28678299.63477721
15000.968218708747,1.0,2.0,0.8743343655730147,24.742267133616032,32494755.803284176
12060.449006777062,7.0,3.0,1.3404090198573457,12.384391506042052,54780748.94392004
13276.720654784205,6.0,2.0,1.3124532479793265,19.438423139441667,48085859.9329057
6408.035855387616,4.0,3.0,0.8322292190871355,12.08110082759437,16574903.947600968
5282.617995557261,5.0,2.0,1.2942046938947385,6.659300368230586,18027043.693986364
6856.351535072106,4.0,1.0,0.8583275826709638,35.42709204381158,13377720.26402214
3615.566343218396,3.0,2.0,0.8379701800412223,13.774395471306153,8145641.206898571
17561.698686641663,4.0,2.0,1.2551605382877555,23.793249266935057,60118611.262874044
6094.990505052213,3.0,2.0,1.1217863731549749,15.007511506135891,17822620.692965504
11492.894251639062,7.0,2.0,1.0487288144541913,17.118648606313045,33070186.793370925
15964.303847742656,4.0,2.0,1.3423173175856131,17.932846757468244,55006862.29153643
15806.187721888844,3.0,1.0,1.3035821432406522,16.051401939742732,40335614.5543155
9104.693416533342,5.0,1.0,0.834574082928234,25.121992780198074,18051689.997852985
9839.391786582477,7.0,3.0,1.1696523451647034,34.828088114658186,37754997.124124855
19897.213929339483,3.0,3.0,1.2633604419244748,18.85903950018699,78624221.19915643
13687.191053393066,8.0,1.0,1.1302943478649712,35.19980172162795,36728752.918955654
16403.985796486922,4.0,3.0,1.3898032994457128,26.033917120343496,71355694.98583454
18109.547002853098,6.0,3.0,1.211628502788529,24.21408585063027,70623678.4554788
15879.24282284918,8.0,1.0,0.8624858076182152,13.11311555396769,30708742.22104146
4192.479292099211,4.0,3.0,0.918978807199972,7.887621176981424,11536261.672651917
11506.1122345089,2.0,2.0,1.295747372719677,31.558043108754866,40055414.26351714
2576.7466519021705,6.0,3.0,1.39805400388658,23.21943191832807,12186077.578888817
13266.68925534157,1.0,2.0,0.8590035601234338,18.432415872746457,29063347.041809548
19133.778906843534,4.0,2.0,0.8601975907070291,30.359019662654504,45617138.134070754
10547.00204742216,8.0,1.0,1.25803223248597,15.317411477319563,30278408.177344043
8999.666361634683,4.0,1.0,0.8386125690299238,29.50851767893462,16839107.322349146
1295.3493775123657,6.0,2.0,0.8411360696389085,15.83891506217391,3343808.0800650916
19219.625733186873,5.0,3.0,1.3332898898057974,33.626435592124906,77418555.67296109
2598.2520721250803,2.0,3.0,1.2802698873910705,14.039006233704077,9993708.26670153
1396.9344101140305,3.0,3.0,1.3289379199186293,10.126623527237134,5945062.30490327
5373.692263195806,5.0,2.0,1.190308041279652,26.942901250482354,17209417.352559954
1871.290418016619,1.0,2.0,0.9935218531633151,10.885417591943124,4672624.350642976
9429.286142788189,4.0,2.0,1.3437879141996745,34.48089150866957,33320421.219239876
10612.10334438798,4.0,3.0,0.9792341149846591,25.66665337166598,35222583.41520467
6663.857011154528,7.0,1.0,0.9653065036729096,12.92581983853578,13666424.489311978
1588.6333619527895,1.0,1.0,1.3318402515156627,12.264568028562863,4521375.685693011
2765.047144034998,7.0,3.0,1.2084935554959246,33.71625117361265,11675285.609355424
8059.384933004605,4.0,2.0,1.3374032508255456,24.235737385496726,27686640.91291283
1774.251946034801,6.0,2.0,0.8935407735523835,32.8120802001725,5044095.996007777
14144.880676832321,5.0,3.0,1.3713780786593788,9.306756145374756,62674942.1909191
4616.198505581353,3.0,3.0,1.1676452940201962,33.76176586737529,17465784.56554345
6460.188434402587,8.0,1.0,1.2008210264560566,21.601479359822648,18450750.100105874
8246.040077255091,2.0,2.0,1.3484363481958708,26.052657489940515,29228772.007365324
8682.226881541468,1.0,2.0,1.0284517848167771,17.186264146238422,22969321.265777633
632.2177288911304,7.0,3.0,1.2317449968175174,7.774209660174786,2836338.008481137
2774.1651973747325,5.0,3.0,1.1842043726746905,34.73917324025487,10923529.63184018
17337.632536573034,8.0,2.0,1.2726516313195761,35.83794987325446,64366927.93293098
623.9214127310178,4.0,3.0,1.3381656750999844,16.93640546281329,3040898.319679535
10458.446702769777,1.0,2.0,1.2080365132580568,34.31603789255939,30162692.354478296
10096.338926239838,1.0,3.0,0.8405837327018386,11.031788728846927,22927485.180537846
7062.026723606374,4.0,2.0,0.9098842075098682,10.640533489757265,15481254.12045993
8967.744190841124,2.0,2.0,1.3723869093602503,8.193355200275144,30565751.565782923
15743.274068015735,8.0,2.0,1.3811902840263355,17.738082227524522,62499132.25361313
16919.351900570153,1.0,3.0,1.3804479882190175,7.5690675054479755,63599063.632742085
5650.761742255851,8.0,2.0,0.8220796402400709,17.839715688386903,14112733.942914747
6856.314554773959,2.0,1.0,1.029468900769651,10.151712859490047,14449139.510155054
5304.167348749655,1.0,1.0,1.2558036223927975,27.91583386718872,14425620.57352124
9909.349970690664,3.0,2.0,1.2517314821946985,31.00087948009224,32507482.964986462
13855.212138580971,2.0,3.0,0.8515453429699751,26.63446283388864,33633279.03114951
5028.105783990359,4.0,2.0,1.1656933322537113,12.014824573084676,15705053.222928066
7016.273395864413,3.0,2.0,0.8857217711245144,29.00544578723867,16824797.09702171
18649.46158122952,5.0,3.0,1.095925599720676,13.48500591099825,63000647.27054562
1542.2442230309866,5.0,2.0,0.9438114205046729,28.784657909055824,4299193.646494608
9538.930341647585,1.0,3.0,0.8318967030408366,23.021927246891725,23284492.033933785
14404.22600697749,1.0,2.0,0.8480116553159658,17.001375488736294,28550276.55005984
3518.807824214997,2.0,3.0,1.3465357698379448,8.504771340481732,14684209.938473484
1519.055988106348,2.0,3.0,1.2467875785209204,30.825285294210772,6200642.409430681
3281.1842097874965,1.0,2.0,1.3590943890637703,34.189587623946764,12354669.146614498
18425.169954495246,3.0,1.0,1.0819939594001315,25.977533400019126,37944834.99803406
779.6397673297943,5.0,2.0,1.0479754993716826,34.936247000803164,3046740.0713317962
4253.446311340225,3.0,1.0,1.0150443755012573,34.02334257128973,10244598.514370728
1206.9001502919043,3.0,2.0,1.169784257631254,11.83825202411261,3716485.043519063
2746.2116707067435,4.0,1.0,1.0109356321828002,27.936370457946406,6476601.572426946
12630.896160588947,5.0,2.0,1.2477639403892036,16.479144583130836,41341960.94655002
5287.794829538264,3.0,2.0,1.2807903957295173,20.62552081696878,17101587.968157317
11642.71377835513,2.0,1.0,1.3255067560576286,10.708962934465372,31417866.92563899
12049.790425662848,4.0,1.0,0.9456805581471663,35.24338284172957,23484962.77939968
17079.045461941714,1.0,2.0,1.1162132295754252,27.784121492292254,46241688.130179904
691.9830224903541,4.0,1.0,0.9340667700379033,14.007249288929044,1740302.992236923
17155.367511241915,8.0,3.0,0.8225334940522048,17.144150705041007,47272113.82410884
12610.910276683295,4.0,3.0,1.2246951825019026,18.67448780486353,45873222.74931243
3757.2236304361772,1.0,3.0,1.1293887643610747,28.426011724315206,13331873.631681552
15594.985329824509,6.0,1.0,1.23435636773185,33.77091800308754,44331642.27890141
17196.535910737362,2.0,3.0,0.8525737468439223,15.643203989537149,41420423.71593166
5532.711584830652,2.0,2.0,1.3973157074371652,20.175002648412587,18511930.719394088
18424.597409512007,2.0,2.0,1.396609140168219,23.796227185041033,61462581.49193441
9416.474147793962,8.0,1.0,1.0789998953021076,17.800319772009466,24242429.84134628
12306.434414066436,8.0,2.0,1.3196352291103015,21.125439700970556,46835584.40650427
19702.200952182287,5.0,3.0,0.9461411334833341,9.17122887060306,60523147.313453786
7613.799925600467,5.0,1.0,1.2425396967339781,11.030231631604982,20300082.38368348
16375.29130891019,6.0,1.0,1.3275355140881393,18.033037716604348,46359597.78259339
6776.942885872117,5.0,2.0,1.288799759648467,33.44817035311657,24772494.574725207
16104.742331484926,5.0,2.0,1.2870644469446944,16.480741372339008,53912976.942181796
12254.238025935265,8.0,2.0,1.077815979253319,13.49378425815041,37863823.090006575
4797.300487372788,6.0,2.0,1.2919939686672635,28.285866625478278,16360621.764888959
8632.106219511184,1.0,1.0,1.2144228878127803,34.47390498229828,20818187.0069397
6762.1313066530965,4.0,1.0,0.8794708388865227,19.77370851190642,13484254.637723306
2115.3028257590595,8.0,1.0,0.8685106424387121,6.258148667015493,4240767.4851268865
1178.794539934131,4.0,1.0,1.263153281560784,26.64447994426854,3910819.3250951753
7321.68591489931,2.0,3.0,1.1752784532637541,18.451824048484347,23211865.560485948
969.2624676592396,7.0,3.0,1.1116256703148264,26.209366098486456,4092921.6461321744
3810.4624970864356,5.0,2.0,1.344357074509297,14.331495474876107,13786860.158220308
14668.556424506854,5.0,1.0,1.195754214122731,6.072244314508873,40408064.734418534
14336.969972261606,4.0,2.0,1.0376880470529801,16.334886562368112,36977809.57020614
14928.459497273223,1.0,3.0,1.0483590849057103,27.143770278388246,46497556.71235023
6752.771519921588,4.0,1.0,1.1631466164905508,17.793398490275678,17624651.995960724
17866.377468083294,4.0,2.0,1.256165170811809,12.575224189596778,56537496.27162363
12120.312631751884,8.0,2.0,1.1386119841694744,19.920205924023044,38826047.779606104
3044.9110298845544,3.0,1.0,1.1052565293315078,28.570455698951562,7648016.9551414875
3388.1420322373624,2.0,2.0,1.2361404215925091,9.582992603769181,9917846.541297523
14046.051282436209,4.0,2.0,1.2231587299442217,26.752561009399436,44175545.57154388
3955.112366976314,8.0,2.0,1.2982081043681366,26.02032071411842,15902265.375804545
10441.47841069164,4.0,3.0,0.8375310717663766,17.12213639055214,27789820.97014886
19840.424833016987,4.0,2.0,1.2529712792491874,35.110085741384836,64607568.18819614
677.7475318267863,6.0,1.0,1.108256270571014,32.84115898441054,2479960.076491084
921.6481568126044,6.0,1.0,0.8448158720198912,15.484844424062096,2143910.4024492237
19865.840889451825,3.0,2.0,1.2074060169017118,6.932732801815293,62491270.68095182
11941.99338220281,8.0,3.0,1.2299241164011656,15.2491442023523,48463629.753451444
3062.0535250591547,5.0,1.0,1.1141763017268107,12.141658276231297,8089447.397418059
18007.662675229418,1.0,1.0,1.2762793865898576,22.417557421427784,47766188.710109726
17679.37782247723,4.0,3.0,0.9801488651775809,33.56233263546464,55389964.93753421
11002.28801436068,8.0,2.0,0.9211443311188616,32.11012530112565,28391859.80228244
12662.765379298677,4.0,1.0,1.010440371045967,15.174874669944801,26090789.029593006
5899.831515117001,5.0,1.0,1.0460303079775866,18.85792600666911,13530008.825795569
1580.0821096169,5.0,2.0,1.2175601614413012,7.096265972386994,5269133.647614602
12134.611612482768,6.0,2.0,1.3073119627269365,22.324905229474485,40320767.69790309
6318.250748133602,7.0,2.0,1.2325509140472057,7.9010394015218655,22120427.067684542
13474.248305210827,2.0,1.0,0.9043925354417609,34.15818498687299,26509056.41063501
16823.156430746465,5.0,2.0,1.0197302508801545,32.00801504556817,47152394.46986393
952.3145519386627,5.0,3.0,0.8950482280686668,12.425628793125089,2902151.127740006
12156.84722890311,2.0,1.0,1.2120345197348308,26.981060395861363,29167884.634496093
5086.8424699249335,6.0,2.0,0.9489031269301365,23.04061147299999,13771925.285590108
17553.436859333746,1.0,1.0,1.1152321597111081,30.040731375485493,38685834.045294724
5521.091427299472,4.0,2.0,1.2750979059168106,20.269563202545598,19000622.908372927
12448.940584767115,3.0,1.0,1.202563564952969,11.75315911997334,31691059.290031973
11338.692297738462,2.0,1.0,0.9790243943990796,25.19530200368495,23814297.25919272
8285.630101149429,7.0,3.0,0.9997200503698045,8.40840980987835,26119820.794807095
13745.842813836005,2.0,1.0,1.192018571961819,23.53763973505266,33634097.46780335
14679.930913479417,3.0,3.0,1.1296806496039664,12.381144163933728,49210032.73857197
11598.593229196103,7.0,2.0,0.8578360924820266,26.548093113706805,28013888.11501197
15313.39140138423,8.0,2.0,1.3243949535641275,30.841294851843255,59967553.898206525
19678.29127426299,1.0,2.0,1.1075679488321772,9.285741878462174,54585381.93308749
8733.88432527562,3.0,2.0,1.0840166079184792,18.00805656445777,25668520.430092525
10582.9112065793,6.0,2.0,0.9190636019793574,28.005647633279903,27420315.39340087
841.9156320595368,7.0,3.0,1.0261962913823224,10.911091845565755,3090779.636423338
16042.95399242134,8.0,3.0,0.9996949173890595,22.995710101071396,53733271.274519615
10692.463300692281,5.0,1.0,0.9624414096976561,26.155169456271693,21150708.0234298
8514.451748994965,1.0,3.0,1.1404439447880639,16.643808217181466,29595665.32610794
2424.9960839342784,7.0,1.0,1.0773652161681693,30.95946822607803,6547353.671850316
17859.334580502706,2.0,3.0,1.3335186111888002,21.319745551401414,71523399.91083547
8263.140456786794,1.0,1.0,1.3648063862282964,24.8098451982153,23225666.81625665
13842.083005258875,6.0,1.0,0.9316840575368546,10.226183901143362,27125224.821857017
3497.858633542125,5.0,3.0,0.8600632572603264,6.694805235980072,9244125.656831633
19254.062813096032,1.0,3.0,1.2712025308926496,7.522457124749589,74272327.98749526
4061.77017934352,2.0,1.0,1.3969168421831653,33.117604445946476,12310127.592729745
4471.114662250113,5.0,2.0,1.3181600419124924,32.47927152744754,15991008.322658405
17264.267494819647,3.0,2.0,0.8142184412712409,30.227743174855274,35996199.140574
18304.105236353465,6.0,2.0,0.9507581304238796,11.988362737045824,49341810.985733196
4715.659705952047,4.0,2.0,0.8260053662247584,21.7637595584851,10989517.792836519
9714.137230591661,5.0,3.0,1.2924676262247,29.8835130164512,37755619.93089671
14829.801148518898,4.0,3.0,1.1488441857753897,26.240075437673212,56308617.04708902
17640.295235929552,3.0,2.0,1.1082311247002323,9.465635810278128,51414470.78022875
7953.622283723721,3.0,3.0,1.1326699291979165,32.866235994372715,27611142.040450677
10630.178044878927,6.0,3.0,0.9514707552179547,10.820471783338867,31140748.493816886
14989.298364082857,5.0,1.0,1.1609830214833177,11.153870802400064,39192341.85420003
14784.037947064231,5.0,3.0,0.818400187078418,33.03025887512125,39495529.54060425
15789.426522506046,5.0,3.0,1.1876070343825038,20.538508172835485,55841947.16647451
11656.71608164561,2.0,1.0,1.2406602981072985,17.186754778694006,29063314.671577767
2629.5328780126392,8.0,3.0,1.2038157582270963,22.609702268941696,12561847.098508125
18137.081843033975,5.0,3.0,0.9992705109873321,35.44191998496334,57742409.92178163
17392.107262827947,6.0,2.0,1.2957577490765255,9.588913657231286,59273824.15664786
16083.09025487566,8.0,2.0,1.2293263982704892,28.708465463761957,54194855.85407993
2537.3320569181524,8.0,2.0,0.8769783937545668,16.029775867323828,7148972.012110999
4565.308921379727,6.0,3.0,0.9170865323229891,9.511478125428713,14124933.107708598
15025.847083088447,7.0,3.0,1.1822650479069432,18.658000660588158,61993797.33253187
1048.9178348897608,4.0,3.0,0.9736496801336156,22.46258633175813,3727143.8850887804
19596.957893921226,6.0,2.0,0.8716597648677422,12.178849131844407,48754287.57525098
7916.606798900206,3.0,1.0,0.8929813958899353,18.158083772898074,14421946.470580315
14554.663153601978,6.0,3.0,0.8993703083242404,25.070280764168714,42873705.14584505
17818.879116668042,1.0,1.0,1.0866745440910293,23.293440591606664,38781049.2020771
8255.819830111595,8.0,1.0,1.1644312720576984,27.69481782164552,23975232.034222778
6791.170278833521,2.0,1.0,0.905841364912649,31.09213598812204,13239789.818854745
12409.577900625987,6.0,3.0,1.2274979662179326,18.27420995308121,48063371.93686371
11871.193850712183,1.0,2.0,0.9686075645009171,18.689018263866824,28135618.990809515
8537.315565921064,2.0,1.0,0.9869348830363766,20.900764033654596,16199197.524560018
12274.430263833545,8.0,1.0,0.9340991726444645,22.990601351439103,24352900.2193286
18746.398569589997,7.0,2.0,1.2711236815659146,9.24968022713675,68193974.15385927
9672.220978555972,2.0,3.0,1.375888299762126,15.379060625843222,38671666.46361749
4416.7983065622475,2.0,3.0,1.0954999092068556,11.156753861310728,14262965.891380524
7917.796067930275,7.0,2.0,0.8252183848591954,17.57558287032395,19086986.183840547
8245.6754623065,8.0,2.0,0.9563415898552855,35.20062217722109,24409463.187988296
3143.508644708665,2.0,3.0,0.8948301746713077,23.481928700429393,8992481.652810538
3759.707110758365,6.0,3.0,1.3056573709112107,18.88144559761639,17461414.53895675
13880.504223837339,3.0,1.0,0.8509123924599231,22.978106856711264,25255482.088388015
7185.868431652712,6.0,3.0,1.3798857444130301,26.07229666281538,32836148.02984456
19125.028802002667,4.0,2.0,1.1531082659747756,19.04860389871203,57925223.7586868
5325.7768599569845,2.0,3.0,1.110643872244498,19.431294127586618,16851619.00202678
2519.135399033553,3.0,1.0,1.308410373451512,27.04203388145126,7708661.239277652
15217.988522205003,5.0,1.0,0.8165285727748738,7.825877496171038,24222893.39034136
17692.09940720668,7.0,3.0,1.2662916496442058,22.202417048650325,72247177.54237245
5995.399123306865,1.0,3.0,0.86996242734111,22.419834366531042,15439594.420971531
4520.509171922273,8.0,1.0,1.3044668593642592,28.702567833851425,13779239.19210026
4203.863016499092,6.0,3.0,1.117505731542717,35.479342570099746,15661226.227289658
10727.038646510338,8.0,1.0,0.836677641416055,29.872643603604242,22878906.85438958
9687.282840187356,8.0,3.0,1.2999470232807946,21.113658379514042,44584104.27277736
5633.132893177964,2.0,1.0,0.8163884702427511,11.083595388215356,9209227.003228035
1476.358469594872,1.0,1.0,0.8830224157361621,23.64782914899512,3074475.8546374324
9940.932002329846,7.0,3.0,1.2786947142959773,31.028966601380578,40269685.268307984
19211.0475441308,2.0,3.0,1.0789226743147347,33.97242190935998,63130174.53889783
13258.872494601666,2.0,1.0,1.3288332226129,30.759311384823018,35625144.29240912
10212.827198595198,4.0,1.0,1.18125756367465,11.669058190876905,23568688.39976862
2747.4262361745527,8.0,2.0,1.1741172526222448,27.377275930479943,9820620.769033613
5497.2640366619935,7.0,1.0,0.9753410636792089,32.4046484245753,13059094.670577763
6318.614621746129,5.0,3.0,0.8802083141310402,26.430508998809255,18793869.491299912
15437.188920580345,2.0,3.0,1.3767034345380096,26.572561227846457,62563863.50688285
17608.189466933614,3.0,3.0,0.8628786134860371,21.004868587532364,45306758.041037224
18091.851959188905,6.0,1.0,1.1174063600441406,25.109286663765154,48549880.68044911
19700.63100006463,2.0,1.0,0.9635411545008682,14.831421576690634,38321888.15339768
19657.91365222793,5.0,3.0,0.9584843981488729,8.664302603572356,60992049.621250674
19088.18317569884,1.0,1.0,1.1567517315816878,30.831447142362013,42881485.9107393
1993.349525755957,3.0,2.0,1.2787604703073212,34.29432922174547,7481805.98019644
3273.194596999421,2.0,2.0,1.2663076896987673,31.704670061308327,10349164.296617938
6506.650613635038,6.0,3.0,1.3212810135161321,16.01740661342409,27448064.16934502
11326.226128850552,8.0,1.0,0.9757416427474203,8.805904539237849,24307367.9933146
2481.3710408862985,2.0,3.0,1.0794508290290443,14.404151628942195,7986662.97706582
17008.460981361564,7.0,3.0,0.805600743932015,31.285061274297004,47975911.34334208
12565.069874099796,6.0,1.0,1.2481145738818191,25.67443522899648,34187292.590294145
11121.869404662775,8.0,2.0,0.9814058672853698,35.00082732308812,32564982.749515727
3807.0396733254483,8.0,1.0,1.136896119962112,16.280430553113103,10950589.764755782
5513.156203363828,1.0,2.0,0.9015801692116704,22.544163608749272,12479148.759230038
3710.0532846558062,6.0,1.0,1.291639704280597,29.701146649146835,11702490.669178206
17127.50326121909,5.0,1.0,1.2903633315669665,13.01975828195437,48745481.289567284
11934.020485187633,1.0,2.0,1.3264717488517732,34.92269923978997,39046420.681095004
14861.510893880888,3.0,2.0,0.8275621982640338,23.771930174754445,32535355.14333498
6343.037540454499,8.0,1.0,1.3954752258650083,6.236926899589596,21941156.72210335
7802.301159512577,5.0,1.0,0.9486676486638167,6.754598268840372,15636688.813375905
8454.186309874756,3.0,1.0,0.9856602116284097,32.46648049204786,17187620.737019915
15344.290451834277,3.0,3.0,0.9496014375142676,25.358445832832324,42436357.53429289
15583.647960886621,7.0,2.0,0.9605196190199194,28.892175571915864,43707121.9522611
4612.1824337722155,3.0,1.0,1.131596813662188,29.52048002870724,11940266.691372769
18865.85382071912,2.0,1.0,0.9438863265822678,18.613793287523293,35282959.740675636
2940.713546407516,5.0,3.0,1.036262786840243,29.958337384269054,9422163.763449486
17984.768399018427,8.0,1.0,1.1933639494659292,34.12597334437614,48678523.140485115
2547.6755256063007,2.0,3.0,1.301615722146636,11.16513323308865,10184671.938719003
5732.0723363354355,3.0,2.0,1.2156449001601277,28.924091986260617,18234081.2099392
17021.683599718366,4.0,1.0,1.156593706872394,15.23376022846695,41950538.50002679
4082.146203514096,2.0,1.0,0.8886371375246412,15.644790091615615,7481709.556515861
8623.217867413416,6.0,1.0,1.2896693609247696,18.382645531091587,25864746.392612234
9327.270418916049,3.0,3.0,0.8223649327958232,31.911585597242563,24077574.92550869
5358.0240766502675,2.0,2.0,0.9585149979411812,6.661682019301475,13100758.80272639
14378.756905918139,3.0,2.0,0.8342353501591767,19.017786204307917,30898873.300922357
17115.892198402755,8.0,1.0,1.2004573853506775,26.401429487078115,48739412.50274107
17566.757713198094,8.0,3.0,1.0210226495561088,9.31246374847566,61402189.08018054
7182.849627289283,5.0,1.0,1.19122908992292,29.767607910522493,18388745.864272404
10898.4976491836,4.0,2.0,1.0082185755821542,34.25707793692059,29641463.69554779
5419.084234993639,7.0,3.0,1.0734444384796964,8.728044632309357,19894228.17916362
5349.0521300728215,2.0,3.0,1.0747766060997086,10.588444134926345,17847308.949989174
3728.328819327328,6.0,2.0,0.8273483922005268,35.22291674838608,9362343.743324064
18836.368809665786,6.0,3.0,1.0581359158076022,11.935669223572248,61724664.960761756
17826.983274948252,6.0,1.0,1.1846386178691215,8.368190271096134,45027703.161555514
15680.75903855723,2.0,3.0,1.1276313476452602,34.565776091877005,51603899.453490034
10642.633512981944,6.0,2.0,0.8451702597669724,32.77868129428407,25295791.482146043
10117.793560930315,5.0,2.0,1.2008335914120494,25.671764181993932,32557261.078605212
10877.065923940461,8.0,1.0,0.9853176529491565,22.5429278186266,23990621.796882775
11009.419463395532,2.0,3.0,0.8086608816674133,33.57698088908311,25633799.762389053
9030.523843135192,5.0,3.0,0.8933573342505472,25.665602253342684,23756348.83097542
3156.0437581061087,7.0,3.0,1.0985357943899356,25.7518997794521,10508759.860888407
3037.878745649598,3.0,1.0,0.9862409954180412,31.310566926058588,6880776.460577477
19073.644487406254,6.0,2.0,1.2166298082521305,25.597370318772626,69169313.6209725
9951.3967359752,1.0,3.0,0.9443920853394587,21.110306611130326,29275069.564443883
19092.187183160666,6.0,2.0,1.263677701085101,17.691644936953438,63017260.0519701
3773.3914275761335,5.0,3.0,0.9718863088363879,21.094016783737224,12096458.971057616
11355.68110957471,2.0,3.0,1.1725182245506494,21.674359472615834,37127174.899768576
4629.714715019862,1.0,1.0,1.2795298281507081,16.824956433547555,11343796.419093577
5511.78135885607,6.0,2.0,1.0313336771862494,19.443552269410382,15075759.45737701
1183.0588279668684,2.0,1.0,0.8280829650892824,30.056157985905635,2685081.347737165
2907.6942283600997,4.0,2.0,1.1212673126353285,18.495401060276635,8809199.848324446
18386.859108006396,1.0,2.0,1.3972454369267,6.766792999062881,62452418.65419616
6837.740034757236,8.0,3.0,1.381395119826148,14.490579653215475,32842025.74775631
12397.706711143077,5.0,3.0,0.9326133163665009,12.952255922750945,36078701.68965478
9621.274160591896,8.0,2.0,1.2534179056545514,29.80746035495905,34803237.47448478
8368.754157758398,2.0,2.0,1.0069710990920395,19.478791754154265,20289296.057711188
10918.590172113722,2.0,2.0,0.8961634881098549,14.409316291053994,23117050.614625905
4232.435525537625,5.0,2.0,1.199548820361496,30.32114651524874,13312244.626331633
19778.915631279786,5.0,2.0,1.1005212377160614,6.57650413669836,59126236.38295299
16475.17265285494,7.0,3.0,1.1235383345934062,11.22752528193653,60125009.41229478
14987.323874991396,8.0,3.0,1.296435597341305,30.808644581874,60909223.960352145
9693.930362070678,7.0,3.0,1.0019262055324538,22.519551829812077,32314291.382495187
3565.816169250918,2.0,1.0,1.2002568557333977,29.20949323738441,8820881.907425687
18460.917650507217,3.0,2.0,1.0197148801775753,31.14528044286233,51419670.57933521
7222.909107205516,8.0,2.0,0.8256343379482576,34.25890465765619,17264299.207755078
1572.0697801205151,5.0,2.0,1.0268090644018093,7.90273797910014,4580653.431694409
7242.631330126196,7.0,2.0,1.3700206779224806,29.97704229895416,29361225.467237394
16012.466391620157,5.0,3.0,1.0899574892530501,27.262984446595045,53280454.66637845
12680.549652771238,1.0,2.0,0.8649382621021209,12.210768020296776,26709211.339385107
15166.268544050277,4.0,1.0,1.2126960976257355,33.9510679902037,40275498.68820803
15996.526446930122,7.0,2.0,1.3780276098311126,18.12605640919176,61576929.31825238
4711.919454962526,6.0,3.0,1.3447671479265542,32.62831582364413,21437130.788020667
18521.396332207696,2.0,1.0,1.1431765026848832,24.153411139947764,40640908.06240733
9096.998296655229,2.0,1.0,1.0257684466091188,21.8024383962287,19621640.457881045
12996.864795724794,7.0,3.0,1.1484066011055443,10.785718016879382,48232027.6151177
644.7901881827949,8.0,1.0,1.2895586373195496,33.429828728619384,2779220.6261288114
19871.348869176854,7.0,2.0,1.3167424052110723,22.699857220867386,75462555.68218617
6049.3898877046095,1.0,3.0,1.2913063309654647,6.182772164904524,23017398.59311651
1804.0242668790115,5.0,1.0,1.0732858270650425,6.548536232108496,4377150.654215511
9490.28360580837,7.0,2.0,0.871314793742138,29.328978150541428,24160764.165056556
3103.18310933161,6.0,1.0,1.1415040560432659,10.85809060135169,8263822.448102557
3555.1381770569687,5.0,1.0,0.8938572968200191,23.962153068844355,7858995.112549931
12866.286572786077,4.0,1.0,0.8365750003387136,26.43245885801941,23192404.889741007
8222.791396462526,2.0,1.0,1.0992007000573165,14.380967788454905,18546059.95232846
18483.937533006905,3.0,2.0,1.1932240700279766,23.079414252342374,58250468.18238512
6791.635995396559,6.0,2.0,1.3124883838438357,13.207762379672241,23919265.1485054
14687.89449064768,1.0,1.0,1.269701332372582,34.389462821038514,35237499.53323924
9545.328945005207,1.0,3.0,1.3143443076539287,31.805104690475012,37271914.824780494
13403.055241908009,4.0,3.0,1.2560412624925343,14.641283744924074,51515556.61545896
12234.089920290213,7.0,1.0,1.2219436381436837,21.86443472851019,32424923.52675908
9772.009071524564,6.0,3.0,0.8060825414844198,21.018985714617173,26297437.011129465
19031.18523571408,5.0,1.0,1.1756613870855261,34.80069773850222,51659903.22131854
7248.644669446144,5.0,2.0,0.8722890824834706,17.82086340551562,16020791.519097093
4038.368724235888,1.0,2.0,0.8352002793995247,22.866826638647005,9020902.008123513
13755.024781068669,3.0,2.0,0.8938472912633932,33.861197846623114,28599497.34288627
17012.54668937343,1.0,3.0,1.29397529686505,10.884331535296745,62002575.330620795
1380.922554834521,7.0,3.0,1.2463096358600128,22.514568098350143,6660343.904402058
9322.874155400003,7.0,1.0,1.3692634431231272,9.170187610854889,28476860.45895766
17914.26117993413,3.0,2.0,1.3873857551902462,24.524967954555017,63472707.758611396
15142.60120710363,3.0,3.0,1.335970391824389,16.970496101610138,62822993.982674256
19841.069700053988,3.0,3.0,0.8797556305861995,35.02908219538802,49464166.958361365
10909.42794498653,8.0,3.0,1.327029644554988,18.46227543445579,49082998.48018733
13403.916944742334,4.0,2.0,1.303182280873187,10.085629126251204,45435330.838141344
6468.117454075806,7.0,1.0,1.3226515159158183,31.019998827852124,21447128.529650375
18982.19063352025,4.0,2.0,0.8910113702698949,30.626000742687424,42207308.173246704
7706.908477996804,6.0,3.0,0.8700750966639905,26.845788586283533,21832576.481440935
14927.107826120595,5.0,3.0,1.354285327750449,28.46435405652684,61707562.88864922
8420.919959910188,3.0,3.0,0.9042959894807028,13.941456530682206,22179132.21143383
11499.287243222187,8.0,3.0,1.0211730386255606,25.26160501268344,41756934.9056209
14563.781179417996,6.0,2.0,1.0735909096964362,7.140596136161809,42439676.29704448
10473.322543976272,7.0,1.0,0.8746655166977387,11.906704316701036,20377303.90210627
18197.474742044466,8.0,2.0,0.8123805728195285,33.968383426592595,41656918.8692623
8734.439165799518,2.0,2.0,1.3964542818602697,28.17705891247976,30017788.86973134
13153.192883980508,1.0,3.0,1.3259943469009765,12.920176229677734,49081848.34999508
7241.83120602105,5.0,2.0,1.3474027576103822,9.341492685578643,24679060.543403804
8518.239363681652,3.0,3.0,0.9707378415632711,34.46758334605505,25341596.73642251
9136.972099730916,4.0,1.0,0.9320609436472634,9.365629981803982,17826387.933592327
3040.656155258334,2.0,3.0,1.055519934905256,13.712101441417445,9423890.91705528
2379.43937374473,4.0,2.0,1.0719916213868041,11.479019789983715,6910475.8787418315
13549.304509047104,4.0,3.0,0.8033596633185445,6.223914612353039,33825902.69663217
13317.044123855214,3.0,2.0,1.2675518675358997,15.424043222941322,41967586.64706964
13460.448455675849,6.0,2.0,1.3980002228852104,35.22536614796287,51390448.15531465
983.4690396482185,5.0,1.0,1.1172145220612535,16.257099174280693,3001829.014359103
6935.00874783253,4.0,3.0,1.0329552170074707,21.129146384033213,24381883.06268484
4437.51103682842,1.0,3.0,1.035651135932722,28.37807351765344,13225072.04071416
15696.13759735384,5.0,3.0,0.8576462793032604,22.53240306237648,41201561.23776186
17296.229787084925,2.0,1.0,0.9596970910184071,28.3077452223692,32449302.684892695
5385.599318187258,3.0,1.0,1.1012796731807786,25.849076045715456,13330845.016788486
13556.273681650935,4.0,3.0,1.0591088006808185,24.256890689970444,43883536.182346724
3109.6383870905242,2.0,1.0,1.127020847445866,25.489467216352356,7715375.15875447
5937.958996673238,4.0,2.0,1.3094393891824438,29.97493086234753,22472166.07361289
3289.8972269283386,3.0,2.0,0.9351453816197672,27.305741844033125,8431973.651613314
6100.302872025047,7.0,3.0,0.8165985085437872,29.753247621155744,17552937.79510459
13689.889018575992,7.0,3.0,0.8229352671696445,10.36792914850594,37957196.35881786
18260.342057593898,1.0,3.0,0.880501283184115,26.33021198131621,45387637.10756637
4528.934713729208,5.0,1.0,1.1422897908826415,28.110657369765995,12299522.830329295
11116.333278043952,6.0,2.0,1.2849108860227547,14.998992974905036,37616910.25395949
14206.987364122586,4.0,3.0,1.332083563568379,32.23731983529847,61937782.78258464
19086.695888619975,4.0,3.0,1.1810679211849826,15.141348099081013,67811892.19570427
12435.173368011172,7.0,1.0,1.041885951470536,13.314963581294919,28824939.598410167
5549.074461931185,4.0,3.0,0.8927088248936885,32.012904464415335,15281603.253915807
12734.276244130364,1.0,2.0,1.0408510036660874,13.4105951434928,30957576.263450548
6817.528536553514,3.0,1.0,0.9994490803446701,18.465073872954,14166791.096798053
19536.89077941913,3.0,2.0,1.3220155285142825,17.03768490110457,59141319.06487537
8353.717022174555,4.0,3.0,1.0920316264463643,32.94185467674817,28504132.93846088
13897.297782763675,2.0,1.0,0.9357175399727173,19.657072148638928,25944953.92110939
1050.6150975271146,2.0,1.0,0.9732806400894679,26.82926799888647,2800320.8651313954
8361.192055014253,8.0,3.0,0.8818820987256134,29.82116713931487,25868212.329741802
17577.087698456726,2.0,3.0,1.3511512694414787,24.837107422415286,68017238.33875552
12438.412422004969,6.0,1.0,0.8302075077418811,34.310834949747445,23080202.17893244
9212.49199608194,6.0,3.0,0.8077077491335366,30.075225877680243,24378636.50570115
18757.18748905308,5.0,3.0,0.9097933601161212,18.006198830245893,57156107.41328962
17167.296897256245,8.0,3.0,1.2865244107463754,34.524355297730494,72362964.01314427
6850.9840721650025,1.0,1.0,1.1140800719786488,21.737244998140024,14982746.693926046
11164.238999601988,3.0,2.0,1.1755059724261918,6.677319688346877,31737982.784941383
10102.590568193777,2.0,3.0,1.014639005249441,13.800398389586903,28493638.30766577
12864.728502228329,5.0,3.0,0.841206791329502,24.651887611117996,34967136.599325776
7081.758578999858,6.0,2.0,1.3136948974953007,10.704447069733103,25592480.208622776
5337.577014858232,8.0,1.0,0.9151365632752445,23.522041346796108,12384351.19498355
18305.8336039574,4.0,1.0,0.8198355203270689,16.847940669225892,33209298.36492574
18523.165290271023,2.0,1.0,1.143622481559916,22.03156440174822,47003946.83707634
16960.463983782392,8.0,1.0,0.8499735322307607,6.056245436197586,33083891.545049496
19577.16595683249,6.0,1.0,0.8574571111159006,31.452640640060952,37219916.024815954
15052.835600125958,7.0,1.0,1.280226218889515,16.85776463326585,41367234.12255635
15434.544234102794,4.0,3.0,1.0949657535907973,10.20475302833859,53483218.2103424
15394.247784075229,4.0,2.0,0.9449050713482858,19.1374757101524,38187589.16707916
9923.788040280746,4.0,2.0,1.0091758540157112,20.58531880466502,27039450.17480013
9455.17257357687,6.0,3.0,1.2375445873059028,25.122081314885666,36406940.46079567
5260.389757290662,2.0,2.0,0.8398124868539611,21.73687321056839,11571551.825825687
13109.492370570235,8.0,2.0,0.869888369559926,7.305707462011879,32606801.689447068
6212.81064038529,2.0,1.0,1.1697572209943417,32.14536966233294,15414763.67193156
5601.483148225676,4.0,2.0,1.1641830406802645,19.695267953608838,16843669.697174054
11967.650657463462,3.0,1.0,1.383477310721223,8.309633175990268,35730769.57239525
8553.658331565839,6.0,2.0,1.0247296887532698,29.184847095875554,26396369.428167135
4845.818210615865,6.0,3.0,0.8390465763065096,25.804632563492046,13073664.358627126
16431.486725004925,8.0,2.0,1.1225224609097766,25.483133183076653,54168457.45153282
17295.056434310893,7.0,1.0,1.183008087057074,18.80742005206683,41016381.79834018
3853.3706817489506,2.0,3.0,0.8837616714717494,18.31491187862965,10684380.917607173
745.6364363199974,2.0,3.0,1.131717184121118,22.090159091620283,2791633.1220880225
7120.92138946985,8.0,2.0,0.9186602729949588,7.517832386973098,18244238.761046186
16071.710212206599,4.0,1.0,1.3068380347286408,14.968732926537626,42069975.675610796
16879.973004945896,1.0,3.0,1.3010968974702979,35.63682520687121,62936474.95241032
3283.583960251355,7.0,1.0,1.057777457599065,25.865774673842274,8718548.578685327
15622.116482951193,6.0,3.0,1.3800459143076824,18.568024962519665,64418601.219713256
2844.6608458029314,1.0,1.0,1.3878643246698448,12.67089308821359,7900124.134517099
8167.214249036667,7.0,2.0,0.8775506533685717,28.356280857007004,20069463.351107147
19973.02459123117,5.0,3.0,1.0206282828994806,13.808709291185743,68315739.16298796
4336.26197067965,5.0,1.0,1.1601928820279868,10.87110311538886,11254122.557788337
3586.893502005953,7.0,1.0,0.8509026857488666,10.635447007028617,6775403.759658294
8802.326451407795,4.0,1.0,1.0295933022884822,27.877898374941974,19323592.872846223
12621.569403815312,4.0,2.0,0.9567032504099544,25.284307628661523,33764340.84001891
18698.27517881711,5.0,2.0,1.3712301325800222,8.094182981136917,69830958.84888649
19627.930223340863,2.0,1.0,1.0469514936988822,9.451284460866075,39792303.54302977
1951.028349873056,2.0,2.0,1.2576025151285075,25.015406020607312,6590124.496186286
3277.1518365493635,7.0,3.0,1.0320232181073044,23.13348305616477,11553474.669954617
15940.316693582281,2.0,3.0,0.8790872422513013,26.579971811154405,40704571.321539454
5850.263754054693,5.0,1.0,1.3178909180965084,11.34116725089786,15670766.177381469
17766.071754423396,3.0,2.0,0.8002501501418624,27.79763718651501,35532602.26019601
13470.993190244284,2.0,1.0,0.8335645243846701,34.082894019916495,24590427.285052937
2769.789166185137,5.0,2.0,1.018630643538226,24.031509436063235,7926545.647155745
16751.068127525738,7.0,3.0,1.2121389533112419,11.883900589283517,66569415.12373866
4021.3137721566713,4.0,3.0,1.0050225771744654,26.386315658523195,13115146.125521196
8815.810656785285,2.0,1.0,0.839787690572585,16.292450506381932,16553938.098959628
11312.387614051002,2.0,1.0,0.9907040202404893,7.478632391571643,22595430.87537911
10314.863292157399,2.0,3.0,0.9469885153940973,15.070160860574955,30176803.14397345
13911.560562933919,8.0,3.0,0.8032518798909188,33.167553058503955,37334543.004433915
13262.12265646355,3.0,1.0,1.120881147908241,18.334179605279257,30574415.619775053
19845.614907244264,3.0,1.0,0.8699875488465116,31.939960140932772,36167634.01733466
19988.785038949245,1.0,2.0,0.9724977732779997,21.259780305683748,45724106.88779213
10619.312411131434,4.0,2.0,1.1847138981334486,21.509339668788,32727441.284097224
2446.8622870407617,8.0,2.0,1.2350694132937863,6.15648963194683,8984270.475023089
14720.159999993137,4.0,3.0,0.9580733761136135,25.113122198669164,42432486.84414268
19547.28311740183,6.0,3.0,0.9975162026391404,9.234415350912608,62748892.12640536
6775.531920002994,2.0,3.0,0.9481455428764791,20.36245244046163,19822181.681632996
9547.452385248931,2.0,1.0,1.374133160189715,13.809505669742968,25691610.83022824
8840.672341419844,6.0,3.0,0.9143118361924417,17.771488974879446,27515867.698604062
1597.5315984044296,1.0,3.0,0.9099083621802058,22.112320670004024,4709278.228026096
13641.92996573483,4.0,2.0,1.0670211774989191,6.433923438059185,37466806.82418747
7454.751284328275,3.0,2.0,0.9135838155203415,14.537507498148685,16118206.954129532
15876.799167851144,1.0,3.0,0.8940250737713649,35.68835802875594,40727947.29886772
16743.12946047053,5.0,3.0,0.8575277226206514,7.721973774616789,45876336.51565935
16531.877259998204,8.0,2.0,1.1841027488649496,15.58180464472105,59473398.63286839
8683.320361973674,1.0,1.0,1.1672493529411376,15.642644248939447,20613329.53181356
6837.9862354734505,7.0,2.0,1.1900977351267796,17.381577627982878,23926457.769111488
15127.123125540864,5.0,3.0,1.2639800048056378,26.54342755327036,57674821.893644296
16146.955016548825,6.0,1.0,0.9958148076755455,13.432313960488937,35429295.26976386
10130.394459992503,1.0,3.0,1.3510542401671528,19.808080324081583,41431225.58453485
17924.80177900428,7.0,1.0,1.2399227666412536,25.345907005573476,48681739.55062952
3391.8287039240304,1.0,3.0,1.282825153148712,15.669661749857658,13286344.799935177
17653.934325383827,8.0,2.0,1.2325772982960266,34.46317741509764,64049532.84980981
2464.2475196544965,6.0,1.0,1.015073387259537,35.390179048280444,6442206.923016666
3578.3951278595096,3.0,1.0,0.969819492837581,9.590207030625335,7248815.737667485
10956.496257514831,1.0,1.0,1.0535102417474085,16.314596532024304,22012198.955343887
1909.8585156358513,5.0,3.0,0.8582182163200152,12.23916209419426,5831121.039302361
1624.457767162141,1.0,2.0,1.0707683009395683,11.603687866713454,4577538.0564583605
610.0636368146871,5.0,3.0,0.825884589857144,20.729395150148385,2126361.547606991
9064.543198068704,7.0,1.0,0.8023675760163167,22.914813244046368,16603984.933600403
15627.703297069258,3.0,3.0,1.3588993636848157,18.769561217927976,64116374.40920757
1275.863995430364,2.0,3.0,1.2136021163527357,14.17664619292082,4909791.433926857
13253.797565437595,2.0,1.0,1.1371081682395814,14.35864722760919,30969692.88275091
16568.669957874015,2.0,2.0,1.0046612236538346,35.76384469022192,43072091.03509761
3859.2164624107,1.0,3.0,1.1423228088110444,33.71032121970752,12987279.638631819
3449.1564555352425,2.0,1.0,1.334945465802999,8.276965229680716,8858010.676457822
17299.5388882384,6.0,1.0,1.1914280803663186,25.696519559883768,46012735.875065535
16568.61743303184,3.0,3.0,1.1614891987721025,19.70632822454533,54021921.97699936
11055.470265525226,7.0,2.0,1.0761227017830068,26.66442291597486,33068710.534506574
16492.477658303218,7.0,1.0,1.0074182183905147,23.908821166216605,37085414.919011354
2399.4679020351987,7.0,3.0,1.219128268353027,32.67757200247252,10609131.452544037
8252.941448011836,5.0,3.0,1.3885885646094884,8.009649428664751,38992177.00700583
14913.272588463633,3.0,1.0,1.054854616112354,16.487937361731166,30084640.048438918
5594.568010884889,8.0,1.0,1.0353231224085204,35.56482377326754,15448606.682581563
15195.180940010923,2.0,1.0,1.0568680834190256,11.468560469718504,32083315.568761572
10381.064925181789,4.0,3.0,1.055326380829833,9.820003185199417,34280521.049697556
15155.160166195721,4.0,1.0,1.394374864021097,27.869160180017264,42448236.335459866
9614.784974432194,6.0,3.0,1.2240669545056044,29.323054800523906,40001784.865543276
7737.3442003032615,5.0,2.0,1.015510669526355,26.168206430239806,21433120.465687677
4852.270799685467,7.0,2.0,1.0229014242960335,29.28587486279776,14395634.542554624
4642.559223839291,8.0,3.0,1.0584781548464335,26.811647162795165,15799005.411241984
15178.921725085082,4.0,3.0,0.8220273125482699,10.073120468675302,38593319.852231786
2906.8607518588337,7.0,1.0,1.11668984121275,24.24665692435521,8152249.9920868175
2268.0575921523355,2.0,1.0,1.2868285709136589,29.306300476785974,6504153.657064822
4020.0524814293253,8.0,1.0,1.1963406759245063,31.965498189734035,12373660.0134579
4001.7223222060843,2.0,3.0,0.919052508056925,13.387057280511229,11580456.99980467
16568.287882453857,7.0,2.0,1.236820544827022,9.822922828156157,55346831.6810916
8331.028495399722,4.0,1.0,1.231675163799218,29.43271330747739,23665068.98706884
19813.53607279336,8.0,1.0,0.9575235293893982,13.696450351069961,43891217.2021907
3261.8984011378802,2.0,2.0,1.173724794114161,6.95788434962662,9611318.55995241
13278.672618456681,4.0,3.0,1.1665694198731615,30.756406909479125,48418855.66473477
9305.352439704262,8.0,2.0,1.3038725743137087,21.179734014325803,34840869.72454054
8222.612627923234,1.0,3.0,0.8816433871000647,15.798993972852658,18840616.794740215
17576.633461649195,3.0,3.0,0.9169031027069137,6.3428731569464745,48026874.7343881
19526.555529070953,1.0,3.0,1.091581702260683,7.059823341238431,57599893.074766085
17533.463800219066,3.0,2.0,0.8264870893353843,29.77869811680884,39686281.49615455
4330.633173281582,4.0,3.0,1.0493565185610239,20.691176548945933,15356246.99087046
4883.47967145332,5.0,3.0,1.2729314251998338,10.491661478893805,20423549.294443205
13327.83325444423,3.0,2.0,0.889228636390399,16.755168817470544,29995760.53103219
6208.221483780919,2.0,2.0,1.075969242161915,10.959154426125687,16032810.099525418
14853.66753714325,2.0,3.0,1.3938615400294667,9.386446595411599,59119062.409956366
11588.560625707107,8.0,2.0,1.1035520080549186,14.289234620224308,39251144.97840405
11287.630108713816,8.0,1.0,1.0989942944732543,22.485256423871924,28182643.118901007
16673.810341872442,2.0,3.0,1.1352761502345008,12.300198234366807,50365643.13501233
14384.33577180795,2.0,1.0,0.9116026221996447,16.310132438543015,27713753.64252294
1115.608640947459,1.0,3.0,0.8882983296115666,20.33792651869379,3532812.8593052267
1559.5072606327044,8.0,2.0,1.206412777469065,18.600892175494558,6153583.6605678005
12270.233977646705,6.0,2.0,1.0374600859434622,9.858833973638689,36054927.03036217
10032.126267072144,7.0,1.0,0.9739439769292855,7.165969066076645,23151672.119911805
5647.582313654033,3.0,2.0,0.8188349719519386,7.0637618084681675,11855226.346628087
8721.92809390715,6.0,3.0,1.3076302983070893,16.50537054083602,33908834.90163447
15303.460183417494,1.0,1.0,0.8193973195068996,27.564062356119685,25169388.033362366
16636.262802363843,6.0,3.0,1.2499898744499915,9.937658961878121,68586822.07081822
11487.727517066856,5.0,3.0,1.0291931353991486,29.609403490932767,37601064.432269886
8076.167928627798,3.0,3.0,1.15921268630279,27.470229279415104,28494911.55542898
5851.517173005076,6.0,2.0,0.9486068004140974,6.1183047265683355,14556214.599201567
10725.218332923518,6.0,1.0,0.893239799739244,6.802436189455353,20337669.03630518
6706.142600148992,4.0,3.0,1.1200328005009683,11.850996466141549,25022179.062116377
11543.445658716124,2.0,2.0,1.217370616972486,7.683627331517551,37367825.69481033
13727.05622068697,1.0,2.0,0.917295976967088,21.940293158109178,30765505.64314068
1881.9366918362598,8.0,3.0,1.0618153684595386,7.1888178437524735,6948803.501639143
620.7088214412964,3.0,3.0,1.0667929821748374,30.07937513986193,2626273.6979458006
4718.176493510413,3.0,1.0,0.9295874894476777,20.788862068374314,9744147.909769623
17953.52305574435,6.0,3.0,1.1390296677512786,27.838631000174328,70926429.82407703
13138.040806634048,3.0,2.0,0.8875614120690204,28.521076528075234,28257199.23782373
3936.0308275782436,4.0,3.0,1.105849503991148,21.20291819010698,14122807.577786177
17871.120859378203,6.0,2.0,0.8680589068195997,33.76088628760398,43650912.07343277
9717.145241574395,5.0,3.0,1.0913254453130825,35.70722321565924,34858458.080423474
9836.180079566017,6.0,3.0,0.9869594329253342,16.776440580436375,33618333.34086867
18749.513710547508,1.0,3.0,1.0713477752489209,9.775924207477006,62175336.72983837
1754.0418283567963,4.0,3.0,1.0602496156659045,16.897145359436006,6062994.217647234
4774.458527797139,4.0,2.0,1.3447598736911557,12.700616910428103,17336997.710739147
11963.963708001615,6.0,1.0,1.0939613599738776,21.930170011852503,29358892.511511855
4392.438285890879,2.0,2.0,1.2910993423261246,17.35162803757204,14020923.324076187
13782.823978653782,2.0,2.0,0.9353914357470292,20.41348242860373,32574567.089433894
4753.390413132372,7.0,3.0,1.0112496767805552,28.895627282280046,16919458.074344836
2523.645229616998,6.0,2.0,0.8450536283799146,14.220629236255565,6166626.152863868
4615.512097032291,7.0,2.0,1.0524486768928962,22.124241739191763,13467999.871246798
8801.040264878007,3.0,1.0,1.2012199322449586,16.05483747986065,21638695.88785562
4017.0830039577495,8.0,3.0,1.3029002204656377,29.54882592361984,17932506.764569808
3213.0252835129377,3.0,2.0,1.139548947079493,25.18609897223089,9524241.522645883
17289.468592647452,6.0,1.0,1.184043601755847,6.2551419153183225,45630893.235691965
6815.705749787772,2.0,1.0,0.9063602465701689,25.80154023315655,13209575.417461557
7598.7185184541195,8.0,3.0,0.8223236229400637,11.10486024199747,22033374.345872346
1672.245944323816,3.0,1.0,1.2750128871063895,27.73421370609118,4885356.92296308
7532.97069593985,7.0,2.0,0.9002229244647718,23.020160005363742,18846408.400122423
5737.259240038646,3.0,2.0,0.8547017213196515,18.04448033169524,13604753.855387578
12443.410306430698,7.0,1.0,1.362537392543957,26.821992876217756,38436684.72307737
4584.57177484469,4.0,1.0,1.3781128184355058,31.697798576063406,14053589.798315492
17834.289789419105,1.0,3.0,1.1697543749614967,29.362311415862195,59768432.71871665
18635.53244583937,2.0,2.0,1.027182363612376,22.361378297157227,49808068.735183686
2536.7225092297294,6.0,1.0,1.299943724578431,27.680829607785892,8297639.070189167
2683.6173519983977,2.0,1.0,0.9228319756012475,18.417436631782607,5651311.930235393
2837.332899353167,3.0,2.0,1.0576353964578091,29.67078364689386,8312770.77055623
12619.643572420053,5.0,3.0,1.014210379400361,30.871556748684544,39469385.237233646
2966.197905666684,3.0,3.0,1.347619994445009,10.118815106291962,13155565.825874552
17136.216967847166,2.0,1.0,1.351866449217364,13.140940787818389,48228552.452573985
15232.867389795114,5.0,3.0,1.1905315557941998,14.099662120474752,56161420.592234924
16504.291849817666,6.0,3.0,0.8664440841636152,10.982451569462746,48750977.49188983
10805.574221588806,6.0,1.0,1.0893156737949814,17.77605020692262,25703594.20160535
19935.537903471577,8.0,1.0,0.947197019734434,11.790996343488368,46018198.176795125
1456.9969971167286,1.0,3.0,1.3309493979106892,23.866179327798285,6485425.718092199
8384.5403052106,4.0,2.0,0.8830416794097211,9.048463286928477,18615843.14001753
6884.371377390142,2.0,3.0,0.8325861655164245,14.097574590802692,17494397.172364783
19003.722675025238,8.0,1.0,1.2226574201300469,25.965619378390702,55572410.33914218
11791.102594853302,5.0,1.0,1.0719716449808918,17.956353694000477,30443918.17524172
16240.10472962767,1.0,1.0,1.3030189325618506,18.64388225560223,40491306.804711275
3904.619156975266,6.0,1.0,0.8447777787015871,29.937757588751676,8442137.945289021
19585.502391668513,1.0,2.0,1.2806456795647054,35.535346598729596,61127780.8490901
10273.607209400514,3.0,1.0,0.822400851706495,22.95203349762639,16985691.257849965
10177.238279650528,6.0,3.0,0.8168420071483742,8.372015143908232,26734553.293648724
19435.163733787314,5.0,2.0,1.0767894510386178,9.087089226709079,55481455.95247372
7986.207807612614,7.0,3.0,0.9327747738083911,35.05502166088248,24220325.435622666
8311.985476366863,5.0,2.0,1.1562312242039183,26.377047382454148,26356401.869178724
11944.20243441577,7.0,1.0,0.8154901965268823,28.57407355001458,23421372.00158523
3084.2206446270666,5.0,2.0,0.8212337254177872,26.272912730566244,7413558.993582774
6829.061152389985,1.0,1.0,1.2362890977031642,11.3885280508546,16384974.749270113
4348.241455435533,1.0,3.0,0.926099097495387,19.450864824742858,11891897.190320011
2603.6994946767622,7.0,3.0,1.19385027419644,29.94241312858097,10934443.462020246
17403.20536282179,1.0,1.0,1.249953296900455,31.990888888262198,43594192.959474556
12033.024622873036,4.0,2.0,0.8355986994349804,13.120065442391162,27435513.89611601
7558.252155641478,1.0,2.0,1.2618523726785436,23.87885372501462,23742206.53709967
8528.185920914228,3.0,1.0,0.9610527307767717,10.7130570821536,16092616.064798146
8971.46867153468,5.0,1.0,1.033727574919849,34.748306193652546,20294568.284494206
12883.094133607363,2.0,3.0,0.8519835153771901,13.566128669774628,32618515.624350436
18579.32619488647,4.0,1.0,1.3031779900189115,27.7990538581169,53763171.841313854
18695.92462134546,8.0,2.0,1.1364372717954583,12.93338832680563,63366404.250019185
8194.944402894871,1.0,1.0,1.1027991667083032,24.481618286356248,19529377.60775797
6987.691716196729,1.0,2.0,1.3811328865416534,25.777929210679694,23931062.041152686
9350.302103593947,3.0,1.0,1.0007034559644024,15.85284310364258,20151578.270297628
11617.924070312756,7.0,2.0,1.3344675718860175,30.565015962781537,41020524.641971365
9559.267482125117,4.0,2.0,1.2318127286387626,32.56112694742352,31730505.770062946
13379.816150443998,6.0,2.0,1.3571168815113432,31.65209790761985,47675140.13673554
11355.341053567416,1.0,2.0,1.3446812316574759,15.92394658394152,36951783.03968778
6821.881605865076,6.0,1.0,1.3946178830156417,28.33020777037962,24194698.345030293
7307.177631795073,1.0,2.0,0.8790060512222946,22.784722646076727,16179038.044239823
7944.70007865878,6.0,3.0,1.277609835254957,23.77884973476035,31993612.740988065
2436.0115040381406,2.0,2.0,1.2826966129685018,20.322752557753855,8328410.549274346
3821.6150688310786,7.0,1.0,1.1866241169070921,24.007834439066148,10546784.778895376
14628.40776162049,3.0,3.0,0.9673165749429212,10.069624741072499,40959543.11027619
8148.476203528353,2.0,3.0,1.379088962976989,18.265416993523658,36084149.86790375
4762.0560676667865,3.0,3.0,0.9226532827341257,11.33015285963838,14004635.474259226
11515.844765152231,1.0,3.0,1.0997452270150634,14.403165929142773,36957736.97323272
15257.467123984488,2.0,3.0,1.1128922676915116,9.834436077664012,49067172.730576105
5593.993829500206,5.0,3.0,0.8970976069016233,12.3748681566606,15842499.061112287
16639.723709320642,3.0,2.0,1.2335172933999445,29.457877673631476,55697192.05337511
18593.594276725962,3.0,1.0,0.8533202985081438,22.49509386533011,33453887.473263577
12189.45386403251,7.0,2.0,1.2158586673080265,6.70929355536705,36007965.43352821
13577.584584436645,1.0,1.0,1.309169297774382,29.655734514063468,38831711.57576225
1619.9742122672742,4.0,3.0,1.0096378550494398,33.28405187788472,5885918.152908777
18943.085885824985,2.0,2.0,1.22565248515952,32.41287827347913,58721312.91167551
8214.20384473991,4.0,3.0,0.8940644048887099,30.690506486199652,24278914.219454743
18523.667770581338,3.0,2.0,1.3075694008717271,35.76649328402811,63083950.02649907
11832.163980154706,1.0,2.0,1.3712190191319347,23.592058666137987,40709542.63905073
689.6046975605557,1.0,3.0,0.8916162160998662,34.87762885544714,2579820.4134363965
1347.7147868746529,7.0,2.0,1.2151156843833992,34.46532697504283,5116764.989182373
13800.124829996486,1.0,2.0,1.1034986579339154,15.39716191510318,37347130.20621204
11515.759468339502,7.0,2.0,1.1188995990994273,31.903012681676124,38442263.413545586
1114.7292817978423,8.0,3.0,1.2238938311604128,29.774179966763313,5175415.29231943
15023.123247714275,4.0,3.0,1.0932442996018623,29.273963322032568,49564061.47425887
17131.619539142124,3.0,1.0,1.16019583521063,32.88842313875766,43546179.583227254
10230.49915932258,7.0,2.0,0.9385406116468263,17.525700297609234,26446233.89551057
9635.694342930747,8.0,2.0,1.0271039578931782,18.001648976621457,27893460.055057053
706.1783113917731,1.0,2.0,1.3191442100429012,25.201569276109094,2822988.0029317606
15861.004422375825,8.0,1.0,0.8659415069890314,28.134136134430264,32089364.22870642
7015.891694874445,8.0,3.0,1.1585451565601839,32.39211307972843,26264891.201457772
17648.01422378127,2.0,3.0,0.9105722373409342,32.275359619778456,46720607.194088005
7837.375398626229,1.0,1.0,1.3079237587540231,27.640188731587795,20870408.26013205
11562.511466235688,6.0,1.0,1.1474263723121298,34.70678333464568,30240076.70941151
5844.630691066954,1.0,2.0,1.0418292696021627,11.358858568387268,15587892.342888363
3715.4132641474225,5.0,1.0,0.9498948041910907,34.51019541540259,9053463.676966537
15633.213325597762,1.0,3.0,1.0621068195137806,7.925744461008647,50394875.18277317
10233.855289617863,6.0,3.0,1.3745673955530453,22.668656435757548,47340298.332036756
11007.865720793665,2.0,3.0,1.1055255738461724,8.705908710243667,35554936.63922316
19329.069497545668,1.0,2.0,1.081693719019916,23.04002925594409,49490552.31124555
19293.450297109783,1.0,3.0,1.2477642881001854,17.703291373671583,69101947.4331834
17199.45716102663,2.0,1.0,1.027428242499144,8.448282945071606,36363794.63157199
4239.620279641651,5.0,1.0,1.0564543699284763,25.44350415072565,10580248.077193463
12128.89026945065,1.0,1.0,1.0021686389429714,27.935939988685256,25009182.97421192
17636.060038317424,7.0,3.0,0.8905518531976349,11.225562408599439,51505618.960149884
7864.600367109391,5.0,2.0,1.2282855285215903,26.83310157926307,26996947.945819594
2561.4596191503483,3.0,1.0,1.3238185483301743,11.371426474431988,7591670.85133252
16332.680303454485,8.0,1.0,1.3433555895456593,10.121893479458295,52303225.537717655
9946.21289642613,6.0,2.0,1.3284817628226677,10.420897995742372,35890583.42777511
11549.217998968064,6.0,1.0,1.0710702814627957,23.972354068630047,26810942.640400838
19653.599348566182,2.0,2.0,0.9704397153219178,29.363724243798096,46018152.5851906
12379.901751585,6.0,2.0,1.1827542497604941,23.906811044214408,39038552.324717306
8844.600081922366,5.0,1.0,1.3728229471436189,30.280543590547353,27077356.279781852
7777.696736235637,8.0,1.0,1.236230388901163,23.744320232111075,23094436.492227316
8701.814277488485,4.0,2.0,1.096909136954094,29.919637420454603,23938634.47061941
2896.942213666174,6.0,2.0,1.213285144708069,35.29567503399902,10163292.141652467
16018.160833300894,3.0,1.0,1.263522747472638,17.72879423904674,42290791.31248598
16851.707048828597,1.0,2.0,1.3515615567968422,10.498265307806841,52948541.30857038
6117.304410724132,2.0,2.0,1.2579294523832925,10.06190435114873,19514504.367741253
6493.654397152915,7.0,1.0,1.0599143333815433,23.924327899697943,15835446.887152432
17562.084572895375,6.0,2.0,0.9641639110792904,22.413091975660258,44939535.50516943
1065.0248972423358,3.0,1.0,1.0999289988377547,11.527061356260923,2692441.9634115607
10696.874409084217,6.0,1.0,0.996906766763283,32.463148880030204,24585070.215856906
9595.30886482112,1.0,1.0,1.3656587556126882,34.70245105362565,25523468.36354713
13988.459329822119,1.0,1.0,1.1047795060699772,13.596469293099052,30179780.317134526
3769.798982899417,5.0,1.0,1.0832338015784049,12.206487927032011,9233997.223575985
13565.616371425984,5.0,3.0,1.0089177308929178,12.417655569226417,41900466.21207972
7908.639752772603,8.0,1.0,1.1836441941749603,17.622645890740785,20437527.860642098
12603.066696491056,7.0,3.0,1.1120307671725687,31.59681525896839,43852276.35672648
1377.8431915318529,3.0,3.0,0.8774293537389539,23.878818298233536,4144303.6859346796
9557.507625379481,7.0,3.0,1.3215246864982966,8.026602951980099,39403377.17776505
10731.66734325802,4.0,3.0,1.015407699286279,20.189372555162016,33419093.760538463
4757.932215386741,7.0,1.0,1.0595470579748925,8.709950490842777,12290148.191426529
3308.6988910749415,2.0,2.0,0.9234002339981475,18.186423420253202,7531054.420109513
4256.401478438647,1.0,3.0,1.1320389245707334,18.10560426909951,14024763.45070037
7276.336914428952,1.0,2.0,1.2212330374571496,25.450579971289372,23836176.447169337
2478.116896516446,8.0,1.0,1.3286991923755638,22.48361900889303,8238764.046135524
18978.004037154325,1.0,2.0,0.8309645989833576,32.24264347017258,38085623.16277417
8456.884793018857,8.0,3.0,1.3839991458196268,6.48825547996417,39110074.91732796
16294.01028863093,6.0,3.0,1.222290645212214,29.219964662839473,65695462.70417
19503.692188311627,2.0,2.0,0.9705792106469104,6.679750228675252,49904535.77919649
2166.264432053139,7.0,1.0,0.9226848530083797,15.12869485429098,4757271.992493096
13242.387677938885,2.0,1.0,0.9776527511927587,32.389894145386904,25877759.775069557
17505.33628277955,2.0,1.0,1.3254354509998654,26.712425150313653,44448651.774821624
12904.14801895453,5.0,2.0,0.9748341039175703,11.159900350984298,33626724.702246785
8923.106754333807,3.0,1.0,1.0776926807343414,20.72353632335829,19071376.813805375
8962.881338176003,3.0,2.0,1.2234428325453395,27.657125429339573,27799212.29704203
1296.4383885427628,2.0,1.0,1.3231939182343313,34.12029964018588,4126112.052703466
10971.25457501194,5.0,1.0,1.1951426974076624,25.02963597654611,29986745.59269594
19874.73413766484,1.0,1.0,1.2518655179206535,6.740262342987819,47695409.83749518
19198.926003855522,2.0,1.0,0.9039960777775734,20.991055790888506,35773698.8520273
1383.7450395379656,5.0,3.0,1.3264446966146832,10.588849175124832,5632698.0277766185
14292.461870412071,4.0,3.0,0.9654315101708664,7.43338651424764,42684016.25286909
6454.238413920458,6.0,3.0,0.8770268984339095,23.955319040447527,17845718.016931593
18117.989576079053,2.0,2.0,1.3857465742044015,29.307657075312733,61431719.50552995
1475.2260667600035,6.0,1.0,0.9209839552724965,7.081816664892129,3436888.930390524
18755.957579014965,7.0,3.0,0.881991182046786,29.507678128965583,57005172.09020144
16847.02942948287,4.0,2.0,1.175612540061072,27.191636394345263,51512226.06664457
2879.5850157004693,3.0,3.0,0.9913178896976571,28.55960664505084,10440752.097173123
1760.5921439556043,5.0,2.0,0.880009523108296,13.341851181471014,4261856.285095068
16793.328687942558,5.0,2.0,1.1606726703295256,17.807863664802873,54322033.57689174
3621.69881690684,1.0,2.0,1.2553911363333412,9.592524816216569,10468088.438700488
10977.024167731888,5.0,1.0,1.2759190245242937,13.166728507033994,30075263.333920427
18365.450242846964,2.0,2.0,0.8933075606073635,15.083690144322903,38539707.345203415
11608.493402856873,5.0,3.0,1.1341202407639652,15.583099186103585,42091949.6040963
8306.326048572788,8.0,1.0,1.2882070224088764,11.251196642904354,24853786.545055807
9233.31146416745,5.0,1.0,0.8966522068545112,11.661353942134301,17828001.39815302
1824.4731116550977,7.0,3.0,0.9246093510624049,33.0441119937648,6632600.017980182
19393.795034415016,3.0,2.0,0.8014468384590067,29.516808444468175,39001283.523132235
6626.691190573006,8.0,3.0,1.1147804938371728,16.33433110474312,25475367.906097274
4273.651738453364,7.0,2.0,0.9168090181171705,34.429306184428825,12057941.60011155
6149.317655703669,8.0,2.0,1.2345455454361394,13.167681383769718,20447876.694539864
19308.83998089469,6.0,3.0,1.3773283133705634,18.20461360350152,83157804.54034708
2429.149437667336,6.0,2.0,0.9252532933994422,30.40575934303712,6843317.793391944
17425.67898572292,5.0,1.0,1.1894582070581197,19.2865911061088,46074640.41835814
14332.171551388086,8.0,2.0,0.9271006768751069,13.03875968724438,39945044.448474064
16702.372075685147,7.0,1.0,0.8108041153878225,17.05606402864465,30529204.17186059
19532.41228313719,4.0,2.0,1.2551325165287508,21.021632171240448,62968883.494349785
16937.800317027315,1.0,3.0,1.0604028059905357,24.61933150981012,49995863.21220345
18901.617614790346,1.0,1.0,1.3680721169087917,18.1681949874457,51550386.14439176
3062.5439817438437,2.0,3.0,1.1205715292860434,18.939129933599226,10373849.796310145
16038.298164239219,1.0,2.0,0.8944897213854104,13.918308384042756,34397362.4398206
11186.108465172327,2.0,1.0,1.0698646650783667,22.06041895252235,24379890.507365897
11143.814544549297,1.0,1.0,0.9217350768836099,12.58368701308639,20793198.908717982
18039.078580617963,8.0,3.0,1.3268175636119446,32.025786543242276,79126129.64867498
19452.994081746197,1.0,3.0,1.2145419085325149,28.421012107989043,65944293.23210133
14273.86346703771,6.0,3.0,1.0047432827928222,18.308369652425522,47242340.16326043
9969.004755752609,3.0,2.0,1.1166921936842842,28.41683541098543,25282582.688278057
9454.234843295799,2.0,2.0,1.201688112927817,6.209878254281191,27424792.76780241
8095.024270129727,6.0,2.0,1.269714629987255,16.334676679271897,26863134.38760013
7615.021173709655,8.0,2.0,0.8480883259223251,19.209034444403656,19592050.0179727
8195.23272867797,7.0,1.0,0.8135113051971481,20.09395522637092,15180356.911122838
2341.212763873188,8.0,1.0,0.868671618301934,28.461944331310168,5250894.5416616285
2102.2600540525013,5.0,3.0,1.0369977861035378,34.88422282685141,7691539.482647206
15729.474971122847,6.0,2.0,1.0800239660492552,17.39991391328409,45200459.587405436
9253.814122652386,2.0,1.0,0.881876978128309,16.51799548583624,16454841.512313733
18655.279077765637,7.0,3.0,1.046691882739763,24.315456797411883,64856384.704594046
12477.087566722677,6.0,1.0,1.0649736718170983,14.437608425747367,29012791.96126222
1282.4140543777432,3.0,2.0,0.8654539782064921,10.240510014455676,3000471.941553463
3655.9528215591017,3.0,1.0,1.3499959761174405,34.84622611476596,10533110.796215741
4592.903984452347,5.0,2.0,1.1594875565526246,30.28589870427066,14132453.50009464
19529.278873159416,1.0,2.0,1.0331213182737693,34.75498659072383,49411104.53178129
4842.8619873417165,7.0,3.0,1.104144310083324,12.5349863605175,18057659.747243714
10605.660119988195,3.0,3.0,0.988518491881284,6.534276449090117,29734844.335234504
18761.832473819806,1.0,3.0,1.3125986189867558,19.117847272143194,72812225.11489876
19557.538960338534,3.0,1.0,1.1450090249411022,34.00826888974744,48128290.08972923
5185.392446440765,7.0,1.0,1.096937488636126,10.149760166152767,13516396.202604577
1552.8822887507786,3.0,3.0,1.3465312418573585,9.515565685037952,6573133.983580255
3579.8755512325147,5.0,3.0,1.3027878189404407,8.068583527375262,15200518.073754003
1828.572486829627,7.0,1.0,1.2876811348555095,28.950539967959244,6528750.397830085
4385.410277191326,1.0,1.0,0.9353655225391065,29.577796015006168,8632878.886507519
11630.252465252466,7.0,2.0,0.8918738668810141,26.86128166990392,28074674.138686094
18301.50664813545,3.0,1.0,1.2140579118276484,7.598755353670082,42880301.228019804
11022.046343670196,6.0,1.0,1.0811853538048375,27.698650074456115,28719659.137593552
12744.197399962166,2.0,3.0,1.2102276277741062,19.458864253850614,48764185.584825225
4516.224681225098,2.0,2.0,1.2563763392666698,10.736832658098148,13700493.922706772
16131.322241072692,7.0,1.0,0.9771881044068506,14.853780314538062,34681411.754019335
12585.104825008315,7.0,2.0,0.9707902598736853,21.03440519798883,33802334.49936613
17364.25448633886,8.0,2.0,1.09449893975491,15.889544168090431,56635777.045862
19007.55627591221,6.0,2.0,0.9641295881158984,35.09247680224777,47763851.59517143
7349.27504967789,4.0,3.0,1.2003771656097197,20.24225225121598,25368189.874369774
2357.2337355875234,2.0,1.0,1.24803826752843,17.164515307564308,6856288.775551746
4983.02178358558,3.0,2.0,1.0832233676319465,26.1949628690411,14435284.698787564
9094.126374111242,6.0,3.0,1.234279859359186,25.516351705677444,37292847.167447895
18946.456845394783,3.0,2.0,1.1062625414424656,6.073178412158023,52535831.32829748
7939.210554044256,4.0,3.0,1.2277230331802054,24.554210949022288,31044514.510661297
15553.000345108177,2.0,2.0,0.9349809486774352,13.313069243071011,33918704.227688335
11085.247828112648,4.0,2.0,1.243305827559825,17.257009247637647,34779310.78240722
4146.490146360945,2.0,3.0,1.2290744140742107,27.19046672204533,15632940.988459498
6822.241907696961,1.0,2.0,0.9599634242295065,22.721586630320875,14806547.33025869
13271.922569442682,2.0,3.0,1.133582594624105,17.059654324652907,43839190.0568113
13653.355856886934,5.0,3.0,1.313187000724641,11.022310555113721,55661474.173737906
9034.339088095496,3.0,3.0,0.9497135881834634,21.164465617432597,25887586.889146056
5035.724691645024,1.0,1.0,1.2415878704088057,15.580980705216097,12304161.762157613
14604.99152254592,5.0,2.0,1.3723800302881322,33.38783425224226,51608636.91370628
3876.1370072866666,2.0,3.0,1.319745151854539,22.03039920867152,14365196.968528138
18771.392022183456,1.0,2.0,1.0409120496081656,31.978919825112374,47970098.915850535
4245.329433307648,2.0,1.0,1.164324639792883,17.705430854505337,10198421.142353833
2681.8598389508966,4.0,1.0,1.3950620805516223,30.823114913638815,8139571.477281063
10254.365425888349,8.0,3.0,1.1410624468254311,7.696107065162359,39474187.319023944
10679.262203328064,2.0,1.0,0.8690165614582199,14.943570767040448,18699647.613748636
10458.942546697948,3.0,1.0,0.8272584528672566,8.345277991340982,17593573.239630945
9071.349293173485,2.0,3.0,1.274188705846417,6.949505421446217,31011186.833338633
19899.408920894402,3.0,1.0,1.0541769952411078,33.56586735969357,44986527.40620288
10033.843885809289,6.0,3.0,0.9480877343775167,27.506062331990396,29650308.297814313
9872.16366635272,3.0,2.0,1.0086032183965683,24.753301934054118,25775783.523890898
8782.26161666249,6.0,3.0,1.2544237199278714,21.97478428235499,34711836.15115192
1896.4196412083804,8.0,2.0,1.0791484013802974,23.08662108650526,6249636.087678399
12103.35864430255,8.0,3.0,1.3210996955155259,25.160711441593605,56671673.7311174
5022.574781129739,5.0,3.0,1.2409553532666195,30.797393842203096,20741615.81233181
12969.614216443568,6.0,1.0,1.3844084902672549,23.906656673865847,41794458.54831286
1586.1691618004568,8.0,3.0,1.333102260073906,28.457422893326473,7895434.035687827
19638.90976430823,7.0,3.0,0.9527283270716055,14.429341554892048,62661984.39136748
9698.698532845841,3.0,1.0,1.195435539681532,35.30285213449416,22867450.18513481
17997.05420885955,2.0,1.0,0.8123258207168864,6.956916253110868,29021251.519260246
9825.886760718935,1.0,1.0,1.394664034657759,17.597297858319465,26918001.322553903
1770.4178803399016,8.0,1.0,0.9566036652815579,32.461486545111114,4921627.207425624
16550.942794219853,5.0,2.0,1.1988770561741504,11.415688880585705,51603194.410327
13174.764355542406,3.0,3.0,1.309492172719739,10.240142788009738,52433036.185382605
15766.086722934537,3.0,2.0,0.8962787976367829,16.962923006997407,36359107.39569257
8906.495352072143,3.0,1.0,1.3087276056862875,18.845841015504824,25464148.42755813
12975.972838384912,7.0,2.0,0.8073473994744935,34.00182181985183,29604899.967674494
17210.842673654184,5.0,1.0,1.0651862828512444,31.08358604126463,41428644.2550665
12842.669591714617,8.0,3.0,1.0832225735186831,19.922689130715426,43873219.379769795
7344.868515816524,3.0,1.0,1.0244544279552414,35.189253026448085,15234666.471072499
13453.074130704277,4.0,3.0,1.1518308477802999,25.26835212477193,43712801.642971314
13633.971259112906,1.0,2.0,1.348905409221579,32.20976195945674,46356490.69058059
19235.387072628524,8.0,1.0,0.9961934685801734,13.381709414604764,45431974.980613545
7795.699037908383,5.0,3.0,1.1475559322998545,20.668922228999485,29587058.357159097
8846.586289774144,5.0,2.0,1.3264775154459936,6.891516400692999,30308102.8951889
16355.185447028947,4.0,3.0,1.2637972370608268,6.266405797993466,62052230.32616999
10411.78890600918,3.0,2.0,0.8244399588832977,27.163596628183935,22202479.495208565
14889.518006445222,8.0,3.0,1.3656744584765974,9.548808673968022,72279079.27340151
9518.363610399687,4.0,2.0,0.8279881425551677,22.434247113324528,22309712.883515388
4780.605751166389,6.0,1.0,1.1532550846245977,26.8802244663006,13172088.181712357
15056.95454995161,1.0,1.0,1.1452121721890989,6.967037586889178,34246343.86629377
3144.4102821833726,3.0,2.0,1.2718341384213896,19.46224197437046,11128764.169690372
4452.523072507376,7.0,2.0,0.8890658311093866,26.524558109575192,11470215.258452239
12760.404666013646,1.0,3.0,0.9076222352376223,32.6919296356455,33295992.329052277
15097.034123726155,1.0,2.0,1.2512641596430163,14.976903018049693,45475418.189044334
17956.94500523561,7.0,3.0,0.889702851446975,35.226495890529904,51158740.90521467
5888.178049868299,3.0,1.0,1.0816670762393836,31.33624498979092,13727259.185562626
2748.0506168507545,3.0,2.0,1.238988854126559,25.51905216245563,8806068.212166712
19147.305194739005,5.0,3.0,1.1907451572696086,17.757765217383934,74869333.43067664
3595.8079076295635,2.0,1.0,0.9263625116678571,27.33331128598496,7500865.2770476565
4434.739455740007,1.0,1.0,0.9823761552116513,30.4857980721106,9786846.265480373
6251.791399034235,1.0,3.0,1.3813849419446245,15.09899624659672,23361786.61761428
10870.192268109977,1.0,2.0,1.0692023720929305,35.784901947210884,30978345.031363066
17726.815981061114,2.0,3.0,0.8266744858618283,33.25858109263917,40895421.79333201
15354.592840959418,6.0,2.0,0.9317509396797996,20.56504321028768,37265926.42204085
14338.256544547121,3.0,3.0,1.0054610537971027,27.684897473261856,42745158.284268446
3998.503016406471,1.0,3.0,1.3996936425767514,21.720266838563454,17356300.413322497
7539.0430516039005,1.0,3.0,0.9816149284861512,28.827916565910787,22008751.81025346
9881.055566081552,4.0,1.0,0.815837509269527,30.80946611633944,17496484.818965584
3460.0634976203655,7.0,2.0,1.1077529465332017,6.6966766547112755,10405499.00214685
5904.536221257446,3.0,1.0,0.8501632309843863,8.373960891019477,9910228.712496985
6581.664156685179,1.0,1.0,0.9644405592174331,16.09402247630181,13359226.011716554
3069.1582475833616,2.0,1.0,1.3954299056563633,33.52840897897049,9698685.893307375
11274.650023020198,4.0,2.0,1.2227831113580927,17.94820749430169,37966239.20935616
14277.547012569343,2.0,2.0,0.8303999775697223,32.625366456057726,30457467.314674046
1956.6736506511074,8.0,3.0,1.0692120311550775,19.87301737895259,6709821.4664283125
9933.788174205105,7.0,1.0,0.9029825075773096,14.665587609347202,19462288.26788888
15774.897188195224,3.0,2.0,0.8737667938412728,33.019355491874855,36221343.83206119
15111.00850167747,8.0,3.0,1.1522392480092811,22.820123067560324,58006536.972055115
16412.41806664383,3.0,3.0,1.1033935337841294,16.81452885090124,53391818.19994708
9295.868283509777,2.0,1.0,1.2457199505893048,7.332210108834504,22299443.467703108
16518.807403213297,8.0,3.0,1.3353837369391157,9.327993973446716,76911870.70745654
5270.609581556828,8.0,1.0,0.9480091144589972,10.179309829245916,11916461.499182278
7599.724891499797,3.0,2.0,1.353795191993238,16.94508871231819,26878841.244636245
4021.2981825053453,5.0,2.0,1.1107950635324573,24.21998867233032,12083737.662905939
9669.200064914294,2.0,3.0,0.9553009509110704,15.227703432657895,27557226.612737495
8205.9644348596,6.0,3.0,1.3074715028615655,7.965829012944006,32747784.920827795
5273.9860584376565,6.0,3.0,0.8213179508174135,13.944262119520014,14162927.606896564
15184.545759077162,6.0,3.0,1.1357056264837764,18.260449526988303,50111683.818347
6688.6273789659435,5.0,2.0,1.2329729210179798,35.768097860169874,21244291.65686699
5892.404004829213,6.0,3.0,0.967986612293686,17.789607142528162,18490939.35980595
3139.272418499604,5.0,1.0,1.3180951505379306,8.675862562423319,9956446.24469942
9113.141014957804,7.0,2.0,0.9441707380147909,23.433444434218003,22581110.57786614
6477.513799443659,2.0,1.0,1.3039245696390434,33.58920217878869,16840024.0233503
7763.893122014791,4.0,3.0,0.8471269782994744,29.6008709658525,21071455.454212304
5178.346894838722,4.0,3.0,0.8959565551210588,31.0865492756171,16052721.429524308
15405.21650250607,5.0,3.0,1.0285907503411449,33.846953883069915,50930896.99180289
18642.064938681517,2.0,3.0,1.3124333076789076,25.09630510156614,74125053.38969013
10259.87794410442,3.0,1.0,0.8867512190760695,35.84768191960496,19260605.076874897
13074.169412812153,8.0,3.0,1.3252629438765449,6.9984470963895244,57009106.91132671
17423.1421661701,1.0,2.0,0.9378389159676762,31.045190284306866,40123841.47145631
19977.294964272976,6.0,3.0,1.0715050391567171,31.71032008566785,67596945.15414222
12502.219803758742,6.0,3.0,1.0116406425562026,33.50101172285895,42588468.03072881
17861.721650873453,4.0,2.0,0.8708757359687141,20.345083729075473,38030158.43916009
18226.999983179456,1.0,1.0,1.366585843711484,29.632677708618,51068412.87021177
15954.158863467874,1.0,2.0,1.062906974451328,11.852411973635395,41059463.92043288
9542.068986818338,3.0,2.0,1.2141987568137167,24.09390675534643,29543049.206321646
2174.3876082236466,1.0,3.0,1.1451606059984187,16.75935457090384,7021632.231147387
906.6277755385966,1.0,2.0,1.1010295501113245,23.885209519859263,2875572.652836145
9857.692285688738,2.0,2.0,1.1699465741341093,26.26681521474901,30419552.621705648
10189.701950571583,2.0,2.0,1.3390053837214573,16.412060002385367,33691219.73244394
8502.830324541663,7.0,1.0,1.2195874254164658,12.48714897908616,23829218.480801944
11622.446615052471,6.0,1.0,1.1194880476731326,15.650637265780041,27916609.129909717
11311.956444105885,1.0,1.0,1.1871115763995856,25.91871735322328,26802463.428022888
16830.292996034244,6.0,2.0,1.1638365683054128,26.306227010184315,50605627.49458487
2707.9478032878906,2.0,2.0,1.0598727244917878,28.239508080722967,7797413.501333595
4968.446722447582,4.0,3.0,1.17485840607827,9.79609825718118,18397458.861423966
15984.29659181683,1.0,3.0,1.066141880098498,30.555521707633847,49964908.64494282
17048.035224138897,1.0,1.0,1.2545686267231473,26.644434046228664,40841085.99680245
19899.589744244837,2.0,1.0,1.381347490113371,6.915152300719175,54360929.384673774
17534.49311790943,4.0,2.0,1.3759192144983374,16.06793548305152,63993038.91501192
17864.040737203224,4.0,3.0,1.2924414718549881,20.001337677194314,70634105.50588301
6698.350087020154,3.0,1.0,1.1610553382356912,16.818524711604443,16156357.308051923
8392.2356997819,5.0,1.0,1.2495991928424441,9.522506646252394,24463354.915839802
5800.85103351869,6.0,1.0,0.9068289771545327,12.22038853515021,11394871.476146378
12362.208324938683,6.0,2.0,1.0874110743883536,6.736841847303976,38039841.68720747
18812.823871616543,5.0,3.0,0.9543828589948187,8.792314840576886,53897664.681376
7286.033198325384,5.0,3.0,0.8020969886656083,13.989003531736342,19160011.74468399
11405.834568500135,4.0,2.0,1.3800425448032456,30.59910796907192,42547571.4982375
6348.21283079761,2.0,1.0,1.3183091371111049,21.79912529811601,16919723.122377925
3894.1194911905254,4.0,2.0,1.108219171081956,18.73493672073318,11037432.019839717
4386.59927848192,1.0,2.0,0.9524913728714041,25.86488831875647,9832977.73783101
1724.1396840397208,8.0,1.0,1.215785126119542,22.245316809750157,5227157.042999579
19016.294346379593,3.0,3.0,1.0608806507299564,9.945417802668787,61895348.53008751
8415.864405048014,7.0,3.0,1.2820097200536196,12.678700914725688,34140703.86498443
16781.945304840898,8.0,1.0,1.3997108661085695,12.675670829718229,54348003.4726536
13817.791770180007,4.0,1.0,1.009449564493922,23.998575378370266,28077001.50692494
4323.270531375057,7.0,1.0,0.9466418260868287,19.848730985680394,9583344.500851577
4003.9675836343035,4.0,3.0,0.9604294932768549,17.62755187682561,11661640.503313057
16352.57110930457,2.0,2.0,0.8560077474084032,22.69917518645364,34893201.04624059
5735.407186019024,1.0,1.0,1.0364277179000931,35.10347357347672,12219120.85331432
18317.73256381833,2.0,1.0,0.8104550316301457,15.425803681676303,28627260.910823718
3317.0748509761183,8.0,1.0,0.8686373344407654,21.605863009005517,6953778.4031269755
13747.547120416708,4.0,2.0,0.9630174483636023,20.41110046932347,33371841.980785783
16400.79319500012,3.0,3.0,0.8959176655456884,27.499290952375343,42311440.719071046
5163.973935263513,4.0,1.0,1.239295459700435,27.908708039487482,14724301.277402738
5958.422851057381,3.0,1.0,0.8633628745207402,27.872121642391214,11067932.058666365
19311.666391100513,7.0,2.0,1.3195964630147148,12.045587398162343,64413647.53691542
5733.193543715471,8.0,3.0,0.9326687022265717,19.472794090835635,17934591.954327244
8941.166768060928,1.0,2.0,0.8651543701829406,30.335240730874126,20030575.1424138
8990.802508901903,6.0,1.0,0.8060639866587551,17.445905116219315,15837149.675594222
5508.874148635861,3.0,1.0,1.2291230025932878,35.52765351869787,15635773.544343991
15650.347076879556,1.0,3.0,0.9539700475631252,16.943602253765974,41501415.52590457
15573.87725864561,8.0,3.0,1.105699163082665,20.930004820259047,59360510.78568233
7939.369475941441,1.0,3.0,0.8669696280032935,20.235767844076406,20957402.765857715
16801.440346966236,2.0,2.0,1.3911775539417495,19.009914074077276,59018758.65162419
4733.653727340647,1.0,3.0,0.8752308434419732,31.36894104958865,11899587.896308698
683.5320479529657,4.0,2.0,1.0471555559851269,10.658257126440406,2033466.2433145184
11680.646823881376,5.0,1.0,1.3109897014006795,23.029941192419493,34986850.63455369
19885.108785576143,3.0,2.0,0.9469321690882441,24.55804732066271,46518219.659671076
1349.6996106415613,1.0,3.0,0.9601830712077041,31.536639242081122,4656813.642865857
4635.162629944135,1.0,2.0,1.2850997095344396,24.27600479778325,14646352.116691511
10666.944064249434,8.0,3.0,0.9640037943152077,34.80061043363342,35504864.78748497
16312.850287030491,7.0,3.0,0.8017227866568878,32.165031367827865,41247358.04339564
2327.4148984560325,8.0,1.0,1.0567482322939699,16.462198450581944,5899740.566003059
8267.55228292255,5.0,1.0,0.807521125807085,31.797193358725035,14586203.203431526
15093.270532219794,5.0,1.0,1.34587537029762,34.754334422803666,44842702.27914358
7807.938243083415,7.0,3.0,1.1850879345075325,13.71591542773759,30784245.982382733
4263.426557227396,5.0,3.0,1.1498085597327452,24.306264199932254,16271464.83276537
4392.619051493794,4.0,1.0,0.9209537065174178,14.454117370264067,8668041.577991344
8554.946466150888,3.0,1.0,1.2199677112571816,25.487018372466526,21187596.37593033
9900.691251234288,4.0,2.0,1.2063527862070074,8.809284136410657,31261886.638298538
17319.19970563067,1.0,2.0,0.836278144355219,28.025640656071726,34001016.279178694
13059.696920219074,2.0,3.0,1.3285079184863435,18.594594857860287,53354670.51166114
13993.797917600728,6.0,3.0,1.1476480177578834,23.619215360293104,51844123.86377718
19669.951127796594,7.0,1.0,1.275480128623166,6.775872075704944,55694492.90492809
8589.762741838891,1.0,1.0,0.9577484432773066,26.863243656309848,17022893.631309185
8425.07542303309,1.0,2.0,0.8732286798520725,20.879740624057302,18123306.783046175
18512.93117388076,1.0,2.0,1.2214697439120707,24.75753023063526,51249677.79676583
5369.986387898138,7.0,3.0,1.2763296117530971,15.470039171285222,21880158.108783897
14758.415778275614,3.0,2.0,1.031620120171575,10.374605202642432,40260789.44028683
15238.718881431812,3.0,2.0,0.8142153651897868,19.06286825988426,31850233.389847297
2497.087150441596,1.0,1.0,1.2909524147923186,34.3193736385909,6663516.859725484
9683.68927045553,8.0,1.0,0.9236563437982644,12.83382079961416,21107868.713839494
4490.911943638148,4.0,3.0,1.003419165138493,26.27517036105755,14139413.718432302
4196.280292368222,7.0,3.0,1.1769386046662782,7.495306321036241,15801413.684959361
9598.265342979797,6.0,1.0,0.8599728315267816,27.54299355800785,17935553.898814443
6214.93632565646,2.0,3.0,0.8431974596830779,13.153115604044793,16262852.401636388
16043.572683941895,7.0,2.0,0.8154222629451646,19.545511806879972,33718592.770883106
18207.53489297536,5.0,2.0,1.3499839161436733,17.032593017843222,63128502.948840424
16172.779742594294,5.0,3.0,0.9868296465611934,9.385210299520665,50510079.77504677
5760.998928860306,2.0,3.0,1.1963952890702791,16.36745857535327,21840720.291233294
5918.207237559002,7.0,1.0,1.393541149410645,16.503748748795566,19325959.976701975
5541.729992278868,8.0,1.0,1.2016704761371662,21.663169170892548,15265096.694999166
3219.73906349098,4.0,3.0,1.115056877513708,35.17054598819962,12605385.11148519
18909.688341211997,1.0,3.0,1.112551960110343,20.10052567531891,57183567.82572038
8399.727284247147,7.0,1.0,1.026150289073331,33.43278466897901,20378802.923980482
4958.97580618995,8.0,3.0,1.159867793573051,19.846729756876663,20142855.76069195
17025.418379859926,5.0,2.0,1.3752748337274225,9.226299026248185,59858516.681022346
8344.388871561136,5.0,2.0,1.272826420218986,12.904586858278206,29153349.260979507
1281.2661355275318,2.0,1.0,1.0545359702199426,18.225530281728005,3091353.530823719
3741.666462842845,1.0,3.0,0.99946689741952,15.761063189105542,11359402.22468974
13001.456602909699,8.0,3.0,1.3301189177738728,31.97487862597475,54390750.37528654
15788.362318931444,4.0,2.0,0.8814714953759563,26.35936806589654,37054755.508831315
4692.127136681031,3.0,3.0,1.309751154178581,23.349253557560203,18661421.02189341
18397.47443176316,6.0,3.0,0.9530460568053994,20.736886537100716,59344824.87039673
17109.34412901199,1.0,3.0,1.2293775414655506,17.918118548672005,60288159.111487396
17058.58662878497,1.0,3.0,1.283732348464898,24.36577319496034,66169397.82231697
5016.626247904754,2.0,3.0,1.0861979103580834,9.73821496333143,16489640.749191558
1580.3981798111195,4.0,3.0,0.9153703856853647,10.87599564650717,4680080.519775985
17428.016665962125,3.0,3.0,1.3068606460774252,15.093490601901,70693785.11656968
6532.524437528207,2.0,2.0,1.0205050070319888,11.135538493832232,17207643.80831081
12606.977794766402,3.0,3.0,0.9924081562895115,26.3129615707445,38816941.47484926
15343.357543794164,3.0,1.0,1.1060097094120638,6.7430496421873585,31713073.641302586
3088.889215115731,5.0,2.0,1.0610517446623506,10.805324750002503,8571975.303914595
15748.26407766953,5.0,2.0,1.2098313302232344,33.0782432849641,53956761.136530936
18807.122303844677,8.0,3.0,0.8823186850235992,35.92629444666261,53630123.030435055
14730.474335480336,7.0,1.0,1.0614137924287237,20.627714334842793,36833298.16985959
9159.721320522827,3.0,2.0,1.3350210867351224,20.861102190652748,32222677.235561717
17607.555891783035,8.0,1.0,0.8216376256638354,29.201962867123147,32894161.64179845
10832.678023407643,5.0,3.0,1.074402999891996,7.085687328617252,33738192.24287215
15048.55599964503,2.0,3.0,1.1963191798311261,18.810644457029344,51853681.44600612
16517.815310856917,3.0,1.0,1.332626652225191,8.994836454448794,49059521.55057516
15137.445516960715,6.0,3.0,1.1562717361599053,18.027791479694578,54616276.70117138
6184.384595334187,7.0,2.0,1.2946905627435972,35.51465523386624,22256514.2755411
2886.171677573123,3.0,3.0,0.9336146113755719,28.608998424100832,8428431.479753518
5223.7674696239665,2.0,3.0,1.0116856617367158,35.55137627055654,17120390.78482577
10355.773777418854,2.0,1.0,1.3652793643568255,28.38145877011805,28687431.641525295
10402.37229248606,1.0,1.0,1.3315850678556118,24.24330215419765,26925366.827634767
11903.30037670203,6.0,2.0,1.1347717896132226,28.6266249878173,39288452.71629671
8264.975648429083,5.0,1.0,1.0852930026769072,25.772750189129543,20345722.573884673
15865.692800130537,4.0,1.0,1.070640434872675,19.921980897057253,34778227.966035835
18315.18275673583,6.0,3.0,0.8352737969402096,14.7763900201563,47000495.21786899
5386.466037501743,7.0,3.0,1.33542626237394,21.60534178003065,25233153.244570237
14888.550423416627,7.0,2.0,1.2908897050492012,13.754804217042915,53425477.69874649
13752.653939373866,2.0,1.0,1.0737506868367204,20.60029039326436,28169631.854569595
10747.95568601871,5.0,1.0,0.967663983631684,10.384062177632579,20958791.737241488
4257.486537158708,8.0,3.0,1.0057523638559183,22.961852969101223,14247563.722163191
16027.505816504565,7.0,1.0,0.8738963515237337,13.358510724363143,30169455.72857926
19236.149941199354,3.0,1.0,1.2330738447834335,14.80824311824709,44930994.57542731
14603.6248453321,4.0,2.0,1.1340019139329145,20.970844253471654,41348293.16089274
18406.48393453924,8.0,2.0,0.940462053694937,10.875787590647423,47283160.60457783
19693.194139991196,1.0,2.0,1.1738033432466137,34.87139650907757,55307149.74915894
7429.783080241221,5.0,2.0,1.3875381285529849,19.408329461786284,29577080.61639782
12981.536926770936,1.0,3.0,0.8734370812857075,16.568376888802533,32379751.70212646
9794.295110178713,8.0,2.0,1.0750910063751966,6.875898152777427,29665626.293127395
19740.597689146663,1.0,3.0,1.096495292553276,31.297630893366986,63744606.02329755
2419.871785749863,1.0,2.0,0.9000783282942815,24.77501745919153,5791251.790771225
8600.073337366157,3.0,2.0,1.1189481265983887,18.49215464523892,25107903.334008217
17585.45746382838,2.0,2.0,1.1635863551288539,13.365983980154272,51239920.77501227
6110.5954242144,4.0,3.0,0.8944067232910972,28.354122560261555,17538925.7140578
15883.18130239413,3.0,3.0,0.8928343394053259,34.364237272250016,48086962.35518846
8025.993357936961,3.0,1.0,1.3138092293802535,17.424291169560604,22828453.522900093
19611.58367386907,5.0,3.0,0.9868324620020269,10.046282051376938,58287792.22147843
17740.478826619925,5.0,3.0,1.1782000322471786,9.27584241818212,66732961.382643834
6445.614938654738,8.0,3.0,1.1760638454051284,6.190859170016577,24730986.531451207
15541.74640263439,4.0,1.0,1.303502525349581,28.31866322315166,43945958.409497015
7135.016950365412,5.0,3.0,1.243936778738914,35.44186157705012,27131462.786824998
12363.43910018138,6.0,1.0,1.3043458600629667,35.78453258260704,34664234.51617759
13374.526906829864,2.0,1.0,1.1751288737903993,29.525917630287765,32594381.27355488
16694.150936262675,6.0,3.0,1.0696742963083965,10.865513348881308,59822320.53204307
1074.3463131110886,7.0,1.0,1.0361399127878448,35.33128367739364,3447521.683772936
4871.063088354614,3.0,3.0,1.0274178599968615,15.834403290058528,15897362.812661786
14411.205525418427,2.0,2.0,1.0510358587454947,16.00858828477631,38224217.84025647
11532.350797209025,3.0,1.0,0.8775855512922622,26.620108586773167,21535051.522597678
10214.738517102176,3.0,1.0,1.0543750226019002,7.471475612233542,21790640.699211486
1671.073160134821,5.0,3.0,1.0336669443215727,30.773091897226777,6385637.450580316
7356.552139152251,7.0,3.0,0.820742997990939,35.91891829463232,21535055.780624006
17382.944499066576,5.0,2.0,0.965078453195804,29.25209334269752,44906034.07347287
1199.3210384990243,2.0,3.0,1.25114418484413,29.450294736219995,5095716.897191801
8290.862966077355,3.0,1.0,1.1467673428457752,17.70941011699653,21177110.90871521
18935.87678081299,6.0,2.0,1.283700498053618,7.9776416704697075,65777250.60043453
1587.0862501732838,3.0,1.0,1.1256128266284589,29.780023027032698,4415573.489136446
15144.291570265954,5.0,2.0,1.3124502592851603,23.914742607144017,54098781.40019472
5597.684753931508,6.0,1.0,1.27764025976103,33.280160673662536,16456689.823171997
17412.211343781244,3.0,2.0,0.8589707420853483,9.478887005004976,36683013.9489961
15073.718791811682,6.0,2.0,1.3862038208095955,15.153691892823248,57654685.50659809
17782.68031465224,4.0,2.0,0.8088484681407974,16.819684611701593,37471727.06846859
4788.94093436656,2.0,2.0,1.1581028227577712,26.498391256340742,15360027.950872343
10907.079443480936,3.0,2.0,1.2755069055900572,29.63235489309465,36928220.560762934
15717.836905351134,4.0,2.0,0.9991364839105421,34.83061225753261,40401939.91144194
5366.575014102631,1.0,1.0,1.1591418753782947,14.862214749724632,12866349.59653125
5076.478322184009,8.0,1.0,1.017273518508469,20.809092256927418,12504742.910287779
1127.3333898531496,5.0,2.0,0.8363689850045012,6.8688279024389525,2800258.2489170423
19195.196703123776,1.0,3.0,0.8050769114535986,13.589636343266637,43451464.324961014
14374.327473059693,7.0,3.0,0.8569172180667131,17.22010524358921,41109395.70932453
12929.870867797586,7.0,2.0,0.8590457564720281,23.814186195763448,31127769.016690873
15033.497620282824,1.0,3.0,1.16653386643625,20.125364807975224,50601914.41521799
10913.290622691524,2.0,3.0,1.115519138577508,16.93425179330992,34712396.3475025
9836.99612915396,3.0,2.0,1.0732779801038852,24.722338995880246,27850933.452586133
9320.925477796305,5.0,1.0,1.2151528853614506,30.85847031351001,25485557.16088801
13024.520714810642,6.0,2.0,0.8100956822074691,13.250433989543676,30300819.787210453
4509.778522612234,4.0,2.0,0.9625900888494385,16.28627637781237,11602457.782349696
17828.33868328847,5.0,1.0,1.2664356387725766,27.1477094906106,48300445.48460109
16347.996001653744,1.0,3.0,1.3459862639102709,29.33821796275591,65448445.65246281
7381.534062169457,6.0,3.0,1.063001957742549,30.76190615203942,25103502.715650514
11825.020358162972,8.0,1.0,0.8488903880830798,12.279936566910859,24318405.78716311
3335.9296190302834,5.0,2.0,1.2792372435370927,22.17800883733247,12332495.722236002
19463.517209911803,4.0,1.0,1.33110225996364,33.00033295575853,57907288.50243471
18116.1181400275,3.0,1.0,1.0481961624162317,17.758513652744753,39916862.591820076
18484.811626084487,8.0,1.0,0.9460131523521662,18.89649270664667,39750327.22356111
7043.963125446961,1.0,2.0,0.8263830009337673,35.54468831702057,14923941.546013992
3881.2133232274014,3.0,1.0,1.1546496931369135,9.391579380975163,9553607.678666448
4708.379971246421,2.0,1.0,1.3459216943374994,27.16805968384908,13046486.751732701
2346.0269862747436,7.0,2.0,1.2067328153121952,31.505523811226755,9059934.660661539
2930.1462239668563,4.0,2.0,0.9903491587368406,10.523805499020522,7929738.2857593605
1983.3079631860005,8.0,1.0,1.18573299457398,27.433597080217123,5857333.77400139
19802.567542574547,6.0,2.0,1.2992410444688152,20.09214666031327,75238428.41848254
2036.7190573600276,5.0,1.0,1.0854980356096746,31.586726540239297,5553501.251394276
3171.3163704574245,5.0,3.0,1.291849093998703,33.22356950507718,13075810.535402928
16648.739154460287,2.0,2.0,1.0351458059998124,32.174547094637205,41765021.223482534
11856.660204813097,5.0,3.0,1.0091034071574625,7.931554127370383,39951309.948768385
15623.693768645047,6.0,1.0,1.1497931755271324,28.705658304449226,43055391.17148358
12839.692950789507,8.0,3.0,1.0788118506166886,33.64582724957488,49133721.726723544
17714.19636438159,5.0,2.0,1.3862671522766499,24.64045322012793,68899168.24436405
12986.270038635967,8.0,1.0,1.1098336541169047,24.026281814354704,35259801.765996225
10729.226802321127,8.0,3.0,1.0311032173496129,7.35016162194333,38060152.093805686
14427.344058969215,5.0,1.0,1.0369601258771217,31.680990666178154,33315258.231919166
9279.419384766923,4.0,1.0,1.12876397036787,7.392106824874846,22619635.34284214
7313.638164351853,2.0,3.0,1.0129472228049172,15.405288191540219,22675194.7468709
9672.457577534122,3.0,1.0,1.2337439611789616,33.77589195861647,24528061.31757315
3892.4536389120767,8.0,2.0,1.0283977566209845,34.49235428188537,12506495.99724607
16053.491558172214,2.0,1.0,1.0304866319151458,35.75701621427768,35940394.15736885
5657.653357917326,4.0,1.0,1.1701839496260829,20.292068568386586,14266763.732691422
3578.511998938721,6.0,1.0,0.836508123617606,11.322886391430325,6764133.231446471
5379.2334905946,2.0,1.0,1.1932129508690876,20.638334604872515,13599459.177802734
16936.160944381452,8.0,2.0,1.1029833302952121,9.069387752491476,51530379.481907725
7005.905134595989,6.0,2.0,1.0718156685719848,32.176083269099095,19968528.47611548
13909.367468414464,1.0,1.0,1.2315517944247707,22.816116997995145,35533819.87289495
17214.346834721342,2.0,2.0,1.2549534692029165,18.135176975002658,52630471.84142597
2108.246538345817,6.0,1.0,1.3077565180474755,8.385921074424132,6262595.285879928
15441.473460454034,7.0,2.0,1.0248818724904685,18.157220304498914,43055762.859245814
6568.710047753182,8.0,3.0,0.9962226153520286,31.985748251703267,23873504.33530591
4802.473865170428,7.0,3.0,1.2286052608967117,27.102177974316383,20699018.76863672
13964.68817758766,1.0,3.0,1.1490829154842674,8.473665525328997,45502180.41054068
18250.054481024737,6.0,1.0,1.1790809278110899,10.797215991785276,45235024.38721543
6323.372649020471,1.0,1.0,1.133313744263501,17.76925472122514,14218553.092502754
11635.37582445579,1.0,3.0,1.2636158139223126,9.04125248057756,43089357.956501395
6222.781808680136,6.0,1.0,0.914024533095292,34.02123575979813,13428653.949877866
11353.140363092702,4.0,3.0,1.1334272796448381,25.568761338926276,40238262.07878849
12664.123394694207,6.0,2.0,0.8948610733661779,8.844690039118351,31080196.732331503
12440.506542529489,7.0,1.0,1.044351163574595,29.64172387141382,30782977.82982647
12696.79957106927,1.0,3.0,1.1983962940496449,17.052177857158284,43718004.66585702
3220.5479690199672,5.0,2.0,1.0958429649885022,13.346119336596626,9824499.383467518
14054.68510998236,7.0,3.0,1.0277549220033086,23.099548258190733,46028492.528578095
13690.156913776333,4.0,2.0,1.3309820008493636,6.4011639936162394,51989838.29255581
13842.209571007534,5.0,1.0,1.263695428698487,19.96192980312765,37588416.50654326
2036.9687231309028,4.0,3.0,1.115774471000225,31.314149792855087,7809220.07557615
9268.67354283456,8.0,1.0,1.3700318934052926,33.84172787956705,30619628.984009635
8535.281561687156,1.0,2.0,1.0546191736609962,16.276641132493193,21648780.51260478
2282.202782678063,8.0,2.0,1.2728437565528634,25.27309764495133,8826372.086547365
4913.937801198128,7.0,3.0,0.9007617438808507,12.804703151065006,14824708.866008103
9154.675056881913,7.0,3.0,0.9714754862663582,22.806392129541273,28632182.42667409
15012.382411246796,4.0,2.0,1.002851348800373,13.620831784595671,39870314.02933366
5199.004293502466,5.0,3.0,0.863492451622714,23.140695258823587,13685868.572042754
16697.148256423283,3.0,1.0,1.1010828890456408,11.151663518796928,40580610.84426221
11188.486743345591,3.0,1.0,0.9153560804758974,34.236976702822304,22517564.851113766
15352.18069258158,8.0,3.0,1.180511533669795,32.607524292218756,63078406.879716694
9767.586076735028,5.0,2.0,0.914055415743811,16.107547483465197,22307617.408203185
10284.367973191132,6.0,2.0,0.8741037544035652,29.29988666774828,24211760.639532547
12622.55615396502,1.0,1.0,1.3814520365593546,8.865123921965836,36126662.084360525
18602.62979841699,7.0,1.0,1.1949441834866636,28.210827261162716,58948517.46897146
10141.164079410453,6.0,3.0,1.361870548825093,14.473773888381125,46776607.742852725
10855.956239300845,8.0,3.0,1.0939326751959393,10.06925306027587,41680389.25203958
12278.741092434073,2.0,3.0,0.8200414778380246,26.34573653710841,30704435.19926101
14907.79366357588,5.0,2.0,1.1446227022588662,20.094204534581678,44006618.16245136
1993.8965084329457,5.0,2.0,1.134997332101425,21.904188051913316,6781727.236981792
10604.336307326259,5.0,1.0,0.8089853635619564,21.615893524137626,18107467.284392428
9942.876830597244,1.0,1.0,1.3167452266410988,7.783439463180586,24478780.137658667
18480.688694208864,4.0,2.0,1.1719824083698547,7.54140747278031,53212649.97614356
10174.027660465017,3.0,2.0,1.2468147016256876,24.035025118442906,33838466.17311528
9685.41837307002,5.0,1.0,1.0963526636945087,24.7159392706625,23341141.138528787
19266.67977757322,2.0,2.0,1.1710414627449577,7.415236695453438,55912763.692594334
9341.183393857102,4.0,2.0,0.9544819359371145,17.353179956634534,23422644.852208555
4109.157948248552,5.0,3.0,1.3842546606611883,24.385538386812822,17611483.94224216
4808.172782432293,1.0,3.0,1.040432004528599,25.70041967259229,14500102.786908716
2446.638243737298,7.0,2.0,0.8973959728025774,30.848272778296547,6661544.904228957
611.0217076235223,6.0,2.0,0.8335492510247764,18.621968507906423,1737236.70095761
8979.74582340935,1.0,3.0,1.1817031598512227,22.447733434409063,30182405.495933015
15523.306077185496,1.0,3.0,1.3900279107058733,23.35681126826452,59395600.25761783
14829.248990316815,7.0,1.0,1.337476698107769,15.36135849900957,45897884.938618466
1223.6923033752937,3.0,3.0,1.2212627404918481,7.6147620732483485,4785781.49717863
11657.668329724238,7.0,1.0,1.3943587573957164,6.12677778615314,34710800.484453015
3593.0926330214343,4.0,2.0,1.2336969572252638,31.083762483555745,12068766.993691064
18856.87992443513,3.0,1.0,1.0035506740408375,12.00695467567159,41945647.52544714
3846.880993097078,3.0,3.0,1.1607308798361038,24.907639924774067,13436152.484472025
12756.800823331141,6.0,1.0,0.8478599854913369,23.311424359317588,24725212.324011113
6929.024225982701,1.0,3.0,0.9330094941335245,17.988992302215568,18954201.257068004
13046.289723708433,4.0,1.0,1.0505241415570954,31.004799261019013,30794986.032106426
8597.816771403057,3.0,1.0,0.9210910961378271,26.95204787080137,17088318.564869147
15337.075214744058,2.0,2.0,1.3721006088969023,6.682243903175188,51039342.52138836
5075.175031360442,3.0,3.0,1.3973585160467894,29.30082220070054,22013480.761628956
18172.361946536646,5.0,1.0,1.0225615520729994,21.209964540052866,40520867.745494485
10304.06719667903,6.0,1.0,1.225537391646319,16.410578672485407,28009869.539986625
15268.207065629345,1.0,1.0,1.0446624383979444,27.806539695350338,30120103.13470069
17084.765713183806,7.0,2.0,0.8837055226317239,26.581968889388083,44439792.45413277
19977.275052523215,8.0,1.0,1.0021561086212651,15.317647136068473,48227660.88264169
4944.54591252279,6.0,3.0,0.9400230192293979,35.49116614493644,15130382.313596942
6165.712823131024,8.0,1.0,0.9968469322444519,25.4612546013526,14542119.534362338
5458.401882598632,4.0,3.0,0.9290130130386299,24.17339137361681,15995066.70024157
5699.703843899783,7.0,3.0,0.8674070714349479,8.096410904453162,15647284.898938239
11899.427985863922,6.0,3.0,0.9304570576174478,14.379563410342124,33181147.884395275
19874.336949029355,5.0,3.0,1.3434542190979055,19.409220069793243,81932248.72289939
19811.394889599436,2.0,3.0,0.8511330054659173,24.918771129290292,49170357.65908809
10819.40068842877,5.0,1.0,0.9948539862531407,21.382908921911334,22260924.102447778
12997.127879134672,8.0,2.0,1.117069936701581,28.890988004141736,41959962.22426963
17283.428547811156,8.0,3.0,1.012707593707014,13.877031374037056,61702789.796262644
18698.909093998,4.0,2.0,1.1105642570113323,27.06470985847453,56081294.36779106
4554.896170193151,2.0,3.0,0.8260520361406124,30.497911406734875,11694326.318116244
10853.709541483586,6.0,3.0,1.1891417800186266,28.9514992674886,39005908.583569705
16757.03886043334,1.0,3.0,1.138087280933636,29.125397537641003,56657254.45897112
6482.120286711078,2.0,1.0,1.208579759512815,32.65521171786496,16571378.239235934
9132.295424121054,5.0,2.0,1.140354689496342,8.525356274414685,28176528.48934565
19721.049369332955,8.0,1.0,1.062742149455398,26.91574714122309,52464854.21492267
19709.905916384898,3.0,1.0,1.0100849253764494,35.06034603349383,40265737.89236171
18178.472128844525,4.0,1.0,0.9358611140598657,23.209519496236144,32075095.18853583
16089.897889664317,3.0,2.0,1.1000406360839676,12.519489359531779,43023160.29026425
5821.131714022432,4.0,2.0,0.8156314714265043,35.962614173226385,13404276.094560413
6824.491436903437,1.0,3.0,0.9969444968595955,11.240318784644368,19692566.423407342
11217.287119374569,5.0,3.0,1.2067233761387177,16.066730921245778,40754543.61873784
11479.081066503035,5.0,3.0,0.8652302238118156,11.161865652515035,29631942.142744165
10406.7546955271,3.0,1.0,0.8377347453917172,19.935386062502047,18088429.893366184
12951.403430376338,3.0,2.0,1.191307163174819,18.56628028832875,37384360.07503072
8521.466639079983,7.0,3.0,1.0386648326854102,20.737226895317185,30142330.12176175
15133.97865192134,2.0,1.0,1.2810950219296287,33.839502001662886,38946216.56131041
7070.8685736800935,1.0,2.0,1.3623867823827942,20.349731575026752,23035846.4549831
7015.133740759239,1.0,3.0,1.3742242722395461,21.438789786409323,27161412.170325324
3068.1836607014634,8.0,3.0,1.0553557123365076,32.60046317755405,11781051.365730414
4261.016874561034,3.0,3.0,0.9585963345650194,30.53273982044497,13008603.239650156
17100.105051074337,1.0,2.0,1.1651682432454868,13.191660936763327,48537548.30273179
9257.877368460566,8.0,2.0,1.1769157555569418,6.387778656865506,31108223.02629171
5020.635059124976,2.0,2.0,1.173406961645538,24.88498776606153,15070946.842456609
15331.217340434316,3.0,3.0,0.9930671682313287,31.3454947151256,44429050.26257931
11347.233840847073,1.0,2.0,0.8382510418503819,22.585503378312,22709598.800747413
1010.4266216118936,6.0,2.0,0.9260029032953594,12.335307600385356,2789908.495170669
6737.412272332274,6.0,1.0,0.8926516568133402,28.240652720259206,15047798.950392991
4033.8273757540164,7.0,2.0,0.8743402074699862,26.0861784783381,9826114.226029964
13323.933503067108,3.0,1.0,1.3557699926429438,22.950976122256584,36930728.16487982
5935.602188226905,3.0,2.0,0.8083085875843808,31.900085220629514,12938612.100644648
1859.9675166729064,8.0,3.0,1.161114643541793,29.527270588170982,7873555.561591308
1665.7387904347836,7.0,3.0,1.368484277444082,26.03856274268341,8471065.287293201
11885.50958039907,1.0,2.0,1.0160318764964766,25.94276007069655,29265459.4658329
1021.4350406593387,6.0,3.0,1.1162588535034774,25.866079028948246,4262009.657660346
17066.566994840123,7.0,3.0,1.2174701980850957,21.754942347496918,70880659.60787646
3614.704113591147,5.0,2.0,0.9903018167949433,19.91764933931541,10668745.833867982
12367.386902791339,6.0,3.0,1.0865911926243494,27.28801378496159,46232906.09243032
9226.947743408466,1.0,2.0,1.2902617101996512,24.314834444106932,29020792.527316295
9191.31951189891,1.0,3.0,1.247213399168158,20.699416869016293,33122833.221594956
1992.8645617848897,1.0,2.0,1.2850696468957044,9.799840617331249,6403267.348535324
16173.393654116984,2.0,1.0,1.3924040981765935,27.057863659594965,45956740.850821525
17925.2182042131,8.0,1.0,1.0221964849617073,25.37995711733896,41172823.21181924
813.7233472540322,6.0,3.0,1.2482547577614638,16.267452779205108,3800627.67822045
4064.921008524084,7.0,1.0,1.1616707402611897,16.689694986452302,11097513.327058483
18135.74126263229,3.0,3.0,1.1999628603327177,13.40167152405757,65341024.34262667
11260.176088321128,8.0,1.0,1.2439243428997606,34.85745769095057,31288424.741398994
3510.7678180152766,2.0,2.0,1.2498387901677888,31.80604088606168,11618244.091717761
4534.134780617682,8.0,2.0,1.3314470895768917,22.831470882366503,16262571.547809415
13403.733138200014,1.0,2.0,1.0095930051416333,18.049594396755428,32162675.873084754
14661.446351589337,1.0,1.0,1.1920888136671464,28.1047579108927,34000747.34363593
12228.880086450743,1.0,1.0,0.9681742589581135,21.831845283779916,23904490.04427198
19091.078570303,7.0,2.0,1.156741223070185,35.27553101745342,66481584.68537582
10184.833911038475,3.0,2.0,1.2507050841031566,7.653678417664636,33030379.093602553
6425.275095565018,4.0,3.0,1.274600651696984,7.028572021604254,26730643.113319043
9858.318453530452,4.0,2.0,1.0520747017934737,23.0583305392012,28040897.497211657
7577.526097132252,7.0,1.0,1.1052321339208158,12.098376680667203,19942015.645065818
4953.668317888914,3.0,1.0,1.0003099107021036,24.129124906505773,11547498.33501018
1491.6870371987172,1.0,2.0,0.9014218079237784,29.44269085641532,3847184.7429045965
7432.922375163409,4.0,2.0,0.9563104431155194,10.143292835546184,17999877.422455117
14401.341345569,3.0,3.0,1.3472822029398945,19.218246725685837,60109115.309066854
957.6933757787599,6.0,2.0,0.9853817254455896,26.660012503480658,3213999.928847318
9120.063156195134,7.0,2.0,1.384855600127366,31.015907120189137,35948200.92033781
13093.782388127447,1.0,1.0,0.944886851129229,20.890322701090717,24402771.516078934
12441.83971798156,7.0,1.0,1.2338426524886268,12.184607607180649,33901524.930470735
15666.979656241088,1.0,3.0,1.1443419761431013,23.57397766756899,55036023.85282372
16324.082483800072,5.0,2.0,1.2181220297148792,19.635512061749985,50655446.15511748
14407.092925836125,4.0,2.0,1.1863747679655086,29.157762810134574,46057601.91839946
2594.275305208139,3.0,2.0,1.2240491501585535,22.667281926088442,8748678.018711766
9815.435413684598,4.0,1.0,1.3433282290612754,14.382685349112924,26230905.675929453
12306.075575259607,3.0,2.0,1.1380816976374888,28.631787591635646,34812570.14548669
5363.981152903361,7.0,2.0,0.8407092697423971,21.532410388858793,12640472.02392674
1425.5052623474644,8.0,1.0,0.9624952606681397,11.326396568349825,3504241.1137475106
4937.6522249953105,7.0,2.0,1.2249313882452584,22.892169694259835,17012088.546741482
9424.951393613193,4.0,2.0,1.096444776785404,34.44960179537618,27428575.108614355
8630.248189659258,5.0,1.0,1.1291311895718121,27.165487828132083,20323153.40688045
4027.339437746936,4.0,2.0,1.157948273228175,14.964100843739368,13559997.780070823
16593.66152805976,7.0,3.0,1.029577563790742,27.32619525878574,56838885.33369726
18558.321373492457,5.0,1.0,1.264337315052713,14.478189330065367,51704005.90134845
4506.157389622675,4.0,3.0,1.234120930337929,22.280665126237857,17214477.406278264
18633.7145620041,4.0,2.0,1.2285796473158683,21.797872913626584,58052797.47687889
946.502607998508,4.0,3.0,1.2291861044209669,13.421726367354111,4198373.687915776
18544.271970514743,5.0,1.0,1.3342148009925485,16.436435996394543,49382141.75067227
19067.418527569615,6.0,3.0,1.1572356676659645,34.26544364358137,72402226.53437376
833.8061425089489,4.0,2.0,1.380243319698175,13.51795609246301,3146890.4450297137
15402.574357468913,7.0,3.0,0.8715156106343828,30.030811308929575,44021670.38234459
19421.910507854962,7.0,3.0,1.1791753859563185,26.0211174003642,73778866.07876317
18174.5030450649,4.0,1.0,1.2301559275614773,21.978873975772935,45546266.4072269
19431.777127206533,8.0,1.0,1.0863322465726157,10.125446083954904,48688898.267302625
11276.276010534202,2.0,1.0,0.9729250318741619,12.137122581191335,19947995.043966603
2116.2291137765324,8.0,2.0,1.1300224716266594,11.369328707712118,6939253.6141263135
17085.9104374177,3.0,3.0,1.0188486081744217,23.60382776921257,52493132.89861474
12508.268162694825,5.0,2.0,1.3454744426406897,35.20149590155434,42846506.71736676
12525.892837252808,3.0,1.0,1.014075447519953,32.31717788324984,28438804.581137173
8694.720031258512,4.0,1.0,0.9054241956212775,6.757556487887317,16275058.15291901
11693.734344509518,3.0,2.0,1.1458334840992717,14.211798733870395,33796829.74276406
3579.447714270622,6.0,3.0,1.0375955548282216,10.717723768110664,11887581.816219756
14951.538515383316,1.0,1.0,0.8575388868805046,35.27033525693705,25799284.058992673
2055.3357626199213,7.0,2.0,1.138905410598745,13.068307037934451,7142563.058230555
14757.746880649565,8.0,2.0,1.122707846699421,12.039395551163818,51676242.36252231
17070.181398922166,5.0,1.0,0.903918251979917,24.626258807467778,34718623.24615201
9765.892344751072,5.0,3.0,1.1585829013759057,22.685597507243592,37606780.14214441
10490.709101506758,6.0,3.0,1.1404153843144933,12.775544513437046,41333747.46072829
6656.956894688318,2.0,2.0,1.2641675738249545,26.110945936117265,21567510.839227565
19407.496524276397,6.0,3.0,1.0169419579055807,8.910216338840675,67490838.43732269
14822.61480645518,2.0,3.0,0.9492557141981836,6.581071980926765,42575861.273020566
7758.377934026692,6.0,3.0,1.3707319321824651,8.472443721190405,34506781.61711775
3991.263292920298,3.0,1.0,1.1367305136696728,16.94604677927318,9849256.235007953
4859.844088720572,6.0,1.0,0.8162839753305082,35.250489836244526,8885645.810191566
9600.092350534971,7.0,2.0,1.292427010467046,22.417409964280917,35211598.13333389
18885.826966098153,2.0,1.0,0.9180548365513644,28.641783090464013,33186676.661627587
14842.439107761811,5.0,1.0,1.271621790587506,15.64487256694678,38218419.191856295
4775.728714675506,4.0,2.0,1.2230974562935788,27.580171964499876,15881341.757150944
17275.48598832662,3.0,2.0,1.3812882345578943,34.98543594367072,58289242.292361096
7937.090146387814,5.0,1.0,1.3793475809567157,16.732826708461598,23894992.48109021
17123.41034539886,8.0,1.0,0.9646463747934559,35.971783042050745,38960796.61133764
5288.97220083394,1.0,1.0,1.2598697487340509,25.152298530949984,13722212.31398753
12602.015871564561,8.0,2.0,0.9901130514679544,28.457742373941716,34599531.39823213
18577.40746877687,7.0,3.0,1.1775187632977566,13.565017165444498,74624715.94065768
5603.143777467207,5.0,2.0,1.158647650972756,25.292723075317248,17707947.89280875
14042.775857365586,5.0,1.0,0.8327261093726989,21.330187543871624,26068377.181534056
19753.86482716859,3.0,2.0,0.8031090499012146,34.69207936432308,38891076.91467795
3521.606772514268,2.0,1.0,0.8346584087568858,33.140251433685464,6655692.703485165
2315.0044395930836,5.0,1.0,0.8767652285190447,17.900177967752317,5011979.1157420445
13679.386733429434,7.0,1.0,0.9545914948086642,34.406092546147,31312995.92590241
7190.877386331189,2.0,2.0,1.3441731339455374,32.54437658250029,23807175.567362957
1982.1428609118677,6.0,2.0,1.1111796052080118,23.711515511074175,6396874.112707805
9820.92898694192,6.0,2.0,1.2781350433044731,8.46353726368621,32754568.97455239
15223.151185092742,7.0,2.0,1.3029870512643247,10.823707219786133,53572214.21950326
6131.374568054662,3.0,2.0,1.2409658591543247,8.306227340214006,18297235.083364256
7099.909423599614,4.0,3.0,1.0348310746523433,9.239793439471832,22615309.671633072
17006.56837255126,4.0,3.0,1.3183156363045896,35.30857123179233,71334015.745406
10689.395097872868,7.0,1.0,1.2452298519925522,12.365018976484569,29211450.650107015
16949.000194845557,8.0,3.0,1.2458908660430315,26.72563747021989,71123662.71197397
9259.956147587964,4.0,1.0,1.3409445962993414,25.09584773048309,26421606.69642606
19087.718134266008,8.0,1.0,1.1591980834746103,24.934345945590113,53486550.84124106
13225.415040524093,5.0,2.0,1.1171446579773059,12.201119987880894,38348567.76010864
2848.437987193439,4.0,1.0,1.334097534558245,23.380397831538286,8353722.766401944
17770.803971599933,1.0,2.0,1.0726770368985181,24.766150487548547,44799595.98016189
10091.744702117478,5.0,1.0,1.2869424176173057,23.112159499353332,27142131.42711953
3347.795978674357,6.0,2.0,0.8323078162668847,11.584874018270359,7978271.734116174
3562.188596523562,8.0,3.0,0.8007739666737933,27.69181791224127,10189264.841276016
13938.158341131513,6.0,3.0,1.116975493762614,8.197294857495331,50231582.67486042
1519.0266305521018,1.0,1.0,0.8441671362898282,23.736000354588658,3251654.0676691444
6159.919039327978,5.0,2.0,1.3859258080718382,19.0877799720394,24241711.80271191
3311.879255115441,6.0,2.0,0.8033007044238794,13.508597793992209,7025643.440807227
9156.902134575314,4.0,2.0,1.2308897818991877,30.221669670784163,30608203.76746556
8638.46317669061,4.0,2.0,0.9460308174717325,11.276777000165517,21559180.43957368
10724.402832963804,7.0,3.0,1.3805312031632337,33.98945279693853,48462715.3568103
6024.944784589086,5.0,2.0,1.0289249903767377,32.53695084963561,17404530.45446382
1221.6456339366378,6.0,1.0,0.8163700557583191,16.817626414862488,2428183.22039377
12519.090466782603,4.0,3.0,0.8161614592452697,15.154587925757799,33536671.96236458
7850.129255917616,3.0,3.0,1.132024023034813,10.124600502567064,27399039.73126207
13235.8989755569,5.0,1.0,1.3920271874187686,33.48983447801868,38961578.12738899
2708.139233602808,8.0,2.0,1.3878641210274316,24.82595576469816,10956976.33872704
867.2806927045765,5.0,3.0,1.0023637833735595,6.953507464302095,2701679.825374224
5416.908408974679,6.0,2.0,1.0896221895133382,21.32998243684831,16262854.199675852
9457.018066084613,1.0,2.0,0.8602734834786897,8.573968434881607,19358679.59816599
8244.996298868266,8.0,3.0,1.113306113595039,23.212520548585253,29659120.474634375
16319.869572305248,2.0,3.0,1.159820959428964,21.268851549624372,57559903.64389759
7930.050297340785,8.0,2.0,0.9506369993667927,8.485381365081661,22567548.03135261
10890.558884299731,4.0,1.0,1.1672686615491044,30.475817793503186,27379863.768646277
12114.202493378529,8.0,2.0,1.3398156510177524,13.86951531498833,45553760.638425775
1023.5289979287452,8.0,3.0,0.8005732000540884,22.24453092500097,3357532.044664579
10593.587510816067,7.0,1.0,0.9373602645847667,25.17116629891603,22879334.893641215
7289.726432337455,8.0,2.0,0.9259517379943629,34.869136007254994,19044846.746217776
8772.83447705514,5.0,2.0,0.8743317218202963,20.81435078639538,20227880.66341836
2545.575530807855,7.0,1.0,0.8996607276422611,33.5194731686377,5902825.631891383
15786.718973583716,2.0,2.0,1.1755475272192326,16.64572024043097,46526265.109473586
18882.642465685338,1.0,3.0,0.8616166340903856,31.723116049499847,47179047.927065924
1032.0151202142401,5.0,1.0,1.243118965412433,13.074786808542502,3104634.6575097367
12266.631598540149,7.0,2.0,1.33221355433503,27.224392873062534,42991399.9174553
15418.574905394147,7.0,3.0,1.3559526345070214,8.658359812649895,70567731.35927273
6125.267219807854,5.0,1.0,1.1961054885918205,35.58151070050978,16607075.58508021
15878.578346346405,5.0,2.0,0.9184378463801697,34.61809199587104,43385442.13634529
12867.687984866245,5.0,1.0,0.8511779453239448,19.26640915552133,23603440.810721338
18625.75506605876,7.0,2.0,0.9392149722841998,21.718056539707607,49456972.103250064
19631.493340263194,7.0,2.0,1.3771743114710255,23.933245869540663,83729948.5992831
1421.5146115748732,1.0,1.0,1.3774071210504273,14.251126790690101,4206795.18993547
9231.79256392392,5.0,1.0,1.0291513303510051,26.234143056154878,20978403.78404694
11211.563079017433,4.0,2.0,0.9954749246585304,26.95685839813548,28305524.001566973
3446.818724228458,7.0,3.0,1.106006349355439,21.75229476975827,13835344.0524587
7123.945110290817,5.0,1.0,0.9750128548804404,10.43222077455653,14456970.751210185
19760.360486475358,8.0,3.0,1.387797470993338,33.575578316748,94256737.94439256
914.870853043946,4.0,1.0,0.9327328340147465,9.451352470368459,1986717.5597683594
9378.653871573051,6.0,2.0,1.0214856093096611,24.875165061315343,26287703.11820274
16947.499661333008,1.0,2.0,1.057622525420107,9.092657898292654,40781933.062185705
6883.684496754196,8.0,2.0,0.8750384138486973,10.383021273987678,18172345.53768517
9908.090953449975,2.0,1.0,1.029694896062078,6.61614942086487,20328842.02259171
19574.087468286813,4.0,3.0,1.314038432061184,16.90092251570279,75374907.00254086
9812.610627628655,7.0,1.0,0.8842166008740551,25.187476932661134,21093173.81929428
3139.8734556420814,8.0,3.0,1.1504131704957123,21.64632659198616,12382513.265260687
1603.3969383279866,4.0,2.0,1.0439822828360101,26.236174537454573,5041194.461597038
18941.081505335,4.0,2.0,0.9023220356704729,26.250565826128586,46257095.1958081
5756.702617536274,1.0,1.0,0.8074016986695235,10.20521231982716,9495369.547182618
10378.839787352288,8.0,2.0,0.9640059820939402,7.720122102651467,25911779.100104164
2359.614262145391,1.0,3.0,0.8370973764188012,24.760744213040095,6422210.391501262
8818.909338681739,1.0,3.0,1.0260610827780412,25.59672914925728,26322462.12772397
18644.047073452406,4.0,3.0,1.2861259134196072,22.701112054251134,73057593.96260966
10346.812076440205,1.0,1.0,1.2318111565265675,13.372873989722121,25077799.169466384
19440.02194496516,2.0,2.0,1.3684302270210602,30.322956509467616,61936413.74092921
5621.4113624055535,6.0,2.0,1.0562092504022416,8.270580464887713,16362525.163273616
10388.17765025638,6.0,3.0,1.2246808391551116,24.96935367964078,39154554.86698388
17274.89736110091,3.0,3.0,1.199205033261212,9.612346076381165,61521818.43974431
9296.09567834263,7.0,3.0,0.9302277818949558,25.633431492996888,29164132.980236754
6022.055047261678,5.0,1.0,0.9821495031395951,18.531773634704894,13714966.505563091
17196.222050306904,2.0,1.0,1.1178977200386562,27.54309166313014,37829521.346912205
8163.855696128615,6.0,3.0,1.277994391403553,7.565766074308041,35594430.83816475
10896.031846568541,5.0,3.0,1.0770876406777594,22.65248965441104,38773538.39731598
19544.625088453824,7.0,2.0,0.9366449217053163,10.346336966402388,49911960.13856397
4217.77591826376,2.0,1.0,1.3960794141682218,26.47144894831421,11879805.976530615
6447.172352371603,2.0,1.0,0.8693472838122012,9.598668939350471,10781782.388192387
1202.750241354895,3.0,3.0,1.3735333444947966,8.207499688557775,5204818.838533381
8201.651572255023,3.0,2.0,1.2854277730582933,27.39368394550838,26448564.79004687
4483.558553346275,8.0,2.0,1.303336111584711,7.905958037048469,17476600.783087645
13792.677746913094,6.0,3.0,1.2769505498548996,12.735924537945483,55245121.65390801
4117.636300057537,5.0,1.0,0.9249025647827732,30.742055913770162,8615602.609871643
13691.367396673872,5.0,3.0,1.179549426437145,30.29064923424679,51866610.62952435
5711.423306872763,8.0,1.0,1.254049887470559,31.62377273342328,16729425.211661147
7491.225981951276,4.0,3.0,1.2474114752609908,15.782996687661411,29034145.83348049
7367.896649700111,2.0,3.0,0.9629392223264466,21.84144086250628,22110779.447438564
14504.983953174022,2.0,2.0,0.9086716326582088,29.20042057818456,33308930.800387956
9650.279704883855,3.0,1.0,0.9968737903487295,10.109565450332415,20046445.453282543
7609.198637742052,6.0,1.0,1.087906688226435,27.731726376471546,19008079.123666443
17140.880749365326,4.0,1.0,1.144268448238206,8.924590481839639,38538872.644180186
11695.842137439333,4.0,3.0,1.3021702173914962,33.39751825880603,48240206.502164654
4748.3179327931575,4.0,1.0,1.2614205366227695,25.119305475348774,13268075.450494671
18061.770795987442,8.0,2.0,1.2056903153999097,20.799159380692675,64142758.35096893
7247.4157430526275,8.0,2.0,0.9580935757656563,20.541877640014924,20581733.47240953
1356.1999242240156,2.0,3.0,1.087328299360966,11.440861435347312,4556689.289436945
10195.244345104387,1.0,3.0,1.0012615244767766,16.37752117363961,30720868.327339556
3004.3982561530293,2.0,2.0,0.9409569077303205,27.813709959514473,7560243.125055832
5226.249008085406,7.0,3.0,0.8061472162300877,22.228308625631655,14506237.317439465
15093.950930135774,4.0,2.0,1.0036771823424144,21.879186123007884,39139305.25424358
3136.5851795005806,7.0,2.0,0.953669760628773,11.857376836367383,8710293.989123296
16254.717952468292,6.0,1.0,1.14314139618009,26.71086935861052,40806876.83819679
18776.0013897405,5.0,1.0,0.8373810621702273,17.76101703184051,36420965.66556598
12366.722747914127,3.0,2.0,0.9623117580261207,11.482600153156024,32719846.844542146
14380.968325242888,3.0,1.0,0.8268616939930492,34.31354254788988,26085905.97780911
14443.580232203898,2.0,1.0,1.1848507427080617,21.203962405968156,36877200.26580823
19860.474371046632,5.0,2.0,1.140913735141175,21.841099425370963,56649369.72311635
7225.842286711483,3.0,2.0,1.002488013844684,35.44115730644418,18052223.31551423
3759.417094108428,3.0,3.0,0.8884007602613263,16.992184115114803,10285344.35332928
10671.844357337837,1.0,3.0,1.374751899661241,34.29062053687349,42740382.70483294
10945.046310735139,7.0,3.0,1.150635468433168,26.8477608340644,41614667.322416775
4051.502272945203,8.0,1.0,1.2074680199432408,24.992868982343996,11056447.97730715
12494.322728486306,4.0,2.0,1.118809251961671,13.032549058274418,38067328.57971282
874.019829450385,5.0,3.0,1.283919948587723,7.552670171633704,4026233.771576284
18596.7670076119,8.0,2.0,1.3378280297288727,19.133515148554164,74257347.6767414
5732.740989732476,5.0,2.0,1.0296263261585779,6.305128859871752,16423906.82766211
1367.4680427697213,5.0,2.0,1.2140151873383664,8.130075323111503,4627466.35307574
2700.0391646122266,4.0,2.0,0.9379324907278381,23.85980267083119,6889797.046510075
5260.829596625049,5.0,2.0,1.191113028297223,27.734154992190824,17286238.950398657
5913.779670957278,5.0,1.0,1.0394933779859317,11.038449957728307,14595810.984823398
1236.5139902559363,6.0,2.0,0.8040689596407831,27.975012380213215,3336187.388465054
6019.483356558346,5.0,1.0,1.3733167210535724,34.49177479784255,18255889.95938234
4343.069687973553,5.0,3.0,1.3210649273232313,28.2952824217859,19522386.473059703
7945.24599222966,1.0,3.0,0.974501930207617,29.541456587250988,23875752.048298735
8072.254104705803,8.0,2.0,1.3986543885397162,27.021377408051155,31411409.786029167
7176.7501676958545,8.0,2.0,0.9902766047339204,12.742123213642536,20147247.061188523
6961.723340495658,2.0,3.0,1.0753065118754448,16.82669826467508,21841624.371090617
2340.786788180274,3.0,2.0,1.3107554157046502,34.47800888309452,8617767.496080426
1088.9759742475462,8.0,2.0,0.9827578107968246,25.83631736910356,3825621.552062213
4521.017423035451,3.0,1.0,1.0703241706325,29.670742018022167,10307026.80132362
15278.998891882338,7.0,1.0,1.1993523002739532,35.06083856534032,43799449.03424579
19821.709451691768,7.0,1.0,0.878280532863457,12.943107615379972,39523361.671503656
18613.407796112184,7.0,1.0,1.0534102212150307,15.650600019796604,48488912.33925037
10381.855497432713,1.0,3.0,0.9856459624169759,25.344049585034988,30177188.431561105
10917.382802091925,4.0,2.0,1.2060645835188908,6.73072421352022,34006956.154392116
6702.882439295346,5.0,3.0,0.8815816340362231,23.136572320011172,19542726.045302175
15614.425109570531,7.0,2.0,0.9396388874605625,30.260651385434965,40694713.32449177
15436.279745893384,2.0,3.0,1.2268257222514896,24.313301214723754,51913029.93292645
16978.883737099422,3.0,2.0,0.893734621834469,14.861798516883326,38240101.7954486
17972.788797619556,2.0,2.0,1.0532115573439338,27.72312250008185,46774299.3301167
9026.375415570737,7.0,3.0,1.2277284332555711,10.380948740398367,34250659.17263335
15477.386021279633,8.0,2.0,1.2592810306580031,32.8432040783555,55620980.16388792
16244.135338640044,2.0,1.0,0.8569287072030011,9.027450931213663,25729251.11789412
6584.116676456353,2.0,2.0,1.3111973656516869,31.904734012873043,21728535.408643488
18627.29953371931,3.0,2.0,1.2343833806779798,20.934282832086975,59035980.27485307
2430.225151209316,8.0,2.0,1.0035767532159883,18.859410104634055,7377746.40742035
19888.822075767686,4.0,3.0,1.258281711398144,21.01985281726294,75928759.0873049
15539.759932282066,3.0,3.0,1.2369793192043954,12.006189092787636,57625246.776158996
2409.4555632919487,3.0,2.0,1.1605347359050313,19.730567386764406,7303362.961618279
13330.855173237012,5.0,1.0,1.1350887040435067,31.491594476959754,33259176.777424857
1263.0805720082471,4.0,2.0,1.2408220933397511,30.028657266563968,4805382.006003418
15541.626819217148,2.0,3.0,1.3995559410232725,10.891456034739878,61515570.11165094
16104.924680185673,7.0,1.0,1.1471313495895312,26.202629343871852,42534685.89100693
12286.758909974085,4.0,3.0,1.2852307230573488,31.70511794896276,49687544.14874076
17223.091603181467,3.0,2.0,1.2465642303893496,30.593027658564278,54503657.13765721
2498.9356361682785,6.0,3.0,1.3134850412202952,18.76897329891544,12057742.33321968
5952.922535591776,6.0,3.0,1.3727149168304829,7.442785210383475,26237966.757336583
8635.043918897809,2.0,3.0,0.9158499244764892,33.93508268921248,23683287.81168271
1423.6842848651067,1.0,3.0,0.8992757818370698,17.87655347544186,4026525.262872873
9295.392098880624,1.0,1.0,1.1518110970489404,16.82929911769031,20471296.15379651
5745.14104858378,7.0,2.0,1.0695770377319027,28.78544833436439,18164532.360666655
8219.059234774008,6.0,1.0,1.1424336157515014,13.919166464760677,20371714.05290279
8846.991060650746,7.0,1.0,1.278825640691305,31.04243769501876,25553156.156903166
17660.58762966109,6.0,1.0,1.359028688029548,8.281546824579468,51721717.39702207
5844.614828236197,4.0,3.0,1.050449495119135,28.221336021486326,18746482.45450676
17938.616697095676,5.0,2.0,1.2307595873261747,34.973684713245945,55016785.777296856
8863.836717369275,6.0,3.0,0.9180795127048457,35.873063906225205,26488590.01301931
6959.469781463328,4.0,1.0,1.1207311696127142,33.714130801924995,17793572.181092806
10348.733757101832,8.0,1.0,0.813082866668312,32.12287216218928,20240749.64872354
8704.219755439088,8.0,3.0,1.1022503402798582,14.366406733731907,34515823.64458922
5593.022873269834,7.0,3.0,1.1272018754753,34.99945087889292,22184833.234599136
10351.978901043698,8.0,3.0,1.2412672014669988,33.836897814430586,44795503.93452756
3544.9536217293266,4.0,1.0,1.189690874124195,22.0311752107556,10098738.058102248
7427.440894645542,1.0,2.0,1.015038040583481,18.062329631810385,18473417.889433336
11576.330255857358,4.0,1.0,0.8034385404278729,9.278017606745646,19778675.47859809
8620.119941163255,6.0,3.0,0.8692915241737694,23.719022334753742,24607390.780684687
16583.89980438545,7.0,1.0,1.3838363921104713,27.01637845566593,55359135.61933628
5580.402173782225,4.0,3.0,1.3533998949891834,18.11989749544587,23594391.11785664
19413.568629321595,3.0,1.0,0.9950558978486872,18.18088681891596,38969846.86740279
15823.607204516216,4.0,1.0,0.9553117639543326,23.199341721429114,33026423.020573158
19371.30470435096,7.0,3.0,1.0618497762140224,6.833522877214854,65380352.32690846
16859.8491637079,1.0,2.0,1.2139640177672435,34.73597689160247,51056525.34191693
3356.816161521868,3.0,2.0,1.0140966035947843,14.697171212901281,9093938.052862953
10813.325758319266,2.0,2.0,0.8403763086386934,10.226725853066403,22439036.289433565
3897.583311198243,7.0,1.0,1.041677055466638,6.164651884037712,9468265.708727453
16473.610640968793,4.0,3.0,0.9563533966888591,31.7067462415714,46141117.63342651
11932.745694155941,1.0,2.0,0.9949580067267271,31.896221273990072,29482536.469824184
5710.916698523972,3.0,1.0,0.8977743474723827,8.859198135531305,10520827.06077601
18634.220056939124,1.0,2.0,1.1953040416673884,10.56723908666403,59871236.06962702
2834.609434296657,4.0,1.0,1.115978559947135,19.43706693773304,7161488.178384678
11538.930627343492,8.0,1.0,0.9625178703772126,11.571125191989468,25122908.04490433
14588.186760534474,5.0,2.0,1.1323174887837448,28.074634105102707,41867662.664525665
1741.6616242491766,7.0,1.0,1.0956247083003428,7.74119237117167,4706231.984624332
12198.40704420035,6.0,1.0,1.2775849139396167,22.49127997157598,34264224.249094054
16428.483579984026,8.0,2.0,1.3735905616041209,17.483746953417125,62045062.142113246
1910.0298997102354,3.0,2.0,0.8784023053871937,19.948394510767546,4790285.47129906
10537.513639468565,8.0,1.0,1.3303480873447897,18.742713530868052,33435532.974741384
5616.009256085556,2.0,3.0,1.2228781629709413,10.59477547603961,20842581.232464496
13460.734359816264,4.0,3.0,1.2155321271787427,12.608444559256869,50484002.69189838
2902.3409213295913,6.0,1.0,1.0245805382854833,7.944230967312798,6764924.525816517
18778.797755007832,3.0,1.0,1.0063449172789527,9.458567258972138,39291340.288706
17957.734485265795,3.0,2.0,0.8033836908935102,35.33684467256745,37740424.629166506
4207.903745588757,2.0,3.0,1.3893229247823846,14.393604350317558,17734231.908426736
6871.35815668303,1.0,1.0,1.1639034994238293,15.210766180186926,16674965.785721397
12000.118508269035,5.0,3.0,1.0413971743543553,9.813189912963631,39512040.25150936
14530.409330704459,8.0,1.0,1.126261293135307,28.654926134902546,36964273.09205204
9187.526694109009,2.0,1.0,0.8243162204577575,33.724284305618454,15888260.770300204
3632.051646042916,4.0,3.0,0.9041905731750013,29.69251611199953,11129622.82571169
2620.538979775709,8.0,1.0,1.1740159549780416,24.378474883025156,7111324.163115981
19995.447536138272,7.0,1.0,1.1085570378101721,30.396987468317285,46872594.01408637
9433.831156003653,1.0,3.0,1.2722448937565798,18.126906987985752,35932353.32824225
17527.115933480865,5.0,2.0,1.1952456142672023,31.784920652420624,59511721.35475141
9958.09448980482,2.0,2.0,1.1608614055876323,29.95556548914546,27709343.50529682
18493.738187792464,2.0,3.0,1.289159422583188,6.051739327689571,70078389.49572098
2302.5320257680814,2.0,2.0,0.8409578633311404,20.633824047525508,5194851.820925677
2811.972311890289,5.0,2.0,1.2145320778587712,13.938497282376785,9266967.620558169
18634.86444184995,2.0,1.0,1.2293544279734092,8.586987491030865,46565967.67629095
18981.365073868827,3.0,2.0,0.9650981298080066,31.385881282433246,44520305.99705925
6705.518480828049,2.0,1.0,0.9173897818924367,6.238490529033669,11899963.816226939
7490.198807681114,3.0,3.0,0.9283114852735995,27.90490506166081,21246047.583867755
9377.534555794306,6.0,2.0,0.9188845180591966,35.645763629915585,24016224.88834891
8673.536593305442,4.0,1.0,1.1142693145421567,20.46059300118707,19835558.523046836
4286.877189616175,3.0,3.0,0.8813757868194971,17.13721589824304,12105807.147355787
18028.482448423867,5.0,1.0,1.1955715168516101,24.1749886342414,46056118.15890388
5514.167453689488,5.0,1.0,0.8630469553692618,30.140934829430165,10776596.18037672
14282.284743866441,1.0,3.0,0.8161337841861538,13.207559813258365,33929849.946356244
1902.820148058474,8.0,3.0,0.9915741454675226,13.521042874606087,6622082.289153495
1351.7758316515317,8.0,3.0,0.9151158342398247,24.215340422605404,4906942.638453292
13282.37116799226,5.0,2.0,1.3931972332460494,34.19639462562916,47852068.425939195
7176.907636921251,5.0,3.0,0.9817977803703304,14.953199272762904,21208262.96268852
13315.912218768026,6.0,1.0,0.9332384516153083,17.302639896870392,27350952.785575565
2424.011322075309,4.0,2.0,0.9180618940995288,35.79999904380868,6652502.758733302
19027.11677036775,3.0,1.0,1.0243117428820943,11.286664956195473,38192819.08987843
15121.18065772605,3.0,2.0,1.1635093371989467,8.309045051259123,42071059.6779186
17599.584320700505,2.0,1.0,1.2691671650277694,23.692657166418183,45567896.14858202
3247.528748463512,7.0,1.0,1.018745748645841,6.72800965264899,7357320.565996912
6811.122796521666,3.0,2.0,1.1755825880256736,11.412996938244682,19274145.758689515
7745.876785603075,3.0,3.0,1.0892359389676325,24.66627542071404,26863369.084282216
11021.14937754028,8.0,2.0,1.307897207752039,25.785372020739988,40250046.981751055
6359.248618843837,5.0,2.0,1.1414250662950611,21.31275748942859,20601384.5208636
1776.2363984744593,5.0,2.0,0.9739350031274601,17.5124413868815,5010549.153707746
7756.240586306932,2.0,2.0,1.2221523543069535,23.28592753265545,24183049.26586005
5538.256703769273,3.0,1.0,1.2920386928137975,25.30157259099716,15154416.127579795
8086.8730543863685,6.0,2.0,1.079264394058379,30.10446138874952,21735155.935723446
4421.015126828509,4.0,3.0,1.3923183433293913,29.782524846295424,18711961.926822953
5680.789666555868,2.0,1.0,1.327458127514788,25.944022965448436,15642143.02038392
12762.875404386014,7.0,2.0,0.918172801799295,32.82697749685397,33647635.847491905
8130.184390814462,4.0,3.0,1.2720535232937422,31.140757607862565,30139919.60186275
7300.4378274881465,6.0,2.0,1.1605707466098596,9.997380246538206,23076571.814195797
10957.769274814034,3.0,1.0,1.1208867786847008,34.7003832397045,24847899.66720269
15574.09449237216,5.0,2.0,1.108363151947741,32.75226906953761,46825192.83508437
7950.03835315037,7.0,3.0,1.3120466856694573,15.627815385238794,34550879.36794373
11997.878155583307,8.0,1.0,1.166523673342069,6.605532558211184,33191647.99272527
19344.33093214262,2.0,2.0,1.1226235910322402,24.119278402748623,56330750.01142562
10726.414213890183,6.0,3.0,0.8293159440548294,19.15252730599164,29532720.403256297
18250.07298444036,8.0,1.0,1.0689817218551343,28.48699987758396,46975051.716086484
15997.248910574683,6.0,2.0,1.3448249372273047,21.737992935258674,57808276.08794214
1739.1424240129043,2.0,3.0,1.2270420376067714,8.294713057528403,7168701.712256229
8924.518106503583,2.0,2.0,0.8305723868336921,13.340622607643276,17662913.72980021
14147.377112650609,2.0,2.0,1.3303953692906254,32.47571268379589,46118473.926372476
19742.21110149508,1.0,1.0,1.2960003328262324,7.1306908714515025,51876065.648475915
9492.500048533344,7.0,3.0,1.1280105269417167,28.10009008194861,36874592.620363764
2400.037810058745,8.0,2.0,0.813443279109369,14.75830523854297,5988953.75418356
11502.977989429635,5.0,3.0,1.1374577708202804,19.579194091274914,42629548.491761714
3055.3375672048296,5.0,2.0,0.8327534299558557,21.93016295734826,6659810.858925897
15179.479469420232,7.0,2.0,0.9922273757824882,13.502440719216033,44571415.32658461
10448.93375075849,4.0,2.0,1.1773457713416433,25.558813289929883,32114086.396561045
14634.568546519358,4.0,3.0,1.3477478503293046,26.803266542936285,64143488.225637324
17465.61944144336,5.0,3.0,1.0146773823556872,8.551784390123252,51235600.07802289
12801.591532957877,3.0,1.0,1.3160142697300719,17.21781227554262,35283260.24950878
12481.322987511723,1.0,3.0,1.3510166062403097,28.331319036188745,47667138.00277161
15238.663731528846,5.0,3.0,0.8126263282743886,27.649126795233958,40417244.32530244
16943.62702818175,7.0,1.0,0.9436567026515189,22.338100317157174,36875539.96069376
17459.643453773853,1.0,1.0,1.2259173795364993,29.330243396040423,43093072.52399958
1306.7457962479361,2.0,3.0,1.254105825847729,9.229346791195297,4805517.133941497
11390.091757877113,3.0,3.0,1.0354501101302325,9.546338035335902,35450851.046713375
4795.6246100724975,7.0,2.0,1.194052767663713,25.724679008890345,16328976.60643518
17290.710281166597,5.0,2.0,1.167295170417221,26.800016036853865,55023037.53480899
13178.915092945206,5.0,3.0,1.2438649769606358,30.43580565963211,54216059.007752165
8752.3160932293,6.0,1.0,1.231195056647073,11.431106333197711,24069213.83854815
4249.222025554215,3.0,1.0,0.8515224787942168,21.503149782933153,7540442.628490141
7177.058342844633,6.0,3.0,0.8949501085640366,25.824938914067474,21331114.902430434
14253.287274080356,1.0,1.0,0.8796362883555896,12.710987214870451,27352975.25878609
4564.575177105793,1.0,2.0,1.3594880419056912,21.507835967819723,16446831.948541895
2415.5091395644313,7.0,2.0,1.3481255890117936,25.153350731717882,8472389.039886048
17827.75790961449,6.0,2.0,1.278447361758182,12.43348534433041,62005540.3143921
15425.680781854266,2.0,1.0,0.8700311364055756,17.266902307504242,28272795.878416777
4476.021654767772,4.0,3.0,1.1445628819517515,12.49016430407124,15891367.241163231
6270.843942541838,1.0,3.0,0.9123383756539108,33.08828713285796,16817133.11211551
19458.16143633918,6.0,1.0,1.0210303625352815,13.103966457899753,43442736.48506837
14338.779043126877,7.0,2.0,0.9602547659824477,9.62503877957391,39087426.790707745
12444.1268817482,3.0,1.0,1.2973585888924795,7.0546593458143105,31705571.50991794
6567.992617228128,3.0,1.0,0.8866708397115639,7.348604172340505,12683321.677994866
6403.027796830532,2.0,3.0,1.1877075011660454,11.747587049004508,22459159.19690826
1366.758202590471,4.0,2.0,1.3903367982657,24.24625533920857,5302777.351707452
14732.548217897469,3.0,2.0,1.21223274995218,6.52949623533368,47200030.20718024
1437.59936610356,2.0,3.0,0.8475400934041759,14.602317742714416,3681829.415384687
694.2323528792133,4.0,3.0,1.3447097011775149,7.7450067396989795,2985942.1800077227
14752.204704502996,7.0,3.0,1.1858478066137577,18.10976310897503,56467442.69877433
19008.15088869303,7.0,3.0,1.073786587763122,7.457302134895729,72835332.40203677
15276.159125909824,3.0,2.0,1.1958154871246711,24.22625329862484,45361709.0155034
9749.819698112946,8.0,2.0,1.3274265982835822,26.652727965570456,33959818.20787966
10029.277841480936,2.0,1.0,1.0862763367491497,27.940126489312906,21950990.37486018
9061.046599392645,8.0,3.0,1.1187928896873376,12.730301959387653,34890386.7301295
6898.087141940473,3.0,1.0,1.071468439530772,32.0550048588523,16434380.353576625
10721.2557552053,5.0,3.0,0.8435548557941992,26.708645019927793,31663211.47946924
8964.328568537632,2.0,3.0,1.272242076156415,7.699506578994612,35394482.99228349
12204.45687279103,7.0,1.0,0.8758470461851033,19.22300126104281,24634987.373440914
18023.529561721232,3.0,3.0,1.0367420061729862,29.032694801174436,54623229.65901361
19903.18269608192,7.0,3.0,1.0320937073646375,15.326817801606893,72107887.90375909
2127.619823728592,1.0,2.0,0.9680244752520428,17.446763217217942,5299877.639068902
8062.859369630023,5.0,2.0,1.041504275536651,24.888114818896284,22191590.979314383
4105.700197876104,2.0,3.0,1.1708054662294571,7.664426403476934,13996525.011837715
7431.137194155353,8.0,2.0,0.9868323873246271,35.00805121523752,20475343.782525085
6176.976559839406,4.0,1.0,0.9035071626189659,11.234430318291835,11757075.626574444
3986.020353559693,6.0,1.0,1.32162050630436,6.80015998938781,11617349.094023813
15423.075436373036,8.0,3.0,1.3824995899142811,6.159689461212608,73648718.48290907
10228.001610887175,5.0,2.0,1.0751502943257925,17.986631249981873,29023146.52041588
18433.36429501418,1.0,1.0,0.9962118274067515,32.52760096426133,34765404.33840578
1232.2933989920812,2.0,3.0,0.8284892466669377,30.59286237653787,3506858.6073931353
1899.3734547606045,2.0,1.0,0.822110924366032,33.36137394749085,3988228.365134451
8423.507508848676,8.0,1.0,1.0357291973872411,22.013469579866968,20599954.976082645
2157.38001583832,8.0,2.0,1.3581452109805794,19.46238701625493,8555266.298810296
5696.95417044777,4.0,1.0,1.2384251260409387,17.575829283203834,14944210.889631294
19728.977015686498,8.0,2.0,1.009561651322465,7.392542273739176,57228186.41567928
4653.816385201513,2.0,3.0,1.3808278551092363,33.28563768915461,20694877.271096192
4443.484183394559,6.0,3.0,1.0572547419534384,20.885282768541824,15098422.475447547
11728.628974636757,4.0,3.0,0.9660756463847875,19.652022931545304,35331059.92758654
10261.166841387241,2.0,1.0,1.0558119468346143,21.45502461042352,23041140.57951637
11860.50296573519,3.0,1.0,0.9269259361902997,29.824635543426012,22533482.29887835
7908.664397245806,4.0,3.0,1.3313832621204775,12.734132579476917,32557626.30002882
16639.189781961973,3.0,2.0,1.0167039862506142,27.297020369847697,43247765.523183405
3288.462697983779,2.0,3.0,1.1947813786965928,27.323092225620986,11522802.86738671
8910.817329324433,3.0,1.0,1.033428319296298,31.486583467745486,19774345.219626226
13981.379859815288,2.0,3.0,1.3410388507783775,6.2605079539161,54998012.8511771
17443.786941488255,8.0,2.0,1.185428451029378,11.111866297053961,59891688.28841101
7769.689163321099,4.0,3.0,1.0929511341687796,20.131405561342664,25261250.790311202
11614.264622418803,1.0,1.0,0.8792857815088031,31.516211623844352,20710064.09369671
1941.314933140873,5.0,2.0,1.3411499977113226,34.95350584883953,8175517.008457548
3904.1903093694814,8.0,3.0,1.1280901209630625,23.84605844038204,16620146.813505903
1941.280351842621,3.0,2.0,0.9710317837768505,12.364019262690604,5318481.828967803
14720.889304771325,7.0,2.0,1.3267561350900223,11.53754087473937,51642469.48952152
6188.363393209529,5.0,1.0,0.8326642564366448,25.18331861958802,11893176.31306763
14640.658629721653,6.0,3.0,0.988446150397743,12.302074411782138,45804157.911414765
1888.1266134395264,3.0,1.0,1.1220970407212885,22.592622717626586,4958450.574002522
17333.427327921512,1.0,2.0,1.0038886016259758,31.044357874317065,41224155.94238514
16809.285843355177,3.0,3.0,1.0860405532273147,17.6945894538627,51297559.87913469
2325.2176151754834,8.0,2.0,0.9585897513985904,17.354165692257876,6626837.646754721
1060.8762252694185,7.0,2.0,0.8780498545597384,7.084210106732213,2827481.3400324886
1692.002971850629,7.0,1.0,0.8221124831701111,13.622537352736646,3499776.756310523
17160.42535904664,8.0,2.0,0.8945879389472852,26.945743788578234,44673523.03860803
5153.247687606778,3.0,3.0,1.371767908414887,16.811737353965896,21761160.50260401
11236.50236644886,3.0,1.0,1.145241880002043,10.748967518697658,27047697.13834098
8869.1375416931,8.0,2.0,1.093376075166771,9.173032012809813,28159786.396998607
16033.19520883488,5.0,2.0,1.030594303583425,8.851601344521267,43362185.59783332
10084.627048531009,3.0,1.0,1.225052087590031,25.774002993536854,26025566.89024942
10312.820308828632,3.0,3.0,0.884755685543656,24.37864436380646,29860466.33607462
19788.383626298106,8.0,2.0,0.9656779205915981,21.55563016806255,54736061.339517556
3512.513400935588,1.0,1.0,1.1935412717982516,21.009793444774182,8715100.360766187
16715.65641167107,1.0,2.0,1.0874386187511367,10.594105580636148,44070878.49085195
1603.9450647153649,6.0,3.0,1.2620555233754531,21.018126742802618,6954609.803479059
9866.386129715633,1.0,3.0,1.338265906373992,7.798133298011397,37167211.03025501
17794.895584300655,2.0,2.0,1.2940235548223935,33.77575375808064,57970732.60274205
13505.150932719953,8.0,2.0,0.9105246285564392,7.740826620078205,34165039.17484752
13893.163615702979,4.0,3.0,0.8548821413161871,18.705905846817558,36641336.779552616
5708.35527577582,6.0,1.0,0.9016643603270291,6.017131692095167,11079911.104259996
8720.350952412213,4.0,1.0,1.2701184149601383,29.584513163497334,24060930.156104174
7711.67263188158,1.0,2.0,1.3482986536956263,10.985105656068901,25818503.625333145
10715.998277065088,2.0,2.0,1.3552693206223143,33.74748053465034,36260431.07820608
9567.221844787162,7.0,2.0,0.9789294736222673,7.319332435816936,23940841.8220882
6941.828026413594,1.0,1.0,1.304204826808135,30.623620036932806,18855030.23772894
6526.323880000699,5.0,3.0,1.1217413210132579,25.699134384467644,23706755.742063068
5466.546098109369,3.0,2.0,1.2936751090089242,13.492071566576715,17437150.238239773
7681.916589564314,3.0,3.0,1.1290189054280007,12.072588276917847,27067968.99617689
3508.864671920777,8.0,3.0,0.8875359318674709,16.73033800131067,10240328.018298823
17518.82345886933,5.0,3.0,0.8475317306438584,30.852086495260647,49297732.691092856
12281.11620156849,5.0,2.0,1.3743314895256038,31.858696450063665,45251169.59540714
3195.4566565207956,3.0,2.0,1.0554815338589474,11.258561385729774,7983886.23145824
14060.871083654627,4.0,1.0,1.0103123869383908,16.60344119052992,30409526.067043018
17044.72947916068,6.0,2.0,1.0137818508609862,13.124741517067616,46219771.806716114
5208.192037813823,1.0,3.0,1.0273606468852832,9.679285429136936,15146396.84186806
3521.65153014292,2.0,2.0,1.3669980967366029,25.39348162586784,12109301.801073669
767.1747883947899,5.0,1.0,0.8376227524419055,16.37613069706606,1778689.4379337481
1516.656573815811,5.0,1.0,0.8714367724293796,12.761521343290024,3092809.0389925675
15387.676157088124,1.0,2.0,1.2737909092891095,31.97993320505929,44288088.38621063
19751.41484160886,7.0,2.0,1.1296456948040832,28.449537927106995,65462254.994950876
1470.678256039766,5.0,3.0,0.8771220547765712,29.212834460890274,4727693.000721812
15112.576606149916,2.0,3.0,0.8206760820670018,7.175876735498404,35344289.552299485
1994.1260173146252,7.0,2.0,0.9345406089675364,33.45391347693199,5709948.373516525
12087.376803131136,8.0,2.0,0.9564864426261627,23.242151339227057,34207281.91832505
15267.860479107814,4.0,3.0,0.8085278177447852,21.114084140535564,36356577.61155562
7568.565306994111,3.0,1.0,0.929654323002316,6.317560380833434,14642513.10310927
812.1335895468765,3.0,2.0,1.2429913621714397,32.92986631302314,3288515.0137561895
12146.673431233263,5.0,2.0,1.3132602137822023,22.316714114580016,41773722.043802515
19830.14578591654,1.0,3.0,1.3389414978618306,30.75460387021606,73066109.69726843
5597.778003066817,4.0,3.0,1.033948419586126,25.665328822148812,17918136.35474287
4276.130777431987,1.0,2.0,0.9916482355421345,29.900808405326412,10928373.1537678
3004.1623194181902,1.0,2.0,1.3999165089247323,26.78795245673407,10864389.628604582
11371.95902606109,4.0,3.0,1.261604270552953,33.628917070074806,43388416.405085914
12171.034927589302,6.0,2.0,1.1224112485445326,12.76452559018649,37068237.37198755
15970.054241105805,8.0,1.0,0.9528628596136379,12.063003141987215,36417960.418274015
15209.621508237888,1.0,1.0,0.9927832717310628,27.37624685835366,28125386.883473188
17915.30499902469,2.0,3.0,1.1092186092976322,21.04184401750407,58562407.26963161
16231.990347840647,4.0,2.0,1.1252497518744504,23.9748351100461,45908204.69024097
5396.9814117412225,5.0,1.0,0.8082071865642068,27.25627407573681,9614979.164499912
11384.021654589766,8.0,3.0,1.3756400511628846,22.422845910000078,53556431.09363721
6369.792006415451,6.0,3.0,1.145363748410938,29.630803429985885,23606365.087908074
6997.836363299148,5.0,2.0,1.15349494664548,15.566020678075574,20643004.704023853
18679.72076306193,1.0,1.0,0.9268826802522916,31.769713307990763,36386863.26586935
13828.780558301227,1.0,3.0,1.2589923072807487,9.230290587768021,51684858.63543837
19507.054017071452,2.0,1.0,1.2423587120551056,25.020119308835604,45272404.00995272
8688.103212343643,6.0,2.0,0.8570947840428584,32.70397522580393,19689233.1871806
11026.288923067146,3.0,3.0,1.156996623355952,13.580823837051138,39430280.575538106
10050.039146378582,2.0,2.0,1.194916247197928,15.805040247717388,29596022.96720904
2681.3689159603023,6.0,1.0,1.3013409047443263,15.163253354782167,8516116.388596972
5192.018693816105,7.0,1.0,0.9236547073506264,22.927911353251012,11606663.328805698
10836.145395726953,4.0,2.0,1.3265808780838435,18.386154466954455,37996977.75217076
1907.0615195803211,8.0,3.0,1.0768886430245574,9.238778549847071,6817726.354601411
18670.361428592452,6.0,3.0,0.8579141715833869,32.7386166526938,53200423.52143689
3002.567429701394,6.0,1.0,0.8633727329065256,12.140298874760223,5684746.442319942
4440.826480487998,7.0,1.0,0.9186826722039018,22.022400329655888,10205709.318192726
15447.23174440955,2.0,3.0,0.9696504235911851,23.844146878117844,45100702.134706914
2480.530110712686,7.0,1.0,1.0978434826758798,7.222555309426251,6079973.605082693
18065.395132538943,8.0,1.0,1.2492507186467359,8.871369829630117,53602704.75857017
14678.598832017191,8.0,2.0,0.9120355412116594,35.15069131288655,42094962.067157805
1931.2446279118626,5.0,2.0,1.3955910766997217,25.935370204481472,7696204.267011601
14021.832988941665,7.0,1.0,0.8969131590621876,7.006955311392808,29002453.690572955
12853.593718123566,8.0,1.0,1.1596267806332885,29.825976619589962,34294789.91000776
15292.578995154421,7.0,1.0,1.3573642615228039,21.256284278324564,47241061.95085941
16667.038338293118,8.0,2.0,1.2995044537260962,8.255987162354268,57589668.12361289
14536.000925559209,7.0,1.0,1.188733520997896,26.42256294143374,39408854.631618425
11971.820128256855,4.0,1.0,1.229295798074539,20.980554176054056,31429521.88175436
6855.788380486487,6.0,2.0,0.8805233760232186,12.147594033327696,17797462.11287574
14127.109039500625,4.0,1.0,0.805797832256149,32.331068162664586,22899744.705651417
19165.24874183712,7.0,1.0,1.0604892706162237,14.741395749007625,45430094.9007389
11997.922542260161,7.0,2.0,0.8537113558029819,14.536699063599233,30108771.80078809
13488.290447624526,8.0,1.0,1.0146515371476945,14.183207453768361,31405745.61074894
9080.284018676133,5.0,2.0,0.9342456761418425,29.023673312671537,22962816.852757525
15268.743709015644,4.0,2.0,1.3498080334284457,27.183560111415964,52058119.16498906
19954.747411369535,2.0,2.0,1.3280335994048345,33.09437056411072,63555995.29056661
3711.5528869140803,6.0,2.0,1.291365709118605,12.880176587528393,12294375.085087698
4526.662422372989,5.0,3.0,1.2283665790483924,29.59093786628425,17714275.393730886
11065.092518089155,5.0,1.0,0.8924431574624162,23.19136729584288,20900389.05294718
9938.68270687617,6.0,1.0,0.829020455719491,15.260388289580035,18543774.389153946
11688.453819430344,7.0,1.0,1.1923327147128155,7.063623972232519,30439017.04026659
1552.0365258508969,2.0,3.0,1.1853548823050595,30.568426495533302,6020717.100865037
8442.96325281071,4.0,3.0,1.0216545708526885,13.23214114540069,26274067.95431039
11909.77828407188,6.0,3.0,1.0836119998613583,24.952291086447584,41921396.89580143
11952.712215316276,7.0,2.0,1.0934896329427937,22.466038081794377,35860808.475171864
13352.278858306447,7.0,2.0,0.9439568796479039,6.133486159403517,33456344.114706066
14572.190962651677,7.0,2.0,0.9884999671445516,35.83030889819287,40791946.86994992
13046.015744812617,7.0,1.0,1.051033732798101,30.42988067400386,32854897.382882223
15930.71721455504,8.0,2.0,1.1619074179469537,20.594138119100464,52983979.72251019
12720.356312881078,5.0,2.0,1.3734915236104355,26.410241107271492,45643286.599553
11027.648653221768,2.0,1.0,1.123090765711424,20.29782709772318,25137627.80425367
12360.21072042353,5.0,3.0,1.2386983457259209,28.337588138361923,44711870.9545482
2563.1513150146475,6.0,3.0,1.2842006614373318,10.029856374566823,10744194.127713988
5899.236890075088,1.0,1.0,0.8681048727851322,19.39052985702091,10303333.299506508
10831.555744767746,7.0,3.0,1.1918748005323645,16.0661153121858,41118851.26557119
17535.951978793117,5.0,1.0,1.0892664321526546,19.789657304821045,40219588.14867817
13773.600191987065,8.0,3.0,1.1434585653487352,19.514179585810925,52355673.26979915
2353.916722354813,2.0,3.0,0.8230501614614268,10.29281849337583,6151817.5608848855
12090.134038621445,8.0,1.0,1.343729441928431,35.29465712127087,39770263.59530048
4901.71696015972,4.0,2.0,1.37167048974527,6.4647642836438415,16858355.86493945
14839.921259901224,5.0,1.0,0.8020891542107671,6.302188344521966,25156997.714695934
16652.352538669697,6.0,3.0,0.9276749552249065,17.203239556009734,48975741.6183963
12113.051688245483,5.0,1.0,0.90811650422537,24.611290480404527,24994392.91830832
12072.434629183168,8.0,1.0,1.2687827103679108,11.389596804447848,35586418.890303746
7168.6739982897925,2.0,1.0,1.1588480354670923,21.99582011712483,17217988.68328288
9257.250410529403,6.0,1.0,0.9064001979780391,27.683159038904368,19509029.020262383
17363.702064017703,8.0,1.0,1.288382573191316,8.821818271204535,50250213.917220615
14632.414420762836,2.0,2.0,1.012084923083449,35.532672240478,39355020.73045622
10683.220998099356,3.0,2.0,1.0765141257758613,16.10101943217883,29382083.425268162
7743.708293218397,4.0,2.0,1.0323839631923872,25.27246241361747,20529785.853897315
1577.3669227979544,6.0,1.0,1.1128281238647377,9.321595745597271,4046300.916149614
3374.3435857318714,8.0,1.0,1.0880854812972351,27.28459166163979,9542765.5981874
4344.68867706379,7.0,3.0,0.9647504015974656,31.21369041187458,14271224.590481933
7843.64073921829,7.0,1.0,1.0547336224963042,9.158554269918671,19494405.84112009
18916.386753279727,4.0,1.0,1.34500228991258,9.775894631101988,52238211.62091176
10399.975860259725,6.0,2.0,1.101736481887547,14.43142243161683,30338940.573257368
5155.899167229083,2.0,1.0,1.3498318462534251,6.3580744612598785,14440652.959357057
2651.552666753373,4.0,2.0,1.1300762286907786,35.5815388301169,8319036.9928445965
7163.127177297502,2.0,3.0,1.2612903759584952,23.95152224857949,27879717.685345914
16425.174329690504,1.0,1.0,0.9761547857958277,24.227683498906366,32319308.992490277
8036.8501921638535,7.0,3.0,1.2742480940266447,34.76886508954908,33230655.830883093
15586.612636834821,7.0,2.0,0.9585929677909913,30.960877629582814,41891724.11482715
16172.47653686145,5.0,2.0,0.8117299829857838,30.427287929050483,34640313.8076502
2749.92293215486,1.0,2.0,0.8964373659066158,16.18507109704877,6409182.085740693
12407.999200959604,1.0,2.0,0.8129917250192221,16.045901803939365,26469842.654486503
19206.46362939955,1.0,1.0,1.3682375851348572,14.752138794379405,50847538.97907664
8401.478653128946,6.0,1.0,1.3999862122506164,16.4008728532896,26772480.037241053
1588.315326658632,2.0,3.0,1.2573381581717122,17.085262840795515,6267133.254062506
18512.072191002844,3.0,1.0,0.8648768982509526,10.2001106694178,33068628.05618463
17743.12586250617,7.0,3.0,1.3393672761995896,16.678435881062807,77787855.81902942
10729.544075854636,8.0,2.0,1.2462657099596626,19.40241105734183,36883795.30263736
11313.710534673786,7.0,3.0,0.9993467092412527,15.280420162399757,37940357.4202516
4707.777393856823,3.0,2.0,1.1013667470853592,10.960409044726433,13186108.98184259
16497.344657565962,5.0,2.0,1.1970556047571814,17.20231194535493,50662961.018576816
10272.840744807252,2.0,2.0,0.8144302854039628,20.427233196493077,21947951.818391964
